category,item,variety,date,price,unit
fruit,apples,bramleys_seedling,3/17/2025,1.35,kg
fruit,apples,coxs_orange_group,3/17/2025,1.26,kg
fruit,apples,braeburn,3/17/2025,1.17,kg
fruit,apples,gala,3/17/2025,1.24,kg
fruit,apples,other_mid_season,3/17/2025,1.37,kg
fruit,apples,other_late_season,3/17/2025,1.67,kg
fruit,pears,conference,3/17/2025,1.25,kg
vegetable,asparagus,asparagus,3/17/2025,18.58,kg
vegetable,beetroot,beetroot,3/17/2025,0.65,kg
vegetable,brussels_sprouts,brussels_sprouts,3/17/2025,1.14,kg
vegetable,pak_choi,pak_choi,3/17/2025,3.52,kg
vegetable,curly_kale,curly_kale,3/17/2025,4.01,kg
vegetable,cabbage,red,3/17/2025,0.63,kg
vegetable,cabbage,savoy,3/17/2025,0.67,head
vegetable,spring_greens,prepacked,3/17/2025,1.96,kg
vegetable,cabbage,white,3/17/2025,0.54,kg
vegetable,cabbage,round_green_other,3/17/2025,0.62,head
vegetable,carrots,topped_washed,3/17/2025,0.45,kg
vegetable,cauliflower,all,3/17/2025,0.8,head
vegetable,celeriac,celeriac,3/17/2025,0.81,kg
vegetable,cucumbers,cucumbers,3/17/2025,1.11,kg
vegetable,leeks,trimmed,3/17/2025,1.58,kg
vegetable,lettuce,butterhead_indoor,3/17/2025,0.48,head
vegetable,lettuce,little_gem,3/17/2025,0.96,twin
vegetable,onion,bulb_brown,3/17/2025,0.45,kg
vegetable,onion,bulb_red,3/17/2025,0.69,kg
vegetable,swede,swede,3/17/2025,0.27,kg
vegetable,turnip,turnip,3/17/2025,1.43,kg
vegetable,parsnips,all_varieties,3/17/2025,1.02,kg
vegetable,rhubarb,forced,3/17/2025,6.83,kg
vegetable,rhubarb,outdoor,3/17/2025,3.4,kg
cut_flowers,tulips,tulips,3/17/2025,0.37,stem
fruit,apples,bramleys_seedling,3/3/2025,1.38,kg
fruit,apples,coxs_orange_group,3/3/2025,1.32,kg
fruit,apples,egremont_russet,3/3/2025,1.2,kg
fruit,apples,braeburn,3/3/2025,1.19,kg
fruit,apples,gala,3/3/2025,1.24,kg
fruit,apples,other_mid_season,3/3/2025,1.1,kg
fruit,apples,other_late_season,3/3/2025,2.08,kg
fruit,pears,conference,3/3/2025,1.27,kg
vegetable,asparagus,asparagus,3/3/2025,19.37,kg
vegetable,beetroot,beetroot,3/3/2025,0.66,kg
vegetable,brussels_sprouts,brussels_sprouts,3/3/2025,1.16,kg
vegetable,pak_choi,pak_choi,3/3/2025,3.58,kg
vegetable,curly_kale,curly_kale,3/3/2025,4.51,kg
vegetable,cabbage,red,3/3/2025,0.6,kg
vegetable,cabbage,savoy,3/3/2025,0.71,head
vegetable,spring_greens,prepacked,3/3/2025,1.8,kg
vegetable,cabbage,white,3/3/2025,0.51,kg
vegetable,cabbage,round_green_other,3/3/2025,0.66,head
vegetable,carrots,topped_washed,3/3/2025,0.43,kg
vegetable,cauliflower,all,3/3/2025,0.85,head
vegetable,celeriac,celeriac,3/3/2025,0.79,kg
vegetable,leeks,trimmed,3/3/2025,1.48,kg
vegetable,lettuce,butterhead_indoor,3/3/2025,0.55,head
vegetable,lettuce,little_gem,3/3/2025,0.9,twin
vegetable,onion,bulb_brown,3/3/2025,0.48,kg
vegetable,onion,bulb_red,3/3/2025,0.66,kg
vegetable,swede,swede,3/3/2025,0.29,kg
vegetable,turnip,turnip,3/3/2025,1.7,kg
vegetable,parsnips,all_varieties,3/3/2025,1.02,kg
vegetable,rhubarb,forced,3/3/2025,7.24,kg
cut_flowers,tulips,tulips,3/3/2025,0.37,stem
fruit,apples,bramleys_seedling,2/17/2025,1.34,kg
fruit,apples,coxs_orange_group,2/17/2025,1.3,kg
fruit,apples,egremont_russet,2/17/2025,1.36,kg
fruit,apples,braeburn,2/17/2025,1.23,kg
fruit,apples,gala,2/17/2025,1.23,kg
fruit,apples,other_late_season,2/17/2025,1.21,kg
fruit,pears,conference,2/17/2025,1.36,kg
vegetable,beetroot,beetroot,2/17/2025,0.7,kg
vegetable,brussels_sprouts,brussels_sprouts,2/17/2025,1.17,kg
vegetable,pak_choi,pak_choi,2/17/2025,3.62,kg
vegetable,curly_kale,curly_kale,2/17/2025,4.44,kg
vegetable,cabbage,red,2/17/2025,0.59,kg
vegetable,cabbage,savoy,2/17/2025,0.66,head
vegetable,spring_greens,prepacked,2/17/2025,1.95,kg
vegetable,cabbage,white,2/17/2025,0.51,kg
vegetable,cabbage,round_green_other,2/17/2025,0.67,head
vegetable,carrots,topped_washed,2/17/2025,0.49,kg
vegetable,cauliflower,all,2/17/2025,1.09,head
vegetable,celeriac,celeriac,2/17/2025,0.83,kg
vegetable,cucumbers,cucumbers,2/17/2025,1.29,kg
vegetable,leeks,trimmed,2/17/2025,1.49,kg
vegetable,lettuce,butterhead_indoor,2/17/2025,0.52,head
vegetable,lettuce,little_gem,2/17/2025,0.86,twin
vegetable,onion,bulb_brown,2/17/2025,0.57,kg
vegetable,onion,bulb_red,2/17/2025,0.7,kg
vegetable,swede,swede,2/17/2025,0.31,kg
vegetable,turnip,turnip,2/17/2025,1.43,kg
vegetable,parsnips,all_varieties,2/17/2025,1.01,kg
vegetable,rhubarb,forced,2/17/2025,6.48,kg
cut_flowers,tulips,tulips,2/17/2025,0.48,stem
fruit,apples,bramleys_seedling,2/3/2025,1.36,kg
fruit,apples,coxs_orange_group,2/3/2025,1.36,kg
fruit,apples,egremont_russet,2/3/2025,1.38,kg
fruit,apples,braeburn,2/3/2025,1.19,kg
fruit,apples,gala,2/3/2025,1.24,kg
fruit,apples,other_late_season,2/3/2025,1.82,kg
fruit,pears,conference,2/3/2025,1.31,kg
vegetable,beetroot,beetroot,2/3/2025,0.69,kg
vegetable,brussels_sprouts,brussels_sprouts,2/3/2025,1.18,kg
vegetable,pak_choi,pak_choi,2/3/2025,3.62,kg
vegetable,curly_kale,curly_kale,2/3/2025,4.47,kg
vegetable,cabbage,red,2/3/2025,0.57,kg
vegetable,cabbage,savoy,2/3/2025,0.67,head
vegetable,spring_greens,prepacked,2/3/2025,1.76,kg
vegetable,cabbage,white,2/3/2025,0.5,kg
vegetable,cabbage,round_green_other,2/3/2025,0.69,head
vegetable,carrots,topped_washed,2/3/2025,0.44,kg
vegetable,cauliflower,all,2/3/2025,1.56,head
vegetable,celeriac,celeriac,2/3/2025,0.86,kg
vegetable,chinese_leaf,chinese_leaf,2/3/2025,1.19,kg
vegetable,cucumbers,cucumbers,2/3/2025,1.23,kg
vegetable,leeks,trimmed,2/3/2025,1.58,kg
vegetable,lettuce,butterhead_indoor,2/3/2025,0.55,head
vegetable,lettuce,little_gem,2/3/2025,0.88,twin
vegetable,onion,bulb_brown,2/3/2025,0.49,kg
vegetable,onion,bulb_red,2/3/2025,0.72,kg
vegetable,swede,swede,2/3/2025,0.32,kg
vegetable,turnip,turnip,2/3/2025,1.6,kg
vegetable,parsnips,all_varieties,2/3/2025,1.05,kg
vegetable,rhubarb,forced,2/3/2025,6.48,kg
cut_flowers,tulips,tulips,2/3/2025,0.43,stem
fruit,apples,bramleys_seedling,1/20/2025,1.35,kg
fruit,apples,coxs_orange_group,1/20/2025,1.27,kg
fruit,apples,egremont_russet,1/20/2025,1.44,kg
fruit,apples,braeburn,1/20/2025,1.19,kg
fruit,apples,gala,1/20/2025,1.16,kg
fruit,pears,conference,1/20/2025,1.3,kg
vegetable,beetroot,beetroot,1/20/2025,0.68,kg
vegetable,brussels_sprouts,brussels_sprouts,1/20/2025,1.13,kg
vegetable,pak_choi,pak_choi,1/20/2025,3.64,kg
vegetable,curly_kale,curly_kale,1/20/2025,4.41,kg
vegetable,cabbage,red,1/20/2025,0.54,kg
vegetable,cabbage,savoy,1/20/2025,0.67,head
vegetable,spring_greens,prepacked,1/20/2025,1.86,kg
vegetable,cabbage,white,1/20/2025,0.5,kg
vegetable,cabbage,round_green_other,1/20/2025,0.65,head
vegetable,carrots,topped_washed,1/20/2025,0.45,kg
vegetable,cauliflower,all,1/20/2025,1.34,head
vegetable,celeriac,celeriac,1/20/2025,0.88,kg
vegetable,chinese_leaf,chinese_leaf,1/20/2025,1.19,kg
vegetable,cucumbers,cucumbers,1/20/2025,1.47,kg
vegetable,leeks,trimmed,1/20/2025,1.57,kg
vegetable,lettuce,butterhead_indoor,1/20/2025,0.54,head
vegetable,lettuce,little_gem,1/20/2025,0.9,twin
vegetable,onion,bulb_brown,1/20/2025,0.48,kg
vegetable,onion,bulb_red,1/20/2025,0.71,kg
vegetable,swede,swede,1/20/2025,0.32,kg
vegetable,turnip,turnip,1/20/2025,1.55,kg
vegetable,parsnips,all_varieties,1/20/2025,1.11,kg
vegetable,rhubarb,forced,1/20/2025,6.44,kg
cut_flowers,tulips,tulips,1/20/2025,0.43,stem
fruit,apples,bramleys_seedling,12/20/2024,1.29,kg
fruit,apples,coxs_orange_group,12/20/2024,1.21,kg
fruit,apples,egremont_russet,12/20/2024,1.45,kg
fruit,apples,braeburn,12/20/2024,1.2,kg
fruit,apples,gala,12/20/2024,1.2,kg
fruit,apples,other_late_season,12/20/2024,1.25,kg
fruit,pears,conference,12/20/2024,1.14,kg
fruit,pears,doyenne_du_comice,12/20/2024,0.85,kg
vegetable,beetroot,beetroot,12/20/2024,0.68,kg
vegetable,brussels_sprouts,brussels_sprouts,12/20/2024,1.13,kg
vegetable,pak_choi,pak_choi,12/20/2024,3.38,kg
vegetable,curly_kale,curly_kale,12/20/2024,4.27,kg
vegetable,cabbage,red,12/20/2024,0.57,kg
vegetable,cabbage,savoy,12/20/2024,0.66,head
vegetable,spring_greens,prepacked,12/20/2024,1.49,kg
vegetable,cabbage,white,12/20/2024,0.51,kg
vegetable,cabbage,round_green_other,12/20/2024,0.64,head
vegetable,carrots,topped_washed,12/20/2024,0.47,kg
vegetable,cauliflower,all,12/20/2024,1.18,head
vegetable,celeriac,celeriac,12/20/2024,0.86,kg
vegetable,chinese_leaf,chinese_leaf,12/20/2024,1.26,kg
vegetable,cucumbers,cucumbers,12/20/2024,1.17,kg
vegetable,leeks,trimmed,12/20/2024,1.55,kg
vegetable,lettuce,butterhead_indoor,12/20/2024,0.52,head
vegetable,lettuce,little_gem,12/20/2024,0.86,twin
vegetable,onion,bulb_brown,12/20/2024,0.52,kg
vegetable,onion,bulb_red,12/20/2024,0.66,kg
vegetable,swede,swede,12/20/2024,0.32,kg
vegetable,turnip,turnip,12/20/2024,1.37,kg
vegetable,parsnips,all_varieties,12/20/2024,1.18,kg
vegetable,tomatoes,vine,12/20/2024,1.01,kg
cut_flowers,tulips,tulips,12/20/2024,0.41,stem
fruit,apples,bramleys_seedling,12/13/2024,1.29,kg
fruit,apples,coxs_orange_group,12/13/2024,1.19,kg
fruit,apples,egremont_russet,12/13/2024,1.35,kg
fruit,apples,braeburn,12/13/2024,1.15,kg
fruit,apples,gala,12/13/2024,1.17,kg
fruit,apples,other_late_season,12/13/2024,1.2,kg
fruit,pears,conference,12/13/2024,1.14,kg
fruit,pears,doyenne_du_comice,12/13/2024,0.85,kg
fruit,strawberries,strawberries,12/13/2024,4.8,kg
vegetable,beetroot,beetroot,12/13/2024,0.65,kg
vegetable,brussels_sprouts,brussels_sprouts,12/13/2024,1.08,kg
vegetable,pak_choi,pak_choi,12/13/2024,3.4,kg
vegetable,curly_kale,curly_kale,12/13/2024,4.29,kg
vegetable,cabbage,red,12/13/2024,0.58,kg
vegetable,cabbage,savoy,12/13/2024,0.65,head
vegetable,spring_greens,prepacked,12/13/2024,1.4,kg
vegetable,cabbage,summer_autumn_pointed,12/13/2024,0.6,kg
vegetable,cabbage,white,12/13/2024,0.51,kg
vegetable,cabbage,round_green_other,12/13/2024,0.66,head
vegetable,carrots,topped_washed,12/13/2024,0.48,kg
vegetable,cauliflower,all,12/13/2024,0.93,head
vegetable,celeriac,celeriac,12/13/2024,0.89,kg
vegetable,chinese_leaf,chinese_leaf,12/13/2024,1.19,kg
vegetable,leeks,trimmed,12/13/2024,1.6,kg
vegetable,lettuce,butterhead_indoor,12/13/2024,0.51,head
vegetable,lettuce,little_gem,12/13/2024,0.89,twin
vegetable,onion,bulb_brown,12/13/2024,0.55,kg
vegetable,onion,bulb_red,12/13/2024,0.65,kg
vegetable,swede,swede,12/13/2024,0.32,kg
vegetable,turnip,turnip,12/13/2024,1.39,kg
vegetable,parsnips,all_varieties,12/13/2024,1.2,kg
vegetable,tomatoes,vine,12/13/2024,1.06,kg
fruit,apples,bramleys_seedling,12/6/2024,1.32,kg
fruit,apples,coxs_orange_group,12/6/2024,1.2,kg
fruit,apples,egremont_russet,12/6/2024,1.38,kg
fruit,apples,braeburn,12/6/2024,1.14,kg
fruit,apples,gala,12/6/2024,1.2,kg
fruit,apples,other_late_season,12/6/2024,1.19,kg
fruit,pears,conference,12/6/2024,1.13,kg
fruit,pears,doyenne_du_comice,12/6/2024,0.85,kg
fruit,strawberries,strawberries,12/6/2024,3.71,kg
vegetable,beetroot,beetroot,12/6/2024,0.67,kg
vegetable,brussels_sprouts,brussels_sprouts,12/6/2024,1.04,kg
vegetable,pak_choi,pak_choi,12/6/2024,4.4,kg
vegetable,curly_kale,curly_kale,12/6/2024,4.28,kg
vegetable,cabbage,red,12/6/2024,0.57,kg
vegetable,cabbage,savoy,12/6/2024,0.67,head
vegetable,spring_greens,prepacked,12/6/2024,1.37,kg
vegetable,cabbage,summer_autumn_pointed,12/6/2024,0.6,kg
vegetable,cabbage,white,12/6/2024,0.51,kg
vegetable,cabbage,round_green_other,12/6/2024,0.64,head
vegetable,carrots,topped_washed,12/6/2024,0.48,kg
vegetable,cauliflower,all,12/6/2024,0.83,head
vegetable,celery,all_washed,12/6/2024,0.92,kg
vegetable,celeriac,celeriac,12/6/2024,0.85,kg
vegetable,chinese_leaf,chinese_leaf,12/6/2024,1.26,kg
vegetable,leeks,trimmed,12/6/2024,1.52,kg
vegetable,lettuce,butterhead_indoor,12/6/2024,0.5,head
vegetable,lettuce,little_gem,12/6/2024,0.94,twin
vegetable,onion,bulb_brown,12/6/2024,0.52,kg
vegetable,onion,bulb_red,12/6/2024,0.62,kg
vegetable,swede,swede,12/6/2024,0.32,kg
vegetable,turnip,turnip,12/6/2024,1.47,kg
vegetable,parsnips,all_varieties,12/6/2024,1.14,kg
vegetable,tomatoes,vine,12/6/2024,1.33,kg
fruit,apples,bramleys_seedling,11/29/2024,1.32,kg
fruit,apples,coxs_orange_group,11/29/2024,1.2,kg
fruit,apples,egremont_russet,11/29/2024,1.34,kg
fruit,apples,braeburn,11/29/2024,1.17,kg
fruit,apples,gala,11/29/2024,1.23,kg
fruit,apples,other_late_season,11/29/2024,1.11,kg
fruit,pears,conference,11/29/2024,1.11,kg
fruit,pears,doyenne_du_comice,11/29/2024,1.4,kg
fruit,pears,other,11/29/2024,1.13,kg
fruit,strawberries,strawberries,11/29/2024,3.71,kg
vegetable,beetroot,beetroot,11/29/2024,0.64,kg
vegetable,brussels_sprouts,brussels_sprouts,11/29/2024,0.95,kg
vegetable,pak_choi,pak_choi,11/29/2024,4.49,kg
vegetable,curly_kale,curly_kale,11/29/2024,4.31,kg
vegetable,cabbage,red,11/29/2024,0.58,kg
vegetable,cabbage,savoy,11/29/2024,0.68,head
vegetable,spring_greens,prepacked,11/29/2024,1.41,kg
vegetable,cabbage,summer_autumn_pointed,11/29/2024,0.6,kg
vegetable,cabbage,white,11/29/2024,0.54,kg
vegetable,cabbage,round_green_other,11/29/2024,0.62,head
vegetable,calabrese,calabrese,11/29/2024,1.12,kg
vegetable,carrots,topped_washed,11/29/2024,0.48,kg
vegetable,cauliflower,all,11/29/2024,0.78,head
vegetable,celery,all_washed,11/29/2024,0.92,kg
vegetable,celeriac,celeriac,11/29/2024,0.85,kg
vegetable,chinese_leaf,chinese_leaf,11/29/2024,1.28,kg
vegetable,leeks,trimmed,11/29/2024,1.53,kg
vegetable,lettuce,butterhead_indoor,11/29/2024,0.49,head
vegetable,lettuce,little_gem,11/29/2024,0.87,twin
vegetable,onion,bulb_brown,11/29/2024,0.53,kg
vegetable,onion,bulb_red,11/29/2024,0.64,kg
vegetable,swede,swede,11/29/2024,0.31,kg
vegetable,turnip,turnip,11/29/2024,1.26,kg
vegetable,parsnips,all_varieties,11/29/2024,1.05,kg
vegetable,tomatoes,vine,11/29/2024,1.53,kg
fruit,apples,bramleys_seedling,11/22/2024,1.3,kg
fruit,apples,coxs_orange_group,11/22/2024,1.17,kg
fruit,apples,egremont_russet,11/22/2024,1.62,kg
fruit,apples,braeburn,11/22/2024,1.17,kg
fruit,apples,gala,11/22/2024,1.21,kg
fruit,apples,other_late_season,11/22/2024,1.11,kg
fruit,pears,conference,11/22/2024,1.17,kg
fruit,pears,doyenne_du_comice,11/22/2024,1.4,kg
fruit,pears,other,11/22/2024,1.13,kg
fruit,strawberries,strawberries,11/22/2024,3.71,kg
vegetable,beetroot,beetroot,11/22/2024,0.62,kg
vegetable,brussels_sprouts,brussels_sprouts,11/22/2024,0.97,kg
vegetable,pak_choi,pak_choi,11/22/2024,3.48,kg
vegetable,curly_kale,curly_kale,11/22/2024,4.38,kg
vegetable,cabbage,red,11/22/2024,0.54,kg
vegetable,cabbage,savoy,11/22/2024,0.63,head
vegetable,spring_greens,prepacked,11/22/2024,1.41,kg
vegetable,cabbage,summer_autumn_pointed,11/22/2024,0.65,kg
vegetable,cabbage,white,11/22/2024,0.5,kg
vegetable,cabbage,round_green_other,11/22/2024,0.61,head
vegetable,calabrese,calabrese,11/22/2024,1.23,kg
vegetable,carrots,topped_washed,11/22/2024,0.49,kg
vegetable,cauliflower,all,11/22/2024,0.67,head
vegetable,celery,all_washed,11/22/2024,0.92,kg
vegetable,celeriac,celeriac,11/22/2024,0.79,kg
vegetable,chinese_leaf,chinese_leaf,11/22/2024,1.21,kg
vegetable,cucumbers,cucumbers,11/22/2024,0.82,kg
vegetable,leeks,trimmed,11/22/2024,1.56,kg
vegetable,lettuce,butterhead_indoor,11/22/2024,0.48,head
vegetable,lettuce,little_gem,11/22/2024,0.92,twin
vegetable,onion,bulb_brown,11/22/2024,0.52,kg
vegetable,onion,bulb_red,11/22/2024,0.64,kg
vegetable,swede,swede,11/22/2024,0.33,kg
vegetable,turnip,turnip,11/22/2024,1.47,kg
vegetable,parsnips,all_varieties,11/22/2024,0.99,kg
vegetable,spinach_leaf,loose_bunches,11/22/2024,2.44,kg
vegetable,tomatoes,round,11/22/2024,1.55,kg
fruit,apples,bramleys_seedling,11/15/2024,1.26,kg
fruit,apples,coxs_orange_group,11/15/2024,1.15,kg
fruit,apples,egremont_russet,11/15/2024,1.36,kg
fruit,apples,braeburn,11/15/2024,1.22,kg
fruit,apples,gala,11/15/2024,1.22,kg
fruit,apples,other_late_season,11/15/2024,1.07,kg
fruit,blackberries,blackberries,11/15/2024,12,kg
fruit,pears,conference,11/15/2024,1.11,kg
fruit,pears,doyenne_du_comice,11/15/2024,1.38,kg
fruit,pears,other,11/15/2024,1.05,kg
vegetable,beetroot,beetroot,11/15/2024,0.63,kg
vegetable,brussels_sprouts,brussels_sprouts,11/15/2024,0.94,kg
vegetable,pak_choi,pak_choi,11/15/2024,3.41,kg
vegetable,curly_kale,curly_kale,11/15/2024,4.26,kg
vegetable,cabbage,red,11/15/2024,0.54,kg
vegetable,cabbage,savoy,11/15/2024,0.67,head
vegetable,spring_greens,prepacked,11/15/2024,1.36,kg
vegetable,cabbage,summer_autumn_pointed,11/15/2024,0.89,kg
vegetable,cabbage,white,11/15/2024,0.53,kg
vegetable,cabbage,round_green_other,11/15/2024,0.61,head
vegetable,calabrese,calabrese,11/15/2024,1.49,kg
vegetable,carrots,topped_washed,11/15/2024,0.47,kg
vegetable,cauliflower,all,11/15/2024,0.64,head
vegetable,celery,all_washed,11/15/2024,1.05,kg
vegetable,celeriac,celeriac,11/15/2024,0.84,kg
vegetable,chinese_leaf,chinese_leaf,11/15/2024,1.3,kg
vegetable,coriander,coriander,11/15/2024,5.39,kg
vegetable,leeks,trimmed,11/15/2024,1.54,kg
vegetable,lettuce,butterhead_indoor,11/15/2024,0.47,head
vegetable,lettuce,cos,11/15/2024,0.75,head
vegetable,lettuce,little_gem,11/15/2024,0.94,twin
vegetable,onion,bulb_brown,11/15/2024,0.52,kg
vegetable,onion,bulb_red,11/15/2024,0.65,kg
vegetable,swede,swede,11/15/2024,0.33,kg
vegetable,turnip,turnip,11/15/2024,1.51,kg
vegetable,parsnips,all_varieties,11/15/2024,1.06,kg
vegetable,spinach_leaf,loose_bunches,11/15/2024,2.44,kg
vegetable,tomatoes,round,11/15/2024,1.2,kg
vegetable,tomatoes,vine,11/15/2024,4.25,kg
fruit,apples,bramleys_seedling,11/8/2024,1.25,kg
fruit,apples,coxs_orange_group,11/8/2024,1.11,kg
fruit,apples,egremont_russet,11/8/2024,1.3,kg
fruit,apples,braeburn,11/8/2024,1.31,kg
fruit,apples,gala,11/8/2024,1.15,kg
fruit,apples,other_mid_season,11/8/2024,0.81,kg
fruit,apples,other_late_season,11/8/2024,0.95,kg
fruit,blackberries,blackberries,11/8/2024,13.3,kg
fruit,pears,conference,11/8/2024,1.17,kg
fruit,pears,doyenne_du_comice,11/8/2024,1.5,kg
fruit,raspberries,raspberries,11/8/2024,6.8,kg
fruit,strawberries,strawberries,11/8/2024,3.91,kg
vegetable,beetroot,beetroot,11/8/2024,0.65,kg
vegetable,brussels_sprouts,brussels_sprouts,11/8/2024,0.93,kg
vegetable,pak_choi,pak_choi,11/8/2024,3.5,kg
vegetable,curly_kale,curly_kale,11/8/2024,4.18,kg
vegetable,cabbage,red,11/8/2024,0.55,kg
vegetable,cabbage,savoy,11/8/2024,0.64,head
vegetable,spring_greens,prepacked,11/8/2024,1.33,kg
vegetable,cabbage,summer_autumn_pointed,11/8/2024,0.82,kg
vegetable,cabbage,white,11/8/2024,0.53,kg
vegetable,cabbage,round_green_other,11/8/2024,0.62,head
vegetable,calabrese,calabrese,11/8/2024,1.51,kg
vegetable,capsicum,green,11/8/2024,0.86,kg
vegetable,capsicum,red,11/8/2024,0.8,kg
vegetable,capsicum,elongated,11/8/2024,1.8,kg
vegetable,carrots,topped_washed,11/8/2024,0.47,kg
vegetable,cauliflower,all,11/8/2024,0.66,head
vegetable,celery,all_washed,11/8/2024,1.08,kg
vegetable,celeriac,celeriac,11/8/2024,0.84,kg
vegetable,chinese_leaf,chinese_leaf,11/8/2024,1.22,kg
vegetable,coriander,coriander,11/8/2024,4.62,kg
vegetable,leeks,trimmed,11/8/2024,1.55,kg
vegetable,lettuce,butterhead_indoor,11/8/2024,0.46,head
vegetable,lettuce,cos,11/8/2024,0.85,head
vegetable,lettuce,little_gem,11/8/2024,0.9,twin
vegetable,onion,bulb_brown,11/8/2024,0.51,kg
vegetable,onion,bulb_red,11/8/2024,0.66,kg
vegetable,swede,swede,11/8/2024,0.32,kg
vegetable,turnip,turnip,11/8/2024,1.29,kg
vegetable,parsnips,all_varieties,11/8/2024,1.05,kg
vegetable,rhubarb,outdoor,11/8/2024,3.06,kg
vegetable,spinach_leaf,loose_bunches,11/8/2024,2.6,kg
vegetable,tomatoes,round,11/8/2024,1.08,kg
fruit,apples,bramleys_seedling,11/1/2024,1.22,kg
fruit,apples,coxs_orange_group,11/1/2024,1.23,kg
fruit,apples,egremont_russet,11/1/2024,1.34,kg
fruit,apples,braeburn,11/1/2024,1.33,kg
fruit,apples,gala,11/1/2024,1.16,kg
fruit,apples,other_mid_season,11/1/2024,1.28,kg
fruit,apples,other_late_season,11/1/2024,1,kg
fruit,blackberries,blackberries,11/1/2024,12.13,kg
fruit,pears,conference,11/1/2024,1.1,kg
fruit,pears,doyenne_du_comice,11/1/2024,1.63,kg
fruit,raspberries,raspberries,11/1/2024,8.56,kg
fruit,strawberries,strawberries,11/1/2024,5.05,kg
vegetable,beans,runner_climbing,11/1/2024,4.41,kg
vegetable,beetroot,beetroot,11/1/2024,0.67,kg
vegetable,brussels_sprouts,brussels_sprouts,11/1/2024,0.92,kg
vegetable,pak_choi,pak_choi,11/1/2024,3.45,kg
vegetable,curly_kale,curly_kale,11/1/2024,4.31,kg
vegetable,cabbage,red,11/1/2024,0.52,kg
vegetable,cabbage,savoy,11/1/2024,0.65,head
vegetable,spring_greens,prepacked,11/1/2024,1.37,kg
vegetable,cabbage,summer_autumn_pointed,11/1/2024,0.76,kg
vegetable,cabbage,white,11/1/2024,0.54,kg
vegetable,cabbage,round_green_other,11/1/2024,0.63,head
vegetable,calabrese,calabrese,11/1/2024,1.62,kg
vegetable,capsicum,green,11/1/2024,1.04,kg
vegetable,capsicum,red,11/1/2024,0.94,kg
vegetable,capsicum,elongated,11/1/2024,1.27,kg
vegetable,carrots,topped_washed,11/1/2024,0.52,kg
vegetable,cauliflower,all,11/1/2024,0.82,head
vegetable,celery,all_washed,11/1/2024,1.05,kg
vegetable,celeriac,celeriac,11/1/2024,0.89,kg
vegetable,chinese_leaf,chinese_leaf,11/1/2024,1.19,kg
vegetable,coriander,coriander,11/1/2024,4.12,kg
vegetable,cucumbers,cucumbers,11/1/2024,0.81,kg
vegetable,leeks,trimmed,11/1/2024,1.55,kg
vegetable,lettuce,butterhead_indoor,11/1/2024,0.43,head
vegetable,lettuce,cos,11/1/2024,0.72,head
vegetable,lettuce,crisp_iceberg_type,11/1/2024,0.56,head
vegetable,lettuce,little_gem,11/1/2024,0.84,twin
vegetable,rocket,rocket,11/1/2024,6,kg
vegetable,mixed_babyleaf_salad,pillow_pack,11/1/2024,5,kg
vegetable,onion,bulb_brown,11/1/2024,0.56,kg
vegetable,onion,bulb_red,11/1/2024,0.63,kg
vegetable,onion,saladspring,11/1/2024,0.37,kg
vegetable,swede,swede,11/1/2024,0.31,kg
vegetable,turnip,turnip,11/1/2024,1.59,kg
vegetable,parsnips,all_varieties,11/1/2024,1.07,kg
vegetable,rhubarb,outdoor,11/1/2024,3.06,kg
vegetable,spinach_leaf,loose_bunches,11/1/2024,2.6,kg
vegetable,sweetcorn,sweetcorn,11/1/2024,0.25,head
vegetable,tomatoes,round,11/1/2024,1.17,kg
fruit,apples,bramleys_seedling,10/25/2024,1.24,kg
fruit,apples,coxs_orange_group,10/25/2024,1.24,kg
fruit,apples,egremont_russet,10/25/2024,1.29,kg
fruit,apples,braeburn,10/25/2024,1.41,kg
fruit,apples,gala,10/25/2024,1.23,kg
fruit,apples,other_mid_season,10/25/2024,1.4,kg
fruit,apples,other_late_season,10/25/2024,1.03,kg
fruit,blackberries,blackberries,10/25/2024,12.48,kg
fruit,pears,conference,10/25/2024,1.25,kg
fruit,pears,doyenne_du_comice,10/25/2024,1.42,kg
fruit,raspberries,raspberries,10/25/2024,10.83,kg
fruit,strawberries,strawberries,10/25/2024,5.01,kg
vegetable,beans,runner_climbing,10/25/2024,4.85,kg
vegetable,beetroot,beetroot,10/25/2024,0.65,kg
vegetable,brussels_sprouts,brussels_sprouts,10/25/2024,0.95,kg
vegetable,pak_choi,pak_choi,10/25/2024,3.46,kg
vegetable,curly_kale,curly_kale,10/25/2024,4.15,kg
vegetable,cabbage,red,10/25/2024,0.54,kg
vegetable,cabbage,savoy,10/25/2024,0.65,head
vegetable,spring_greens,prepacked,10/25/2024,1.34,kg
vegetable,cabbage,summer_autumn_pointed,10/25/2024,0.71,kg
vegetable,cabbage,white,10/25/2024,0.53,kg
vegetable,cabbage,round_green_other,10/25/2024,0.65,head
vegetable,calabrese,calabrese,10/25/2024,1.82,kg
vegetable,capsicum,red,10/25/2024,1.03,kg
vegetable,capsicum,elongated,10/25/2024,1.46,kg
vegetable,carrots,topped_washed,10/25/2024,0.5,kg
vegetable,cauliflower,all,10/25/2024,0.95,head
vegetable,celery,all_washed,10/25/2024,1.06,kg
vegetable,celeriac,celeriac,10/25/2024,0.87,kg
vegetable,chinese_leaf,chinese_leaf,10/25/2024,1.33,kg
vegetable,coriander,coriander,10/25/2024,5.65,kg
vegetable,cucumbers,cucumbers,10/25/2024,0.98,kg
vegetable,leeks,trimmed,10/25/2024,1.6,kg
vegetable,lettuce,butterhead_indoor,10/25/2024,0.46,head
vegetable,lettuce,cos,10/25/2024,0.7,head
vegetable,lettuce,crisp_iceberg_type,10/25/2024,0.64,head
vegetable,lettuce,little_gem,10/25/2024,0.81,twin
vegetable,rocket,rocket,10/25/2024,6,kg
vegetable,mixed_babyleaf_salad,pillow_pack,10/25/2024,5.65,kg
vegetable,onion,bulb_brown,10/25/2024,0.55,kg
vegetable,onion,bulb_red,10/25/2024,0.63,kg
vegetable,onion,saladspring,10/25/2024,0.4,kg
vegetable,swede,swede,10/25/2024,0.34,kg
vegetable,turnip,turnip,10/25/2024,1.5,kg
vegetable,parsnips,all_varieties,10/25/2024,1.13,kg
vegetable,rhubarb,outdoor,10/25/2024,3.06,kg
vegetable,spinach_leaf,loose_bunches,10/25/2024,3.4,kg
vegetable,sweetcorn,sweetcorn,10/25/2024,0.25,head
vegetable,tomatoes,round,10/25/2024,1.17,kg
fruit,apples,bramleys_seedling,10/18/2024,1.24,kg
fruit,apples,coxs_orange_group,10/18/2024,1.16,kg
fruit,apples,egremont_russet,10/18/2024,1.2,kg
fruit,apples,braeburn,10/18/2024,1.5,kg
fruit,apples,gala,10/18/2024,1.23,kg
fruit,apples,other_mid_season,10/18/2024,1.4,kg
fruit,apples,other_late_season,10/18/2024,1.07,kg
fruit,blackberries,blackberries,10/18/2024,12,kg
fruit,blueberries,blueberries,10/18/2024,12,kg
fruit,pears,conference,10/18/2024,1.26,kg
fruit,pears,doyenne_du_comice,10/18/2024,1.54,kg
fruit,raspberries,raspberries,10/18/2024,9.07,kg
fruit,strawberries,strawberries,10/18/2024,4.04,kg
vegetable,beetroot,beetroot,10/18/2024,0.69,kg
vegetable,brussels_sprouts,brussels_sprouts,10/18/2024,0.9,kg
vegetable,pak_choi,pak_choi,10/18/2024,3.6,kg
vegetable,curly_kale,curly_kale,10/18/2024,4.55,kg
vegetable,cabbage,red,10/18/2024,0.53,kg
vegetable,cabbage,savoy,10/18/2024,0.71,head
vegetable,spring_greens,prepacked,10/18/2024,1.38,kg
vegetable,cabbage,summer_autumn_pointed,10/18/2024,0.81,kg
vegetable,cabbage,white,10/18/2024,0.54,kg
vegetable,cabbage,round_green_other,10/18/2024,0.68,head
vegetable,calabrese,calabrese,10/18/2024,1.9,kg
vegetable,capsicum,elongated,10/18/2024,2,kg
vegetable,carrots,topped_washed,10/18/2024,0.51,kg
vegetable,cauliflower,all,10/18/2024,1.09,head
vegetable,celery,all_washed,10/18/2024,1.01,kg
vegetable,celeriac,celeriac,10/18/2024,0.9,kg
vegetable,chinese_leaf,chinese_leaf,10/18/2024,1.29,kg
vegetable,coriander,coriander,10/18/2024,3.44,kg
vegetable,courgettes,courgettes,10/18/2024,2.64,kg
vegetable,cucumbers,cucumbers,10/18/2024,0.94,kg
vegetable,leeks,trimmed,10/18/2024,1.63,kg
vegetable,lettuce,butterhead_indoor,10/18/2024,0.48,head
vegetable,lettuce,cos,10/18/2024,0.73,head
vegetable,lettuce,crisp_iceberg_type,10/18/2024,0.62,head
vegetable,lettuce,little_gem,10/18/2024,0.75,twin
vegetable,rocket,rocket,10/18/2024,6.4,kg
vegetable,mixed_babyleaf_salad,pillow_pack,10/18/2024,5.31,kg
vegetable,onion,bulb_brown,10/18/2024,0.61,kg
vegetable,onion,bulb_red,10/18/2024,0.64,kg
vegetable,onion,saladspring,10/18/2024,0.38,kg
vegetable,swede,swede,10/18/2024,0.32,kg
vegetable,turnip,turnip,10/18/2024,1.24,kg
vegetable,parsnips,all_varieties,10/18/2024,1.05,kg
vegetable,rhubarb,outdoor,10/18/2024,3.06,kg
vegetable,spinach_leaf,loose_bunches,10/18/2024,2.64,kg
vegetable,tomatoes,round,10/18/2024,1.4,kg
fruit,apples,bramleys_seedling,10/11/2024,1.28,kg
fruit,apples,coxs_orange_group,10/11/2024,1.3,kg
fruit,apples,egremont_russet,10/11/2024,1.27,kg
fruit,apples,braeburn,10/11/2024,1.66,kg
fruit,apples,gala,10/11/2024,1.21,kg
fruit,apples,other_early_season,10/11/2024,0.98,kg
fruit,apples,other_mid_season,10/11/2024,1.03,kg
fruit,apples,other_late_season,10/11/2024,0.95,kg
fruit,blackberries,blackberries,10/11/2024,13.9,kg
fruit,blueberries,blueberries,10/11/2024,12.15,kg
fruit,pears,conference,10/11/2024,1.28,kg
fruit,pears,doyenne_du_comice,10/11/2024,1.33,kg
fruit,raspberries,raspberries,10/11/2024,11.2,kg
fruit,strawberries,strawberries,10/11/2024,3.98,kg
vegetable,beans,broad,10/11/2024,2.07,kg
vegetable,beans,runner_climbing,10/11/2024,5.07,kg
vegetable,beetroot,beetroot,10/11/2024,0.63,kg
vegetable,brussels_sprouts,brussels_sprouts,10/11/2024,0.96,kg
vegetable,pak_choi,pak_choi,10/11/2024,3.5,kg
vegetable,curly_kale,curly_kale,10/11/2024,4.32,kg
vegetable,cabbage,red,10/11/2024,0.6,kg
vegetable,cabbage,savoy,10/11/2024,0.72,head
vegetable,spring_greens,prepacked,10/11/2024,1.39,kg
vegetable,cabbage,summer_autumn_pointed,10/11/2024,0.77,kg
vegetable,cabbage,white,10/11/2024,0.57,kg
vegetable,cabbage,round_green_other,10/11/2024,0.64,head
vegetable,calabrese,calabrese,10/11/2024,2.51,kg
vegetable,capsicum,green,10/11/2024,0.9,kg
vegetable,capsicum,red,10/11/2024,0.85,kg
vegetable,capsicum,elongated,10/11/2024,1.72,kg
vegetable,capsicum,yelloworange,10/11/2024,0.85,kg
vegetable,carrots,topped_washed,10/11/2024,0.5,kg
vegetable,cauliflower,all,10/11/2024,1.1,head
vegetable,celery,all_washed,10/11/2024,1.04,kg
vegetable,celeriac,celeriac,10/11/2024,0.89,kg
vegetable,chinese_leaf,chinese_leaf,10/11/2024,1.28,kg
vegetable,coriander,coriander,10/11/2024,3.68,kg
vegetable,courgettes,courgettes,10/11/2024,2.89,kg
vegetable,cucumbers,cucumbers,10/11/2024,1.18,kg
vegetable,leeks,trimmed,10/11/2024,1.54,kg
vegetable,lettuce,butterhead_indoor,10/11/2024,0.46,head
vegetable,lettuce,cos,10/11/2024,0.71,head
vegetable,lettuce,crisp_iceberg_type,10/11/2024,0.63,head
vegetable,lettuce,little_gem,10/11/2024,0.76,twin
vegetable,rocket,rocket,10/11/2024,6,kg
vegetable,mixed_babyleaf_salad,pillow_pack,10/11/2024,5,kg
vegetable,onion,bulb_brown,10/11/2024,0.6,kg
vegetable,onion,bulb_red,10/11/2024,0.66,kg
vegetable,onion,saladspring,10/11/2024,0.41,kg
vegetable,swede,swede,10/11/2024,0.35,kg
vegetable,turnip,turnip,10/11/2024,1.71,kg
vegetable,parsnips,all_varieties,10/11/2024,1.17,kg
vegetable,rhubarb,outdoor,10/11/2024,2.41,kg
vegetable,spinach_leaf,loose_bunches,10/11/2024,2.42,kg
vegetable,sweetcorn,sweetcorn,10/11/2024,0.29,head
vegetable,tomatoes,round,10/11/2024,1.83,kg
fruit,apples,bramleys_seedling,10/4/2024,1.42,kg
fruit,apples,coxs_orange_group,10/4/2024,1.37,kg
fruit,apples,egremont_russet,10/4/2024,1.29,kg
fruit,apples,gala,10/4/2024,1.24,kg
fruit,apples,other_early_season,10/4/2024,1.28,kg
fruit,apples,other_mid_season,10/4/2024,0.9,kg
fruit,blackberries,blackberries,10/4/2024,15.51,kg
fruit,blueberries,blueberries,10/4/2024,14.12,kg
fruit,pears,conference,10/4/2024,1.28,kg
fruit,pears,doyenne_du_comice,10/4/2024,1.38,kg
fruit,pears,other,10/4/2024,1.1,kg
fruit,raspberries,raspberries,10/4/2024,12.93,kg
fruit,strawberries,strawberries,10/4/2024,5.39,kg
vegetable,beans,broad,10/4/2024,1.94,kg
vegetable,beans,dwarf_french_or_kidney,10/4/2024,3.02,kg
vegetable,beans,runner_climbing,10/4/2024,4.48,kg
vegetable,beetroot,beetroot,10/4/2024,0.63,kg
vegetable,brussels_sprouts,brussels_sprouts,10/4/2024,1.01,kg
vegetable,pak_choi,pak_choi,10/4/2024,3.41,kg
vegetable,curly_kale,curly_kale,10/4/2024,4.29,kg
vegetable,cabbage,red,10/4/2024,0.59,kg
vegetable,cabbage,savoy,10/4/2024,0.71,head
vegetable,spring_greens,prepacked,10/4/2024,1.4,kg
vegetable,cabbage,summer_autumn_pointed,10/4/2024,0.79,kg
vegetable,cabbage,white,10/4/2024,0.58,kg
vegetable,cabbage,round_green_other,10/4/2024,0.65,head
vegetable,calabrese,calabrese,10/4/2024,2.21,kg
vegetable,capsicum,green,10/4/2024,0.96,kg
vegetable,capsicum,red,10/4/2024,1.02,kg
vegetable,capsicum,elongated,10/4/2024,2,kg
vegetable,capsicum,yelloworange,10/4/2024,1.12,kg
vegetable,carrots,topped_washed,10/4/2024,0.53,kg
vegetable,cauliflower,all,10/4/2024,1.1,head
vegetable,celery,all_washed,10/4/2024,1,kg
vegetable,celeriac,celeriac,10/4/2024,0.84,kg
vegetable,chinese_leaf,chinese_leaf,10/4/2024,1.33,kg
vegetable,coriander,coriander,10/4/2024,3.34,kg
vegetable,courgettes,courgettes,10/4/2024,2.73,kg
vegetable,cucumbers,cucumbers,10/4/2024,1.28,kg
vegetable,leeks,trimmed,10/4/2024,1.59,kg
vegetable,lettuce,butterhead_indoor,10/4/2024,0.47,head
vegetable,lettuce,cos,10/4/2024,0.74,head
vegetable,lettuce,crisp_iceberg_type,10/4/2024,0.63,head
vegetable,lettuce,little_gem,10/4/2024,0.77,twin
vegetable,rocket,rocket,10/4/2024,5.25,kg
vegetable,mixed_babyleaf_salad,pillow_pack,10/4/2024,5.23,kg
vegetable,onion,bulb_brown,10/4/2024,0.61,kg
vegetable,onion,bulb_red,10/4/2024,0.63,kg
vegetable,onion,saladspring,10/4/2024,0.42,kg
vegetable,swede,swede,10/4/2024,0.34,kg
vegetable,turnip,turnip,10/4/2024,1.54,kg
vegetable,parsnips,all_varieties,10/4/2024,1.14,kg
vegetable,peas,shelling_all_varieties,10/4/2024,3,kg
vegetable,rhubarb,outdoor,10/4/2024,2.59,kg
vegetable,spinach_leaf,loose_bunches,10/4/2024,2.52,kg
vegetable,sweetcorn,sweetcorn,10/4/2024,0.33,head
vegetable,tomatoes,round,10/4/2024,1.63,kg
fruit,apples,bramleys_seedling,9/27/2024,1.4,kg
fruit,apples,coxs_orange_group,9/27/2024,1.43,kg
fruit,apples,egremont_russet,9/27/2024,1.34,kg
fruit,apples,braeburn,9/27/2024,1.22,kg
fruit,apples,gala,9/27/2024,1.26,kg
fruit,apples,other_early_season,9/27/2024,1.21,kg
fruit,apples,other_mid_season,9/27/2024,1.18,kg
fruit,blackberries,blackberries,9/27/2024,11.33,kg
fruit,blueberries,blueberries,9/27/2024,12.71,kg
fruit,pears,conference,9/27/2024,1.09,kg
fruit,plums,all_other,9/27/2024,1.32,kg
fruit,raspberries,raspberries,9/27/2024,11.95,kg
fruit,strawberries,strawberries,9/27/2024,5,kg
vegetable,beans,broad,9/27/2024,2.36,kg
vegetable,beans,dwarf_french_or_kidney,9/27/2024,2.6,kg
vegetable,beans,runner_climbing,9/27/2024,3.11,kg
vegetable,beetroot,beetroot,9/27/2024,0.67,kg
vegetable,brussels_sprouts,brussels_sprouts,9/27/2024,1.12,kg
vegetable,pak_choi,pak_choi,9/27/2024,3.2,kg
vegetable,curly_kale,curly_kale,9/27/2024,4.42,kg
vegetable,cabbage,red,9/27/2024,0.67,kg
vegetable,cabbage,savoy,9/27/2024,0.72,head
vegetable,spring_greens,prepacked,9/27/2024,1.38,kg
vegetable,cabbage,summer_autumn_pointed,9/27/2024,0.78,kg
vegetable,cabbage,white,9/27/2024,0.59,kg
vegetable,cabbage,round_green_other,9/27/2024,0.67,head
vegetable,calabrese,calabrese,9/27/2024,2.44,kg
vegetable,capsicum,green,9/27/2024,0.89,kg
vegetable,capsicum,red,9/27/2024,1.22,kg
vegetable,capsicum,yelloworange,9/27/2024,0.85,kg
vegetable,carrots,topped_washed,9/27/2024,0.58,kg
vegetable,cauliflower,all,9/27/2024,1.63,head
vegetable,celery,all_washed,9/27/2024,1.04,kg
vegetable,celeriac,celeriac,9/27/2024,0.81,kg
vegetable,chinese_leaf,chinese_leaf,9/27/2024,1.37,kg
vegetable,coriander,coriander,9/27/2024,3,kg
vegetable,courgettes,courgettes,9/27/2024,1.32,kg
vegetable,cucumbers,cucumbers,9/27/2024,1.43,kg
vegetable,leeks,trimmed,9/27/2024,1.55,kg
vegetable,lettuce,butterhead_indoor,9/27/2024,0.44,head
vegetable,lettuce,cos,9/27/2024,0.75,head
vegetable,lettuce,crisp_iceberg_type,9/27/2024,0.64,head
vegetable,lettuce,little_gem,9/27/2024,0.73,twin
vegetable,rocket,rocket,9/27/2024,5.64,kg
vegetable,mixed_babyleaf_salad,pillow_pack,9/27/2024,4.91,kg
vegetable,onion,bulb_brown,9/27/2024,0.74,kg
vegetable,onion,bulb_red,9/27/2024,0.64,kg
vegetable,onion,saladspring,9/27/2024,0.42,kg
vegetable,swede,swede,9/27/2024,0.36,kg
vegetable,turnip,turnip,9/27/2024,1.47,kg
vegetable,parsnips,all_varieties,9/27/2024,1.24,kg
vegetable,peas,shelling_all_varieties,9/27/2024,2.19,kg
vegetable,rhubarb,outdoor,9/27/2024,2.44,kg
vegetable,spinach_leaf,loose_bunches,9/27/2024,2.29,kg
vegetable,sweetcorn,sweetcorn,9/27/2024,0.33,head
vegetable,tomatoes,round,9/27/2024,1.53,kg
fruit,apples,bramleys_seedling,9/20/2024,1.37,kg
fruit,apples,coxs_orange_group,9/20/2024,1.49,kg
fruit,apples,egremont_russet,9/20/2024,1.46,kg
fruit,apples,gala,9/20/2024,1.31,kg
fruit,apples,other_early_season,9/20/2024,1.06,kg
fruit,apples,other_mid_season,9/20/2024,1.16,kg
fruit,blackberries,blackberries,9/20/2024,14,kg
fruit,blueberries,blueberries,9/20/2024,12.31,kg
fruit,cherries,all,9/20/2024,13.66,kg
fruit,pears,conference,9/20/2024,1.29,kg
fruit,plums,victoria,9/20/2024,3.39,kg
fruit,plums,all_other,9/20/2024,2.55,kg
fruit,raspberries,raspberries,9/20/2024,11.73,kg
fruit,strawberries,strawberries,9/20/2024,5.33,kg
vegetable,beans,broad,9/20/2024,2.48,kg
vegetable,beans,dwarf_french_or_kidney,9/20/2024,2.77,kg
vegetable,beans,runner_climbing,9/20/2024,2.86,kg
vegetable,beetroot,beetroot,9/20/2024,0.68,kg
vegetable,brussels_sprouts,brussels_sprouts,9/20/2024,1.06,kg
vegetable,pak_choi,pak_choi,9/20/2024,3.56,kg
vegetable,curly_kale,curly_kale,9/20/2024,4.29,kg
vegetable,cabbage,red,9/20/2024,0.64,kg
vegetable,cabbage,savoy,9/20/2024,0.67,head
vegetable,spring_greens,prepacked,9/20/2024,1.37,kg
vegetable,cabbage,summer_autumn_pointed,9/20/2024,0.78,kg
vegetable,cabbage,white,9/20/2024,0.57,kg
vegetable,cabbage,round_green_other,9/20/2024,0.67,head
vegetable,calabrese,calabrese,9/20/2024,2.5,kg
vegetable,capsicum,green,9/20/2024,0.9,kg
vegetable,capsicum,red,9/20/2024,1.03,kg
vegetable,capsicum,elongated,9/20/2024,1.58,kg
vegetable,capsicum,yelloworange,9/20/2024,0.85,kg
vegetable,carrots,topped_washed,9/20/2024,0.55,kg
vegetable,cauliflower,all,9/20/2024,1.5,head
vegetable,celery,all_washed,9/20/2024,1.05,kg
vegetable,celeriac,celeriac,9/20/2024,0.86,kg
vegetable,chinese_leaf,chinese_leaf,9/20/2024,1.36,kg
vegetable,coriander,coriander,9/20/2024,2.59,kg
vegetable,courgettes,courgettes,9/20/2024,1.23,kg
vegetable,cucumbers,cucumbers,9/20/2024,1.69,kg
vegetable,leeks,trimmed,9/20/2024,1.59,kg
vegetable,lettuce,butterhead_indoor,9/20/2024,0.47,head
vegetable,lettuce,cos,9/20/2024,0.75,head
vegetable,lettuce,crisp_iceberg_type,9/20/2024,0.65,head
vegetable,lettuce,little_gem,9/20/2024,0.76,twin
vegetable,rocket,rocket,9/20/2024,5.3,kg
vegetable,mixed_babyleaf_salad,pillow_pack,9/20/2024,5.08,kg
vegetable,onion,bulb_brown,9/20/2024,0.64,kg
vegetable,onion,bulb_red,9/20/2024,0.63,kg
vegetable,onion,saladspring,9/20/2024,0.42,kg
vegetable,swede,swede,9/20/2024,0.37,kg
vegetable,turnip,turnip,9/20/2024,1.46,kg
vegetable,parsnips,all_varieties,9/20/2024,1.3,kg
vegetable,peas,shelling_all_varieties,9/20/2024,2.14,kg
vegetable,rhubarb,outdoor,9/20/2024,2.09,kg
vegetable,spinach_leaf,loose_bunches,9/20/2024,2.28,kg
vegetable,sweetcorn,sweetcorn,9/20/2024,0.33,head
vegetable,tomatoes,round,9/20/2024,1.34,kg
vegetable,tomatoes,vine,9/20/2024,1.49,kg
vegetable,tomatoes,cherry,9/20/2024,6.22,kg
fruit,apples,bramleys_seedling,9/13/2024,1.44,kg
fruit,apples,coxs_orange_group,9/13/2024,1.57,kg
fruit,apples,egremont_russet,9/13/2024,1.59,kg
fruit,apples,gala,9/13/2024,1.37,kg
fruit,apples,other_early_season,9/13/2024,1.03,kg
fruit,apples,other_mid_season,9/13/2024,1.1,kg
fruit,blackberries,blackberries,9/13/2024,12.59,kg
fruit,currants,red,9/13/2024,12.8,kg
fruit,blueberries,blueberries,9/13/2024,12,kg
fruit,pears,conference,9/13/2024,1.27,kg
fruit,plums,victoria,9/13/2024,2.6,kg
fruit,plums,all_other,9/13/2024,2.35,kg
fruit,raspberries,raspberries,9/13/2024,10.52,kg
fruit,strawberries,strawberries,9/13/2024,5.02,kg
vegetable,beans,broad,9/13/2024,2.47,kg
vegetable,beans,dwarf_french_or_kidney,9/13/2024,3.44,kg
vegetable,beans,runner_climbing,9/13/2024,3.07,kg
vegetable,beetroot,beetroot,9/13/2024,0.69,kg
vegetable,brussels_sprouts,brussels_sprouts,9/13/2024,1.15,kg
vegetable,pak_choi,pak_choi,9/13/2024,3.42,kg
vegetable,curly_kale,curly_kale,9/13/2024,4.4,kg
vegetable,cabbage,red,9/13/2024,0.66,kg
vegetable,cabbage,savoy,9/13/2024,0.71,head
vegetable,spring_greens,prepacked,9/13/2024,1.36,kg
vegetable,cabbage,summer_autumn_pointed,9/13/2024,0.77,kg
vegetable,cabbage,white,9/13/2024,0.59,kg
vegetable,cabbage,round_green_other,9/13/2024,0.64,head
vegetable,calabrese,calabrese,9/13/2024,1.66,kg
vegetable,capsicum,green,9/13/2024,0.85,kg
vegetable,capsicum,red,9/13/2024,1.23,kg
vegetable,capsicum,yelloworange,9/13/2024,0.8,kg
vegetable,carrots,topped_washed,9/13/2024,0.54,kg
vegetable,cauliflower,all,9/13/2024,1.56,head
vegetable,celery,all_washed,9/13/2024,1.02,kg
vegetable,celeriac,celeriac,9/13/2024,0.86,kg
vegetable,chinese_leaf,chinese_leaf,9/13/2024,1.4,kg
vegetable,coriander,coriander,9/13/2024,2.9,kg
vegetable,courgettes,courgettes,9/13/2024,1.22,kg
vegetable,cucumbers,cucumbers,9/13/2024,1.76,kg
vegetable,leeks,trimmed,9/13/2024,1.63,kg
vegetable,lettuce,butterhead_indoor,9/13/2024,0.47,head
vegetable,lettuce,cos,9/13/2024,0.71,head
vegetable,lettuce,crisp_iceberg_type,9/13/2024,0.65,head
vegetable,lettuce,little_gem,9/13/2024,0.72,twin
vegetable,rocket,rocket,9/13/2024,5.29,kg
vegetable,mixed_babyleaf_salad,pillow_pack,9/13/2024,5.09,kg
vegetable,onion,bulb_brown,9/13/2024,0.62,kg
vegetable,onion,bulb_red,9/13/2024,0.68,kg
vegetable,onion,saladspring,9/13/2024,0.42,kg
vegetable,swede,swede,9/13/2024,0.39,kg
vegetable,turnip,turnip,9/13/2024,1.35,kg
vegetable,parsnips,all_varieties,9/13/2024,1.39,kg
vegetable,peas,shelling_all_varieties,9/13/2024,2.6,kg
vegetable,rhubarb,outdoor,9/13/2024,1.94,kg
vegetable,spinach_leaf,loose_bunches,9/13/2024,2.2,kg
vegetable,sweetcorn,sweetcorn,9/13/2024,0.32,head
vegetable,tomatoes,round,9/13/2024,1.25,kg
vegetable,tomatoes,vine,9/13/2024,1.04,kg
vegetable,tomatoes,cherry,9/13/2024,1.6,kg
cut_flowers,gladioli,all_varieties,9/13/2024,0.3,stem
fruit,apples,bramleys_seedling,9/6/2024,1.49,kg
fruit,apples,coxs_orange_group,9/6/2024,1.59,kg
fruit,apples,other_early_season,9/6/2024,1.13,kg
fruit,apples,other_mid_season,9/6/2024,1.23,kg
fruit,blackberries,blackberries,9/6/2024,10.59,kg
fruit,blueberries,blueberries,9/6/2024,12.05,kg
fruit,cherries,all,9/6/2024,16.08,kg
fruit,pears,conference,9/6/2024,1.34,kg
fruit,pears,other,9/6/2024,0.95,kg
fruit,plums,victoria,9/6/2024,1.85,kg
fruit,plums,all_other,9/6/2024,2.16,kg
fruit,raspberries,raspberries,9/6/2024,8.98,kg
fruit,strawberries,strawberries,9/6/2024,3.71,kg
vegetable,beans,broad,9/6/2024,2.69,kg
vegetable,beans,dwarf_french_or_kidney,9/6/2024,3.41,kg
vegetable,beans,runner_climbing,9/6/2024,2.91,kg
vegetable,beetroot,beetroot,9/6/2024,0.69,kg
vegetable,brussels_sprouts,brussels_sprouts,9/6/2024,1.18,kg
vegetable,pak_choi,pak_choi,9/6/2024,3.31,kg
vegetable,curly_kale,curly_kale,9/6/2024,4.34,kg
vegetable,cabbage,red,9/6/2024,0.65,kg
vegetable,cabbage,savoy,9/6/2024,0.71,head
vegetable,spring_greens,prepacked,9/6/2024,1.48,kg
vegetable,cabbage,summer_autumn_pointed,9/6/2024,0.75,kg
vegetable,cabbage,white,9/6/2024,0.6,kg
vegetable,cabbage,round_green_other,9/6/2024,0.68,head
vegetable,calabrese,calabrese,9/6/2024,1.75,kg
vegetable,capsicum,green,9/6/2024,0.85,kg
vegetable,capsicum,red,9/6/2024,1.26,kg
vegetable,carrots,topped_washed,9/6/2024,0.59,kg
vegetable,cauliflower,all,9/6/2024,0.99,head
vegetable,celery,all_washed,9/6/2024,1.1,kg
vegetable,celeriac,celeriac,9/6/2024,0.87,kg
vegetable,chinese_leaf,chinese_leaf,9/6/2024,1.38,kg
vegetable,coriander,coriander,9/6/2024,2.39,kg
vegetable,courgettes,courgettes,9/6/2024,1.11,kg
vegetable,cucumbers,cucumbers,9/6/2024,1.71,kg
vegetable,leeks,trimmed,9/6/2024,1.63,kg
vegetable,lettuce,butterhead_indoor,9/6/2024,0.49,head
vegetable,lettuce,cos,9/6/2024,0.73,head
vegetable,lettuce,crisp_iceberg_type,9/6/2024,0.64,head
vegetable,lettuce,little_gem,9/6/2024,0.81,twin
vegetable,rocket,rocket,9/6/2024,5.3,kg
vegetable,mixed_babyleaf_salad,pillow_pack,9/6/2024,5.1,kg
vegetable,onion,bulb_brown,9/6/2024,0.62,kg
vegetable,onion,bulb_red,9/6/2024,0.58,kg
vegetable,onion,saladspring,9/6/2024,0.42,kg
vegetable,swede,swede,9/6/2024,0.38,kg
vegetable,turnip,turnip,9/6/2024,1.28,kg
vegetable,parsnips,all_varieties,9/6/2024,1.51,kg
vegetable,peas,shelling_all_varieties,9/6/2024,2.6,kg
vegetable,rhubarb,outdoor,9/6/2024,1.96,kg
vegetable,spinach_leaf,loose_bunches,9/6/2024,2.34,kg
vegetable,sweetcorn,sweetcorn,9/6/2024,0.36,head
vegetable,tomatoes,round,9/6/2024,1.52,kg
vegetable,tomatoes,vine,9/6/2024,1.64,kg
vegetable,tomatoes,cherry,9/6/2024,1.6,kg
vegetable,tomatoes,plum,9/6/2024,1.82,kg
cut_flowers,gladioli,all_varieties,9/6/2024,0.3,stem
fruit,apples,bramleys_seedling,8/30/2024,1.56,kg
fruit,apples,other_early_season,8/30/2024,1.29,kg
fruit,blackberries,blackberries,8/30/2024,11.5,kg
fruit,blueberries,blueberries,8/30/2024,11.6,kg
fruit,pears,conference,8/30/2024,1.33,kg
fruit,pears,other,8/30/2024,1.08,kg
fruit,plums,victoria,8/30/2024,1.6,kg
fruit,plums,all_other,8/30/2024,2.29,kg
fruit,raspberries,raspberries,8/30/2024,8.38,kg
fruit,strawberries,strawberries,8/30/2024,2.98,kg
vegetable,beans,broad,8/30/2024,2.42,kg
vegetable,beans,dwarf_french_or_kidney,8/30/2024,3.52,kg
vegetable,beans,runner_climbing,8/30/2024,3,kg
vegetable,beetroot,beetroot,8/30/2024,0.67,kg
vegetable,brussels_sprouts,brussels_sprouts,8/30/2024,1.17,kg
vegetable,pak_choi,pak_choi,8/30/2024,3.3,kg
vegetable,curly_kale,curly_kale,8/30/2024,4.44,kg
vegetable,cabbage,red,8/30/2024,0.64,kg
vegetable,cabbage,savoy,8/30/2024,0.71,head
vegetable,spring_greens,prepacked,8/30/2024,1.5,kg
vegetable,cabbage,summer_autumn_pointed,8/30/2024,0.71,kg
vegetable,cabbage,white,8/30/2024,0.62,kg
vegetable,cabbage,round_green_other,8/30/2024,0.68,head
vegetable,calabrese,calabrese,8/30/2024,1.97,kg
vegetable,capsicum,green,8/30/2024,0.94,kg
vegetable,capsicum,red,8/30/2024,1.22,kg
vegetable,capsicum,yelloworange,8/30/2024,1.29,kg
vegetable,carrots,topped_washed,8/30/2024,0.61,kg
vegetable,cauliflower,all,8/30/2024,0.79,head
vegetable,celery,all_washed,8/30/2024,1.09,kg
vegetable,celeriac,celeriac,8/30/2024,0.85,kg
vegetable,chinese_leaf,chinese_leaf,8/30/2024,1.38,kg
vegetable,coriander,coriander,8/30/2024,2.94,kg
vegetable,courgettes,courgettes,8/30/2024,1.03,kg
vegetable,cucumbers,cucumbers,8/30/2024,2.06,kg
vegetable,leeks,trimmed,8/30/2024,1.86,kg
vegetable,lettuce,butterhead_indoor,8/30/2024,0.49,head
vegetable,lettuce,cos,8/30/2024,0.73,head
vegetable,lettuce,crisp_iceberg_type,8/30/2024,0.63,head
vegetable,lettuce,little_gem,8/30/2024,0.78,twin
vegetable,rocket,rocket,8/30/2024,5.54,kg
vegetable,mixed_babyleaf_salad,pillow_pack,8/30/2024,5.29,kg
vegetable,onion,bulb_brown,8/30/2024,0.65,kg
vegetable,onion,bulb_red,8/30/2024,0.68,kg
vegetable,onion,saladspring,8/30/2024,0.43,kg
vegetable,swede,swede,8/30/2024,0.42,kg
vegetable,turnip,turnip,8/30/2024,1.35,kg
vegetable,parsnips,all_varieties,8/30/2024,1.61,kg
vegetable,peas,shelling_all_varieties,8/30/2024,2.6,kg
vegetable,rhubarb,outdoor,8/30/2024,2,kg
vegetable,spinach_leaf,loose_bunches,8/30/2024,2.19,kg
vegetable,sweetcorn,sweetcorn,8/30/2024,0.34,head
vegetable,tomatoes,round,8/30/2024,1.02,kg
vegetable,tomatoes,vine,8/30/2024,1.49,kg
vegetable,tomatoes,cherry,8/30/2024,1.6,kg
cut_flowers,gladioli,all_varieties,8/30/2024,0.3,stem
fruit,apples,bramleys_seedling,8/23/2024,1.59,kg
fruit,apples,other_early_season,8/23/2024,1.27,kg
fruit,blackberries,blackberries,8/23/2024,10.16,kg
fruit,currants,red,8/23/2024,9.55,kg
fruit,blueberries,blueberries,8/23/2024,10.98,kg
fruit,cherries,all,8/23/2024,4.91,kg
fruit,pears,conference,8/23/2024,1.05,kg
fruit,pears,other,8/23/2024,1.1,kg
fruit,plums,victoria,8/23/2024,2.01,kg
fruit,plums,all_other,8/23/2024,2.34,kg
fruit,raspberries,raspberries,8/23/2024,8.61,kg
fruit,strawberries,strawberries,8/23/2024,2.75,kg
vegetable,beans,broad,8/23/2024,2.49,kg
vegetable,beans,dwarf_french_or_kidney,8/23/2024,3.41,kg
vegetable,beans,runner_climbing,8/23/2024,3.46,kg
vegetable,beetroot,beetroot,8/23/2024,0.68,kg
vegetable,brussels_sprouts,brussels_sprouts,8/23/2024,1.19,kg
vegetable,pak_choi,pak_choi,8/23/2024,3.25,kg
vegetable,curly_kale,curly_kale,8/23/2024,4.8,kg
vegetable,cabbage,red,8/23/2024,0.67,kg
vegetable,cabbage,savoy,8/23/2024,0.71,head
vegetable,spring_greens,prepacked,8/23/2024,1.51,kg
vegetable,cabbage,summer_autumn_pointed,8/23/2024,0.79,kg
vegetable,cabbage,white,8/23/2024,0.66,kg
vegetable,cabbage,round_green_other,8/23/2024,0.69,head
vegetable,calabrese,calabrese,8/23/2024,2.27,kg
vegetable,capsicum,green,8/23/2024,1.44,kg
vegetable,capsicum,red,8/23/2024,1.17,kg
vegetable,capsicum,yelloworange,8/23/2024,1.3,kg
vegetable,carrots,topped_washed,8/23/2024,0.62,kg
vegetable,cauliflower,all,8/23/2024,0.84,head
vegetable,celery,all_washed,8/23/2024,1.07,kg
vegetable,celeriac,celeriac,8/23/2024,0.89,kg
vegetable,chinese_leaf,chinese_leaf,8/23/2024,1.35,kg
vegetable,coriander,coriander,8/23/2024,2.81,kg
vegetable,courgettes,courgettes,8/23/2024,1.09,kg
vegetable,cucumbers,cucumbers,8/23/2024,2.01,kg
vegetable,leeks,trimmed,8/23/2024,1.85,kg
vegetable,lettuce,butterhead_indoor,8/23/2024,0.47,head
vegetable,lettuce,cos,8/23/2024,0.76,head
vegetable,lettuce,crisp_iceberg_type,8/23/2024,0.65,head
vegetable,lettuce,little_gem,8/23/2024,0.73,twin
vegetable,rocket,rocket,8/23/2024,5.6,kg
vegetable,mixed_babyleaf_salad,pillow_pack,8/23/2024,5.34,kg
vegetable,onion,bulb_brown,8/23/2024,0.6,kg
vegetable,onion,bulb_red,8/23/2024,0.69,kg
vegetable,onion,saladspring,8/23/2024,0.43,kg
vegetable,swede,swede,8/23/2024,0.42,kg
vegetable,turnip,turnip,8/23/2024,1.36,kg
vegetable,parsnips,all_varieties,8/23/2024,1.8,kg
vegetable,peas,shelling_all_varieties,8/23/2024,2.69,kg
vegetable,rhubarb,outdoor,8/23/2024,2.24,kg
vegetable,spinach_leaf,loose_bunches,8/23/2024,2.16,kg
vegetable,sweetcorn,sweetcorn,8/23/2024,0.35,head
vegetable,tomatoes,round,8/23/2024,1.23,kg
vegetable,tomatoes,vine,8/23/2024,1.67,kg
vegetable,tomatoes,cherry,8/23/2024,2.13,kg
cut_flowers,gladioli,all_varieties,8/23/2024,0.3,stem
fruit,apples,bramleys_seedling,8/16/2024,1.72,kg
fruit,apples,other_early_season,8/16/2024,1.22,kg
fruit,blackberries,blackberries,8/16/2024,11.6,kg
fruit,currants,black,8/16/2024,17.16,kg
fruit,currants,red,8/16/2024,16.14,kg
fruit,blueberries,blueberries,8/16/2024,11.66,kg
fruit,cherries,all,8/16/2024,5.89,kg
fruit,plums,victoria,8/16/2024,1.95,kg
fruit,plums,all_other,8/16/2024,2.56,kg
fruit,raspberries,raspberries,8/16/2024,9,kg
fruit,strawberries,strawberries,8/16/2024,1.38,kg
vegetable,beans,broad,8/16/2024,2.4,kg
vegetable,beans,dwarf_french_or_kidney,8/16/2024,3.81,kg
vegetable,beans,runner_climbing,8/16/2024,3.14,kg
vegetable,beetroot,beetroot,8/16/2024,0.74,kg
vegetable,brussels_sprouts,brussels_sprouts,8/16/2024,1.11,kg
vegetable,pak_choi,pak_choi,8/16/2024,3.2,kg
vegetable,curly_kale,curly_kale,8/16/2024,4.71,kg
vegetable,cabbage,red,8/16/2024,0.65,kg
vegetable,cabbage,savoy,8/16/2024,0.74,head
vegetable,spring_greens,prepacked,8/16/2024,1.49,kg
vegetable,cabbage,summer_autumn_pointed,8/16/2024,0.76,kg
vegetable,cabbage,white,8/16/2024,0.67,kg
vegetable,cabbage,round_green_other,8/16/2024,0.74,head
vegetable,calabrese,calabrese,8/16/2024,2.79,kg
vegetable,capsicum,green,8/16/2024,1.53,kg
vegetable,capsicum,red,8/16/2024,0.98,kg
vegetable,capsicum,elongated,8/16/2024,1.73,kg
vegetable,capsicum,yelloworange,8/16/2024,1.29,kg
vegetable,carrots,topped_washed,8/16/2024,0.63,kg
vegetable,cauliflower,all,8/16/2024,1.21,head
vegetable,celery,all_washed,8/16/2024,1.09,kg
vegetable,celeriac,celeriac,8/16/2024,0.84,kg
vegetable,chinese_leaf,chinese_leaf,8/16/2024,1.33,kg
vegetable,coriander,coriander,8/16/2024,2.35,kg
vegetable,courgettes,courgettes,8/16/2024,1.14,kg
vegetable,cucumbers,cucumbers,8/16/2024,1.61,kg
vegetable,leeks,trimmed,8/16/2024,1.89,kg
vegetable,lettuce,butterhead_indoor,8/16/2024,0.47,head
vegetable,lettuce,cos,8/16/2024,0.71,head
vegetable,lettuce,crisp_iceberg_type,8/16/2024,0.65,head
vegetable,lettuce,little_gem,8/16/2024,0.75,twin
vegetable,rocket,rocket,8/16/2024,5.59,kg
vegetable,mixed_babyleaf_salad,pillow_pack,8/16/2024,5.47,kg
vegetable,onion,bulb_brown,8/16/2024,0.57,kg
vegetable,onion,bulb_red,8/16/2024,0.86,kg
vegetable,onion,saladspring,8/16/2024,0.43,kg
vegetable,swede,swede,8/16/2024,0.47,kg
vegetable,turnip,turnip,8/16/2024,1.55,kg
vegetable,parsnips,all_varieties,8/16/2024,1.95,kg
vegetable,peas,shelling_all_varieties,8/16/2024,2.72,kg
vegetable,rhubarb,outdoor,8/16/2024,2.3,kg
vegetable,spinach_leaf,loose_bunches,8/16/2024,2.19,kg
vegetable,sweetcorn,sweetcorn,8/16/2024,0.41,head
vegetable,tomatoes,round,8/16/2024,0.92,kg
vegetable,tomatoes,vine,8/16/2024,1.49,kg
vegetable,tomatoes,cherry,8/16/2024,3.73,kg
cut_flowers,gladioli,all_varieties,8/16/2024,0.3,stem
fruit,apples,bramleys_seedling,8/9/2024,1.92,kg
fruit,apples,other_early_season,8/9/2024,1.43,kg
fruit,blackberries,blackberries,8/9/2024,12.12,kg
fruit,currants,black,8/9/2024,11.2,kg
fruit,currants,red,8/9/2024,11.3,kg
fruit,blueberries,blueberries,8/9/2024,10.75,kg
fruit,cherries,all,8/9/2024,5.46,kg
fruit,plums,victoria,8/9/2024,2.05,kg
fruit,plums,all_other,8/9/2024,2.12,kg
fruit,raspberries,raspberries,8/9/2024,11.22,kg
fruit,strawberries,strawberries,8/9/2024,1.3,kg
vegetable,beans,broad,8/9/2024,2.28,kg
vegetable,beans,dwarf_french_or_kidney,8/9/2024,2.89,kg
vegetable,beans,runner_climbing,8/9/2024,3.27,kg
vegetable,beetroot,beetroot,8/9/2024,0.77,kg
vegetable,pak_choi,pak_choi,8/9/2024,3.36,kg
vegetable,curly_kale,curly_kale,8/9/2024,4.74,kg
vegetable,cabbage,red,8/9/2024,0.69,kg
vegetable,cabbage,savoy,8/9/2024,0.8,head
vegetable,spring_greens,prepacked,8/9/2024,1.46,kg
vegetable,cabbage,summer_autumn_pointed,8/9/2024,0.78,kg
vegetable,cabbage,white,8/9/2024,0.7,kg
vegetable,cabbage,round_green_other,8/9/2024,0.75,head
vegetable,calabrese,calabrese,8/9/2024,1.67,kg
vegetable,capsicum,green,8/9/2024,1.53,kg
vegetable,capsicum,red,8/9/2024,1.21,kg
vegetable,capsicum,elongated,8/9/2024,2,kg
vegetable,capsicum,yelloworange,8/9/2024,1.5,kg
vegetable,carrots,topped_washed,8/9/2024,0.7,kg
vegetable,cauliflower,all,8/9/2024,0.78,head
vegetable,celery,all_washed,8/9/2024,1.1,kg
vegetable,celeriac,celeriac,8/9/2024,0.84,kg
vegetable,chinese_leaf,chinese_leaf,8/9/2024,1.39,kg
vegetable,coriander,coriander,8/9/2024,2.3,kg
vegetable,courgettes,courgettes,8/9/2024,1.25,kg
vegetable,cucumbers,cucumbers,8/9/2024,1.33,kg
vegetable,leeks,trimmed,8/9/2024,2.04,kg
vegetable,lettuce,butterhead_indoor,8/9/2024,0.45,head
vegetable,lettuce,cos,8/9/2024,0.71,head
vegetable,lettuce,crisp_iceberg_type,8/9/2024,0.68,head
vegetable,lettuce,little_gem,8/9/2024,0.72,twin
vegetable,rocket,rocket,8/9/2024,5.41,kg
vegetable,mixed_babyleaf_salad,pillow_pack,8/9/2024,5.26,kg
vegetable,onion,bulb_brown,8/9/2024,0.59,kg
vegetable,onion,bulb_red,8/9/2024,0.67,kg
vegetable,onion,saladspring,8/9/2024,0.42,kg
vegetable,swede,swede,8/9/2024,0.47,kg
vegetable,turnip,turnip,8/9/2024,1.56,kg
vegetable,parsnips,all_varieties,8/9/2024,2.09,kg
vegetable,peas,shelling_all_varieties,8/9/2024,2.64,kg
vegetable,rhubarb,outdoor,8/9/2024,2.22,kg
vegetable,spinach_leaf,loose_bunches,8/9/2024,2.33,kg
vegetable,sweetcorn,sweetcorn,8/9/2024,0.5,head
vegetable,tomatoes,round,8/9/2024,0.93,kg
vegetable,tomatoes,vine,8/9/2024,1.53,kg
vegetable,tomatoes,cherry,8/9/2024,3.73,kg
vegetable,tomatoes,plum,8/9/2024,2.22,kg
cut_flowers,gladioli,all_varieties,8/9/2024,0.3,stem
fruit,apples,bramleys_seedling,8/2/2024,1.91,kg
fruit,apples,other_early_season,8/2/2024,1.51,kg
fruit,apples,other_late_season,8/2/2024,0.88,kg
fruit,blackberries,blackberries,8/2/2024,13.15,kg
fruit,currants,black,8/2/2024,11.47,kg
fruit,currants,red,8/2/2024,11.2,kg
fruit,blueberries,blueberries,8/2/2024,11.26,kg
fruit,cherries,all,8/2/2024,5.69,kg
fruit,plums,victoria,8/2/2024,2.45,kg
fruit,plums,all_other,8/2/2024,1.98,kg
fruit,raspberries,raspberries,8/2/2024,11.92,kg
fruit,strawberries,strawberries,8/2/2024,2.7,kg
vegetable,beans,broad,8/2/2024,2.53,kg
vegetable,beans,dwarf_french_or_kidney,8/2/2024,3.45,kg
vegetable,beans,runner_climbing,8/2/2024,3.63,kg
vegetable,beetroot,beetroot,8/2/2024,0.77,kg
vegetable,pak_choi,pak_choi,8/2/2024,3.28,kg
vegetable,curly_kale,curly_kale,8/2/2024,5,kg
vegetable,cabbage,red,8/2/2024,0.73,kg
vegetable,cabbage,savoy,8/2/2024,0.85,head
vegetable,spring_greens,prepacked,8/2/2024,1.59,kg
vegetable,cabbage,summer_autumn_pointed,8/2/2024,0.79,kg
vegetable,cabbage,white,8/2/2024,0.76,kg
vegetable,cabbage,round_green_other,8/2/2024,0.78,head
vegetable,calabrese,calabrese,8/2/2024,1.57,kg
vegetable,capsicum,green,8/2/2024,1.5,kg
vegetable,capsicum,red,8/2/2024,1.23,kg
vegetable,capsicum,elongated,8/2/2024,2.4,kg
vegetable,capsicum,yelloworange,8/2/2024,1.59,kg
vegetable,carrots,topped_washed,8/2/2024,0.74,kg
vegetable,cauliflower,all,8/2/2024,0.7,head
vegetable,celery,all_washed,8/2/2024,1.12,kg
vegetable,celeriac,celeriac,8/2/2024,0.84,kg
vegetable,chinese_leaf,chinese_leaf,8/2/2024,1.39,kg
vegetable,coriander,coriander,8/2/2024,2.21,kg
vegetable,courgettes,courgettes,8/2/2024,1.28,kg
vegetable,cucumbers,cucumbers,8/2/2024,1.17,kg
vegetable,leeks,trimmed,8/2/2024,2.09,kg
vegetable,lettuce,butterhead_indoor,8/2/2024,0.45,head
vegetable,lettuce,cos,8/2/2024,0.72,head
vegetable,lettuce,crisp_iceberg_type,8/2/2024,0.69,head
vegetable,lettuce,little_gem,8/2/2024,0.75,twin
vegetable,rocket,rocket,8/2/2024,5.43,kg
vegetable,mixed_babyleaf_salad,pillow_pack,8/2/2024,5.2,kg
vegetable,onion,bulb_brown,8/2/2024,0.85,kg
vegetable,onion,bulb_red,8/2/2024,1,kg
vegetable,onion,saladspring,8/2/2024,0.44,kg
vegetable,swede,swede,8/2/2024,0.51,kg
vegetable,turnip,turnip,8/2/2024,1,kg
vegetable,parsnips,all_varieties,8/2/2024,1.91,kg
vegetable,peas,shelling_all_varieties,8/2/2024,2.9,kg
vegetable,rhubarb,outdoor,8/2/2024,2.36,kg
vegetable,spinach_leaf,loose_bunches,8/2/2024,2.34,kg
vegetable,tomatoes,round,8/2/2024,0.8,kg
vegetable,tomatoes,vine,8/2/2024,1.31,kg
vegetable,tomatoes,cherry,8/2/2024,3.73,kg
cut_flowers,gladioli,all_varieties,8/2/2024,0.3,stem
fruit,apples,bramleys_seedling,7/26/2024,2.02,kg
fruit,apples,other_late_season,7/26/2024,1.05,kg
fruit,blackberries,blackberries,7/26/2024,14.08,kg
fruit,currants,black,7/26/2024,12,kg
fruit,currants,red,7/26/2024,11.85,kg
fruit,blueberries,blueberries,7/26/2024,12.7,kg
fruit,cherries,all,7/26/2024,4.42,kg
fruit,gooseberries,gooseberries,7/26/2024,7.62,kg
fruit,plums,all_other,7/26/2024,2.31,kg
fruit,raspberries,raspberries,7/26/2024,13.51,kg
fruit,strawberries,strawberries,7/26/2024,4.08,kg
vegetable,beans,broad,7/26/2024,2.89,kg
vegetable,beans,dwarf_french_or_kidney,7/26/2024,4.66,kg
vegetable,beans,runner_climbing,7/26/2024,4.33,kg
vegetable,beetroot,beetroot,7/26/2024,0.83,kg
vegetable,pak_choi,pak_choi,7/26/2024,3.06,kg
vegetable,curly_kale,curly_kale,7/26/2024,5.16,kg
vegetable,cabbage,red,7/26/2024,0.8,kg
vegetable,cabbage,savoy,7/26/2024,0.85,head
vegetable,spring_greens,prepacked,7/26/2024,2.01,kg
vegetable,cabbage,summer_autumn_pointed,7/26/2024,0.94,kg
vegetable,cabbage,white,7/26/2024,0.83,kg
vegetable,cabbage,round_green_other,7/26/2024,0.85,head
vegetable,calabrese,calabrese,7/26/2024,1.77,kg
vegetable,capsicum,green,7/26/2024,1.54,kg
vegetable,capsicum,red,7/26/2024,1.49,kg
vegetable,capsicum,yelloworange,7/26/2024,1.56,kg
vegetable,carrots,topped_washed,7/26/2024,0.78,kg
vegetable,cauliflower,all,7/26/2024,0.78,head
vegetable,celery,all_washed,7/26/2024,1.16,kg
vegetable,celeriac,celeriac,7/26/2024,0.95,kg
vegetable,chinese_leaf,chinese_leaf,7/26/2024,1.43,kg
vegetable,coriander,coriander,7/26/2024,2.56,kg
vegetable,courgettes,courgettes,7/26/2024,1.55,kg
vegetable,cucumbers,cucumbers,7/26/2024,1.15,kg
vegetable,leeks,trimmed,7/26/2024,1.81,kg
vegetable,lettuce,butterhead_indoor,7/26/2024,0.48,head
vegetable,lettuce,cos,7/26/2024,0.7,head
vegetable,lettuce,crisp_iceberg_type,7/26/2024,0.66,head
vegetable,lettuce,little_gem,7/26/2024,0.85,twin
vegetable,rocket,rocket,7/26/2024,5.58,kg
vegetable,mixed_babyleaf_salad,pillow_pack,7/26/2024,8.76,kg
vegetable,onion,saladspring,7/26/2024,0.45,kg
vegetable,swede,swede,7/26/2024,0.53,kg
vegetable,turnip,turnip,7/26/2024,1.08,kg
vegetable,parsnips,all_varieties,7/26/2024,1.75,kg
vegetable,peas,shelling_all_varieties,7/26/2024,2.92,kg
vegetable,rhubarb,outdoor,7/26/2024,2.76,kg
vegetable,spinach_leaf,loose_bunches,7/26/2024,2.1,kg
vegetable,tomatoes,round,7/26/2024,0.92,kg
vegetable,tomatoes,vine,7/26/2024,1.38,kg
vegetable,tomatoes,cherry,7/26/2024,3.73,kg
cut_flowers,gladioli,all_varieties,7/26/2024,0.3,stem
fruit,apples,bramleys_seedling,7/19/2024,1.93,kg
fruit,apples,other_late_season,7/19/2024,1.21,kg
fruit,blackberries,blackberries,7/19/2024,13.02,kg
fruit,blueberries,blueberries,7/19/2024,12.56,kg
fruit,cherries,all,7/19/2024,4.96,kg
fruit,gooseberries,gooseberries,7/19/2024,7.97,kg
fruit,plums,all_other,7/19/2024,2.38,kg
fruit,raspberries,raspberries,7/19/2024,12.09,kg
fruit,strawberries,strawberries,7/19/2024,5.72,kg
vegetable,beans,broad,7/19/2024,2.93,kg
vegetable,beans,runner_climbing,7/19/2024,6.07,kg
vegetable,beetroot,beetroot,7/19/2024,0.75,kg
vegetable,pak_choi,pak_choi,7/19/2024,3.4,kg
vegetable,curly_kale,curly_kale,7/19/2024,5.05,kg
vegetable,cabbage,red,7/19/2024,0.84,kg
vegetable,cabbage,savoy,7/19/2024,0.86,head
vegetable,spring_greens,prepacked,7/19/2024,1.67,kg
vegetable,cabbage,summer_autumn_pointed,7/19/2024,0.88,kg
vegetable,cabbage,white,7/19/2024,0.91,kg
vegetable,cabbage,round_green_other,7/19/2024,0.8,head
vegetable,calabrese,calabrese,7/19/2024,2.09,kg
vegetable,capsicum,green,7/19/2024,1.41,kg
vegetable,capsicum,red,7/19/2024,1.42,kg
vegetable,capsicum,elongated,7/19/2024,1.48,kg
vegetable,capsicum,yelloworange,7/19/2024,1.47,kg
vegetable,carrots,topped_washed,7/19/2024,0.77,kg
vegetable,cauliflower,all,7/19/2024,0.76,head
vegetable,celery,all_washed,7/19/2024,1.12,kg
vegetable,celeriac,celeriac,7/19/2024,0.83,kg
vegetable,chinese_leaf,chinese_leaf,7/19/2024,1.42,kg
vegetable,coriander,coriander,7/19/2024,2.38,kg
vegetable,courgettes,courgettes,7/19/2024,1.74,kg
vegetable,cucumbers,cucumbers,7/19/2024,1.13,kg
vegetable,leeks,trimmed,7/19/2024,2.4,kg
vegetable,lettuce,butterhead_indoor,7/19/2024,0.46,head
vegetable,lettuce,cos,7/19/2024,0.72,head
vegetable,lettuce,crisp_iceberg_type,7/19/2024,0.72,head
vegetable,lettuce,little_gem,7/19/2024,0.76,twin
vegetable,rocket,rocket,7/19/2024,5.29,kg
vegetable,mixed_babyleaf_salad,pillow_pack,7/19/2024,5.26,kg
vegetable,onion,bulb_brown,7/19/2024,0.97,kg
vegetable,onion,bulb_red,7/19/2024,1,kg
vegetable,onion,saladspring,7/19/2024,0.44,kg
vegetable,swede,swede,7/19/2024,0.5,kg
vegetable,turnip,turnip,7/19/2024,2.45,kg
vegetable,parsnips,all_varieties,7/19/2024,1.83,kg
vegetable,peas,shelling_all_varieties,7/19/2024,3.38,kg
vegetable,rhubarb,outdoor,7/19/2024,2.39,kg
vegetable,spinach_leaf,loose_bunches,7/19/2024,2.53,kg
vegetable,tomatoes,round,7/19/2024,0.89,kg
vegetable,tomatoes,vine,7/19/2024,1.11,kg
cut_flowers,gladioli,all_varieties,7/19/2024,0.29,stem
fruit,apples,bramleys_seedling,7/12/2024,1.8,kg
fruit,apples,other_late_season,7/12/2024,0.94,kg
fruit,blackberries,blackberries,7/12/2024,10.08,kg
fruit,blueberries,blueberries,7/12/2024,12.76,kg
fruit,cherries,all,7/12/2024,6.26,kg
fruit,gooseberries,gooseberries,7/12/2024,5,kg
fruit,plums,all_other,7/12/2024,3.08,kg
fruit,raspberries,raspberries,7/12/2024,10.73,kg
fruit,strawberries,strawberries,7/12/2024,6.02,kg
vegetable,asparagus,asparagus,7/12/2024,10.3,kg
vegetable,beans,broad,7/12/2024,2.55,kg
vegetable,beans,runner_climbing,7/12/2024,6.75,kg
vegetable,beetroot,beetroot,7/12/2024,0.79,kg
vegetable,pak_choi,pak_choi,7/12/2024,3.48,kg
vegetable,curly_kale,curly_kale,7/12/2024,5.06,kg
vegetable,cabbage,red,7/12/2024,0.95,kg
vegetable,cabbage,savoy,7/12/2024,0.89,head
vegetable,spring_greens,prepacked,7/12/2024,1.68,kg
vegetable,cabbage,summer_autumn_pointed,7/12/2024,0.86,kg
vegetable,cabbage,white,7/12/2024,1.11,kg
vegetable,cabbage,round_green_other,7/12/2024,0.82,head
vegetable,calabrese,calabrese,7/12/2024,2.73,kg
vegetable,capsicum,green,7/12/2024,1.64,kg
vegetable,capsicum,red,7/12/2024,1.56,kg
vegetable,capsicum,elongated,7/12/2024,1.7,kg
vegetable,capsicum,yelloworange,7/12/2024,1.5,kg
vegetable,carrots,topped_washed,7/12/2024,0.85,kg
vegetable,cauliflower,all,7/12/2024,0.9,head
vegetable,celery,all_washed,7/12/2024,1.17,kg
vegetable,celeriac,celeriac,7/12/2024,0.86,kg
vegetable,chinese_leaf,chinese_leaf,7/12/2024,1.42,kg
vegetable,coriander,coriander,7/12/2024,3.23,kg
vegetable,courgettes,courgettes,7/12/2024,1.64,kg
vegetable,cucumbers,cucumbers,7/12/2024,1.1,kg
vegetable,leeks,trimmed,7/12/2024,2.3,kg
vegetable,lettuce,butterhead_indoor,7/12/2024,0.46,head
vegetable,lettuce,cos,7/12/2024,0.72,head
vegetable,lettuce,crisp_iceberg_type,7/12/2024,0.75,head
vegetable,lettuce,little_gem,7/12/2024,0.68,twin
vegetable,rocket,rocket,7/12/2024,5.05,kg
vegetable,mixed_babyleaf_salad,pillow_pack,7/12/2024,5.09,kg
vegetable,onion,bulb_brown,7/12/2024,0.8,kg
vegetable,onion,bulb_red,7/12/2024,1,kg
vegetable,onion,saladspring,7/12/2024,0.44,kg
vegetable,swede,swede,7/12/2024,0.49,kg
vegetable,parsnips,all_varieties,7/12/2024,1.75,kg
vegetable,peas,shelling_all_varieties,7/12/2024,3.45,kg
vegetable,rhubarb,outdoor,7/12/2024,2.53,kg
vegetable,spinach_leaf,loose_bunches,7/12/2024,2.83,kg
vegetable,tomatoes,round,7/12/2024,0.9,kg
vegetable,tomatoes,vine,7/12/2024,1.16,kg
vegetable,tomatoes,cherry,7/12/2024,1.25,kg
cut_flowers,gladioli,all_varieties,7/12/2024,0.4,stem
fruit,apples,bramleys_seedling,7/5/2024,1.85,kg
fruit,apples,other_late_season,7/5/2024,1.23,kg
fruit,blackberries,blackberries,7/5/2024,9.85,kg
fruit,blueberries,blueberries,7/5/2024,12.99,kg
fruit,cherries,all,7/5/2024,7,kg
fruit,gooseberries,gooseberries,7/5/2024,6.46,kg
fruit,plums,all_other,7/5/2024,2.68,kg
fruit,raspberries,raspberries,7/5/2024,10.72,kg
fruit,strawberries,strawberries,7/5/2024,5.44,kg
vegetable,asparagus,asparagus,7/5/2024,10.3,kg
vegetable,beans,broad,7/5/2024,2.76,kg
vegetable,beans,runner_climbing,7/5/2024,4.57,kg
vegetable,beetroot,beetroot,7/5/2024,0.77,kg
vegetable,pak_choi,pak_choi,7/5/2024,3.47,kg
vegetable,curly_kale,curly_kale,7/5/2024,5.07,kg
vegetable,cabbage,red,7/5/2024,0.93,kg
vegetable,cabbage,savoy,7/5/2024,0.96,head
vegetable,spring_greens,prepacked,7/5/2024,1.88,kg
vegetable,cabbage,summer_autumn_pointed,7/5/2024,0.99,kg
vegetable,cabbage,white,7/5/2024,1.06,kg
vegetable,cabbage,round_green_other,7/5/2024,0.89,head
vegetable,calabrese,calabrese,7/5/2024,3.4,kg
vegetable,capsicum,green,7/5/2024,1.85,kg
vegetable,capsicum,red,7/5/2024,1.73,kg
vegetable,capsicum,elongated,7/5/2024,1.51,kg
vegetable,capsicum,yelloworange,7/5/2024,1.87,kg
vegetable,carrots,topped_washed,7/5/2024,0.8,kg
vegetable,cauliflower,all,7/5/2024,1.31,head
vegetable,celery,all_washed,7/5/2024,1.23,kg
vegetable,celeriac,celeriac,7/5/2024,0.87,kg
vegetable,chinese_leaf,chinese_leaf,7/5/2024,1.46,kg
vegetable,coriander,coriander,7/5/2024,2.88,kg
vegetable,courgettes,courgettes,7/5/2024,2.09,kg
vegetable,cucumbers,cucumbers,7/5/2024,1.09,kg
vegetable,leeks,trimmed,7/5/2024,2.16,kg
vegetable,lettuce,butterhead_indoor,7/5/2024,0.46,head
vegetable,lettuce,cos,7/5/2024,0.75,head
vegetable,lettuce,crisp_iceberg_type,7/5/2024,0.76,head
vegetable,lettuce,little_gem,7/5/2024,0.7,twin
vegetable,rocket,rocket,7/5/2024,5.23,kg
vegetable,mixed_babyleaf_salad,pillow_pack,7/5/2024,5.41,kg
vegetable,onion,bulb_brown,7/5/2024,0.48,kg
vegetable,onion,saladspring,7/5/2024,0.46,kg
vegetable,swede,swede,7/5/2024,0.48,kg
vegetable,turnip,turnip,7/5/2024,1.9,kg
vegetable,parsnips,all_varieties,7/5/2024,2.4,kg
vegetable,peas,shelling_all_varieties,7/5/2024,3.63,kg
vegetable,rhubarb,outdoor,7/5/2024,2.71,kg
vegetable,spinach_leaf,loose_bunches,7/5/2024,2.88,kg
vegetable,tomatoes,round,7/5/2024,0.86,kg
vegetable,tomatoes,vine,7/5/2024,1.42,kg
cut_flowers,gladioli,all_varieties,7/5/2024,0,stem
fruit,apples,bramleys_seedling,6/28/2024,1.82,kg
fruit,apples,other_late_season,6/28/2024,1.21,kg
fruit,blackberries,blackberries,6/28/2024,9.38,kg
fruit,blueberries,blueberries,6/28/2024,14.47,kg
fruit,cherries,all,6/28/2024,6.84,kg
fruit,gooseberries,gooseberries,6/28/2024,6.52,kg
fruit,raspberries,raspberries,6/28/2024,10.84,kg
fruit,strawberries,strawberries,6/28/2024,5.45,kg
vegetable,asparagus,asparagus,6/28/2024,12.17,kg
vegetable,beans,broad,6/28/2024,3.05,kg
vegetable,beans,runner_climbing,6/28/2024,3.3,kg
vegetable,beetroot,beetroot,6/28/2024,0.85,kg
vegetable,pak_choi,pak_choi,6/28/2024,3.48,kg
vegetable,curly_kale,curly_kale,6/28/2024,5.18,kg
vegetable,cabbage,red,6/28/2024,1,kg
vegetable,cabbage,savoy,6/28/2024,1.05,head
vegetable,spring_greens,prepacked,6/28/2024,1.88,kg
vegetable,cabbage,summer_autumn_pointed,6/28/2024,1.07,kg
vegetable,cabbage,white,6/28/2024,0.97,kg
vegetable,cabbage,round_green_other,6/28/2024,0.92,head
vegetable,calabrese,calabrese,6/28/2024,2.9,kg
vegetable,capsicum,green,6/28/2024,1.54,kg
vegetable,capsicum,red,6/28/2024,1.57,kg
vegetable,capsicum,elongated,6/28/2024,1.47,kg
vegetable,capsicum,yelloworange,6/28/2024,1.86,kg
vegetable,carrots,topped_washed,6/28/2024,0.89,kg
vegetable,cauliflower,all,6/28/2024,1.98,head
vegetable,celery,all_washed,6/28/2024,1.12,kg
vegetable,celeriac,celeriac,6/28/2024,1.7,kg
vegetable,chinese_leaf,chinese_leaf,6/28/2024,1.42,kg
vegetable,coriander,coriander,6/28/2024,3.87,kg
vegetable,courgettes,courgettes,6/28/2024,1.5,kg
vegetable,cucumbers,cucumbers,6/28/2024,1.14,kg
vegetable,leeks,trimmed,6/28/2024,1.26,kg
vegetable,lettuce,butterhead_indoor,6/28/2024,0.48,head
vegetable,lettuce,cos,6/28/2024,0.71,head
vegetable,lettuce,crisp_iceberg_type,6/28/2024,0.78,head
vegetable,lettuce,little_gem,6/28/2024,0.66,twin
vegetable,rocket,rocket,6/28/2024,4.95,kg
vegetable,mixed_babyleaf_salad,pillow_pack,6/28/2024,5.4,kg
vegetable,onion,bulb_brown,6/28/2024,0.4,kg
vegetable,onion,saladspring,6/28/2024,0.43,kg
vegetable,swede,swede,6/28/2024,0.46,kg
vegetable,parsnips,all_varieties,6/28/2024,2.4,kg
vegetable,peas,shelling_all_varieties,6/28/2024,4.42,kg
vegetable,rhubarb,forced,6/28/2024,2.8,kg
vegetable,rhubarb,outdoor,6/28/2024,2.28,kg
vegetable,spinach_leaf,loose_bunches,6/28/2024,3,kg
vegetable,tomatoes,round,6/28/2024,0.89,kg
vegetable,tomatoes,vine,6/28/2024,1.4,kg
fruit,apples,bramleys_seedling,6/21/2024,1.89,kg
fruit,apples,gala,6/21/2024,1.24,kg
fruit,apples,other_late_season,6/21/2024,1.26,kg
fruit,blackberries,blackberries,6/21/2024,14.4,kg
fruit,blueberries,blueberries,6/21/2024,14.07,kg
fruit,cherries,all,6/21/2024,5.92,kg
fruit,gooseberries,gooseberries,6/21/2024,7.63,kg
fruit,raspberries,raspberries,6/21/2024,10.06,kg
fruit,strawberries,strawberries,6/21/2024,5.79,kg
vegetable,asparagus,asparagus,6/21/2024,10.17,kg
vegetable,beans,broad,6/21/2024,3.66,kg
vegetable,beetroot,beetroot,6/21/2024,0.83,kg
vegetable,pak_choi,pak_choi,6/21/2024,4.48,kg
vegetable,curly_kale,curly_kale,6/21/2024,6.57,kg
vegetable,cabbage,red,6/21/2024,0.83,kg
vegetable,cabbage,savoy,6/21/2024,1,head
vegetable,spring_greens,prepacked,6/21/2024,2.88,kg
vegetable,cabbage,summer_autumn_pointed,6/21/2024,1.08,kg
vegetable,cabbage,white,6/21/2024,1.09,kg
vegetable,cabbage,round_green_other,6/21/2024,0.91,head
vegetable,calabrese,calabrese,6/21/2024,2.19,kg
vegetable,capsicum,green,6/21/2024,1.64,kg
vegetable,capsicum,red,6/21/2024,1.81,kg
vegetable,capsicum,elongated,6/21/2024,1.89,kg
vegetable,capsicum,yelloworange,6/21/2024,1.93,kg
vegetable,carrots,topped_washed,6/21/2024,1.07,kg
vegetable,cauliflower,all,6/21/2024,2.3,head
vegetable,celery,all_washed,6/21/2024,1.28,kg
vegetable,celeriac,celeriac,6/21/2024,0.97,kg
vegetable,chinese_leaf,chinese_leaf,6/21/2024,1.48,kg
vegetable,coriander,coriander,6/21/2024,3.44,kg
vegetable,courgettes,courgettes,6/21/2024,1.41,kg
vegetable,cucumbers,cucumbers,6/21/2024,1.02,kg
vegetable,lettuce,butterhead_indoor,6/21/2024,0.48,head
vegetable,lettuce,cos,6/21/2024,0.77,head
vegetable,lettuce,crisp_iceberg_type,6/21/2024,0.75,head
vegetable,lettuce,little_gem,6/21/2024,0.69,twin
vegetable,rocket,rocket,6/21/2024,5.54,kg
vegetable,mixed_babyleaf_salad,pillow_pack,6/21/2024,5.26,kg
vegetable,onion,bulb_brown,6/21/2024,0.85,kg
vegetable,onion,bulb_red,6/21/2024,0.34,kg
vegetable,onion,saladspring,6/21/2024,0.45,kg
vegetable,swede,swede,6/21/2024,0.5,kg
vegetable,turnip,turnip,6/21/2024,2.6,kg
vegetable,parsnips,all_varieties,6/21/2024,3,kg
vegetable,peas,shelling_all_varieties,6/21/2024,3.63,kg
vegetable,rhubarb,outdoor,6/21/2024,2.34,kg
vegetable,spinach_leaf,loose_bunches,6/21/2024,2.93,kg
vegetable,tomatoes,round,6/21/2024,1.96,kg
vegetable,tomatoes,vine,6/21/2024,1.5,kg
fruit,apples,bramleys_seedling,6/14/2024,1.8,kg
fruit,apples,gala,6/14/2024,1.24,kg
fruit,apples,other_late_season,6/14/2024,1.29,kg
fruit,blueberries,blueberries,6/14/2024,14.68,kg
fruit,cherries,all,6/14/2024,7.06,kg
fruit,gooseberries,gooseberries,6/14/2024,7.51,kg
fruit,raspberries,raspberries,6/14/2024,12.18,kg
fruit,strawberries,strawberries,6/14/2024,3.99,kg
vegetable,asparagus,asparagus,6/14/2024,11.51,kg
vegetable,beans,broad,6/14/2024,3.33,kg
vegetable,beetroot,beetroot,6/14/2024,0.75,kg
vegetable,pak_choi,pak_choi,6/14/2024,3.62,kg
vegetable,curly_kale,curly_kale,6/14/2024,5.47,kg
vegetable,cabbage,red,6/14/2024,0.8,kg
vegetable,cabbage,savoy,6/14/2024,1.05,head
vegetable,spring_greens,prepacked,6/14/2024,2.49,kg
vegetable,cabbage,summer_autumn_pointed,6/14/2024,1.01,kg
vegetable,cabbage,white,6/14/2024,0.96,kg
vegetable,cabbage,round_green_other,6/14/2024,0.93,head
vegetable,calabrese,calabrese,6/14/2024,6.89,kg
vegetable,capsicum,green,6/14/2024,1.64,kg
vegetable,capsicum,red,6/14/2024,2.09,kg
vegetable,capsicum,elongated,6/14/2024,1.8,kg
vegetable,capsicum,yelloworange,6/14/2024,1.8,kg
vegetable,cauliflower,all,6/14/2024,1.64,head
vegetable,celery,all_washed,6/14/2024,1.29,kg
vegetable,celeriac,celeriac,6/14/2024,0.83,kg
vegetable,chinese_leaf,chinese_leaf,6/14/2024,1.39,kg
vegetable,coriander,coriander,6/14/2024,2.84,kg
vegetable,cucumbers,cucumbers,6/14/2024,1.02,kg
vegetable,leeks,trimmed,6/14/2024,2.65,kg
vegetable,lettuce,butterhead_indoor,6/14/2024,0.47,head
vegetable,lettuce,cos,6/14/2024,0.81,head
vegetable,lettuce,crisp_iceberg_type,6/14/2024,0.78,head
vegetable,lettuce,little_gem,6/14/2024,0.76,twin
vegetable,rocket,rocket,6/14/2024,5.78,kg
vegetable,mixed_babyleaf_salad,pillow_pack,6/14/2024,5.49,kg
vegetable,onion,bulb_red,6/14/2024,1.1,kg
vegetable,onion,saladspring,6/14/2024,0.38,kg
vegetable,swede,swede,6/14/2024,0.37,kg
vegetable,turnip,turnip,6/14/2024,2.55,kg
vegetable,peas,shelling_all_varieties,6/14/2024,4.74,kg
vegetable,rhubarb,forced,6/14/2024,3.19,kg
vegetable,rhubarb,outdoor,6/14/2024,2.26,kg
vegetable,spinach_leaf,loose_bunches,6/14/2024,2.28,kg
vegetable,tomatoes,round,6/14/2024,0.9,kg
vegetable,tomatoes,vine,6/14/2024,1.48,kg
vegetable,tomatoes,cherry,6/14/2024,4.37,kg
fruit,apples,bramleys_seedling,6/7/2024,1.84,kg
fruit,apples,braeburn,6/7/2024,1.34,kg
fruit,apples,gala,6/7/2024,1.24,kg
fruit,apples,other_late_season,6/7/2024,1.28,kg
fruit,blackberries,blackberries,6/7/2024,6,kg
fruit,cherries,all,6/7/2024,9.96,kg
fruit,gooseberries,gooseberries,6/7/2024,2.4,kg
fruit,raspberries,raspberries,6/7/2024,8.56,kg
fruit,strawberries,strawberries,6/7/2024,2.76,kg
vegetable,asparagus,asparagus,6/7/2024,12.07,kg
vegetable,beans,broad,6/7/2024,3.2,kg
vegetable,beetroot,beetroot,6/7/2024,0.75,kg
vegetable,pak_choi,pak_choi,6/7/2024,3.77,kg
vegetable,curly_kale,curly_kale,6/7/2024,5.24,kg
vegetable,cabbage,red,6/7/2024,0.76,kg
vegetable,cabbage,savoy,6/7/2024,1,head
vegetable,spring_greens,prepacked,6/7/2024,2.31,kg
vegetable,cabbage,summer_autumn_pointed,6/7/2024,0.98,kg
vegetable,cabbage,white,6/7/2024,0.94,kg
vegetable,cabbage,round_green_other,6/7/2024,0.93,head
vegetable,calabrese,calabrese,6/7/2024,2.2,kg
vegetable,capsicum,green,6/7/2024,2,kg
vegetable,capsicum,red,6/7/2024,2.17,kg
vegetable,capsicum,elongated,6/7/2024,1.8,kg
vegetable,capsicum,yelloworange,6/7/2024,1.96,kg
vegetable,carrots,topped_washed,6/7/2024,0.8,kg
vegetable,cauliflower,all,6/7/2024,2.05,head
vegetable,celeriac,celeriac,6/7/2024,0.85,kg
vegetable,chinese_leaf,chinese_leaf,6/7/2024,1.53,kg
vegetable,coriander,coriander,6/7/2024,3.4,kg
vegetable,cucumbers,cucumbers,6/7/2024,1.24,kg
vegetable,lettuce,butterhead_indoor,6/7/2024,0.47,head
vegetable,lettuce,cos,6/7/2024,0.81,head
vegetable,lettuce,crisp_iceberg_type,6/7/2024,0.79,head
vegetable,lettuce,little_gem,6/7/2024,0.75,twin
vegetable,rocket,rocket,6/7/2024,5.38,kg
vegetable,mixed_babyleaf_salad,pillow_pack,6/7/2024,5.17,kg
vegetable,onion,bulb_brown,6/7/2024,0.55,kg
vegetable,onion,bulb_red,6/7/2024,1.1,kg
vegetable,onion,saladspring,6/7/2024,0.38,kg
vegetable,swede,swede,6/7/2024,0.42,kg
vegetable,peas,shelling_all_varieties,6/7/2024,4.13,kg
vegetable,rhubarb,outdoor,6/7/2024,2.26,kg
vegetable,spinach_leaf,loose_bunches,6/7/2024,2.17,kg
vegetable,tomatoes,round,6/7/2024,1,kg
vegetable,tomatoes,vine,6/7/2024,1.6,kg
vegetable,tomatoes,cherry,6/7/2024,5,kg
fruit,apples,bramleys_seedling,5/31/2024,1.79,kg
fruit,apples,braeburn,5/31/2024,1.3,kg
fruit,apples,gala,5/31/2024,1.24,kg
fruit,apples,other_late_season,5/31/2024,1.38,kg
fruit,blackberries,blackberries,5/31/2024,5.4,kg
fruit,cherries,all,5/31/2024,6.61,kg
fruit,gooseberries,gooseberries,5/31/2024,2.4,kg
fruit,raspberries,raspberries,5/31/2024,10.54,kg
fruit,strawberries,strawberries,5/31/2024,4.25,kg
vegetable,asparagus,asparagus,5/31/2024,8.35,kg
vegetable,beetroot,beetroot,5/31/2024,0.73,kg
vegetable,pak_choi,pak_choi,5/31/2024,3.8,kg
vegetable,curly_kale,curly_kale,5/31/2024,5.29,kg
vegetable,cabbage,red,5/31/2024,0.73,kg
vegetable,cabbage,savoy,5/31/2024,1.07,head
vegetable,spring_greens,prepacked,5/31/2024,2.09,kg
vegetable,cabbage,summer_autumn_pointed,5/31/2024,1.2,kg
vegetable,cabbage,white,5/31/2024,0.91,kg
vegetable,cabbage,round_green_other,5/31/2024,0.92,head
vegetable,calabrese,calabrese,5/31/2024,2.42,kg
vegetable,capsicum,green,5/31/2024,2.02,kg
vegetable,capsicum,red,5/31/2024,2.1,kg
vegetable,capsicum,elongated,5/31/2024,2,kg
vegetable,capsicum,yelloworange,5/31/2024,1.7,kg
vegetable,carrots,topped_washed,5/31/2024,0.8,kg
vegetable,cauliflower,all,5/31/2024,2.15,head
vegetable,celeriac,celeriac,5/31/2024,0.84,kg
vegetable,chinese_leaf,chinese_leaf,5/31/2024,1.57,kg
vegetable,coriander,coriander,5/31/2024,3.92,kg
vegetable,cucumbers,cucumbers,5/31/2024,1.34,kg
vegetable,lettuce,butterhead_indoor,5/31/2024,0.46,head
vegetable,lettuce,cos,5/31/2024,0.97,head
vegetable,lettuce,crisp_iceberg_type,5/31/2024,0.77,head
vegetable,lettuce,little_gem,5/31/2024,0.78,twin
vegetable,rocket,rocket,5/31/2024,5.28,kg
vegetable,mixed_babyleaf_salad,pillow_pack,5/31/2024,5.38,kg
vegetable,onion,bulb_brown,5/31/2024,0.69,kg
vegetable,onion,bulb_red,5/31/2024,1.1,kg
vegetable,onion,saladspring,5/31/2024,0.38,kg
vegetable,swede,swede,5/31/2024,0.35,kg
vegetable,rhubarb,forced,5/31/2024,3.6,kg
vegetable,rhubarb,outdoor,5/31/2024,2.27,kg
vegetable,spinach_leaf,loose_bunches,5/31/2024,2.55,kg
vegetable,tomatoes,round,5/31/2024,0.89,kg
vegetable,tomatoes,vine,5/31/2024,1.04,kg
vegetable,tomatoes,cherry,5/31/2024,5,kg
fruit,apples,bramleys_seedling,5/24/2024,1.83,kg
fruit,apples,braeburn,5/24/2024,1.44,kg
fruit,apples,gala,5/24/2024,1.33,kg
fruit,apples,other_late_season,5/24/2024,1.27,kg
fruit,blackberries,blackberries,5/24/2024,16,kg
fruit,raspberries,raspberries,5/24/2024,14.67,kg
fruit,strawberries,strawberries,5/24/2024,5.25,kg
vegetable,asparagus,asparagus,5/24/2024,8.11,kg
vegetable,beetroot,beetroot,5/24/2024,0.68,kg
vegetable,pak_choi,pak_choi,5/24/2024,3.79,kg
vegetable,curly_kale,curly_kale,5/24/2024,5.3,kg
vegetable,cabbage,red,5/24/2024,0.75,kg
vegetable,cabbage,savoy,5/24/2024,1.13,head
vegetable,spring_greens,prepacked,5/24/2024,2.21,kg
vegetable,cabbage,summer_autumn_pointed,5/24/2024,1.03,kg
vegetable,cabbage,white,5/24/2024,0.88,kg
vegetable,cabbage,round_green_other,5/24/2024,0.97,head
vegetable,capsicum,green,5/24/2024,1.6,kg
vegetable,capsicum,red,5/24/2024,2.45,kg
vegetable,capsicum,elongated,5/24/2024,1.98,kg
vegetable,carrots,topped_washed,5/24/2024,0.83,kg
vegetable,cauliflower,all,5/24/2024,1.86,head
vegetable,celeriac,celeriac,5/24/2024,0.81,kg
vegetable,chinese_leaf,chinese_leaf,5/24/2024,1.47,kg
vegetable,coriander,coriander,5/24/2024,3.92,kg
vegetable,cucumbers,cucumbers,5/24/2024,1.34,kg
vegetable,leeks,trimmed,5/24/2024,2.2,kg
vegetable,lettuce,butterhead_indoor,5/24/2024,0.49,head
vegetable,lettuce,cos,5/24/2024,0.99,head
vegetable,lettuce,crisp_iceberg_type,5/24/2024,1.03,head
vegetable,lettuce,little_gem,5/24/2024,0.77,twin
vegetable,rocket,rocket,5/24/2024,6,kg
vegetable,mixed_babyleaf_salad,pillow_pack,5/24/2024,4.56,kg
vegetable,onion,bulb_brown,5/24/2024,0.72,kg
vegetable,onion,bulb_red,5/24/2024,1.5,kg
vegetable,onion,saladspring,5/24/2024,0.4,kg
vegetable,swede,swede,5/24/2024,0.42,kg
vegetable,parsnips,all_varieties,5/24/2024,2.19,kg
vegetable,rhubarb,forced,5/24/2024,5,kg
vegetable,rhubarb,outdoor,5/24/2024,2.26,kg
vegetable,spinach_leaf,loose_bunches,5/24/2024,2.6,kg
vegetable,tomatoes,round,5/24/2024,0.92,kg
vegetable,tomatoes,vine,5/24/2024,1.29,kg
fruit,apples,bramleys_seedling,5/17/2024,1.81,kg
fruit,apples,braeburn,5/17/2024,1.48,kg
fruit,apples,gala,5/17/2024,1.28,kg
fruit,apples,other_late_season,5/17/2024,1.34,kg
fruit,pears,conference,5/17/2024,0.5,kg
fruit,strawberries,strawberries,5/17/2024,5.74,kg
vegetable,asparagus,asparagus,5/17/2024,8.52,kg
vegetable,beetroot,beetroot,5/17/2024,0.71,kg
vegetable,pak_choi,pak_choi,5/17/2024,3.96,kg
vegetable,curly_kale,curly_kale,5/17/2024,5.32,kg
vegetable,cabbage,red,5/17/2024,0.74,kg
vegetable,cabbage,savoy,5/17/2024,0.14,head
vegetable,spring_greens,prepacked,5/17/2024,2.36,kg
vegetable,cabbage,summer_autumn_pointed,5/17/2024,0.78,kg
vegetable,cabbage,white,5/17/2024,0.87,kg
vegetable,cabbage,round_green_other,5/17/2024,0.86,head
vegetable,capsicum,green,5/17/2024,2.2,kg
vegetable,capsicum,red,5/17/2024,2.84,kg
vegetable,capsicum,elongated,5/17/2024,2,kg
vegetable,capsicum,yelloworange,5/17/2024,2.84,kg
vegetable,carrots,topped_washed,5/17/2024,0.85,kg
vegetable,cauliflower,all,5/17/2024,2.01,head
vegetable,celeriac,celeriac,5/17/2024,0.82,kg
vegetable,chinese_leaf,chinese_leaf,5/17/2024,1.67,kg
vegetable,coriander,coriander,5/17/2024,3,kg
vegetable,cucumbers,cucumbers,5/17/2024,1.29,kg
vegetable,leeks,trimmed,5/17/2024,2.31,kg
vegetable,lettuce,butterhead_indoor,5/17/2024,0.48,head
vegetable,lettuce,cos,5/17/2024,0.99,head
vegetable,lettuce,crisp_iceberg_type,5/17/2024,1.07,head
vegetable,lettuce,little_gem,5/17/2024,0.79,twin
vegetable,rocket,rocket,5/17/2024,6.22,kg
vegetable,mixed_babyleaf_salad,pillow_pack,5/17/2024,7.14,kg
vegetable,onion,bulb_brown,5/17/2024,0.72,kg
vegetable,onion,bulb_red,5/17/2024,1.12,kg
vegetable,onion,saladspring,5/17/2024,0.44,kg
vegetable,swede,swede,5/17/2024,0.36,kg
vegetable,parsnips,all_varieties,5/17/2024,2.02,kg
vegetable,rhubarb,forced,5/17/2024,4.61,kg
vegetable,rhubarb,outdoor,5/17/2024,2.23,kg
vegetable,spinach_leaf,loose_bunches,5/17/2024,3,kg
vegetable,tomatoes,round,5/17/2024,0.96,kg
vegetable,tomatoes,vine,5/17/2024,1.31,kg
fruit,apples,bramleys_seedling,5/10/2024,1.77,kg
fruit,apples,braeburn,5/10/2024,1.46,kg
fruit,apples,gala,5/10/2024,1.44,kg
fruit,apples,other_late_season,5/10/2024,1.38,kg
fruit,pears,conference,5/10/2024,1.21,kg
fruit,strawberries,strawberries,5/10/2024,7.25,kg
vegetable,asparagus,asparagus,5/10/2024,10.02,kg
vegetable,beetroot,beetroot,5/10/2024,0.67,kg
vegetable,pak_choi,pak_choi,5/10/2024,3.79,kg
vegetable,curly_kale,curly_kale,5/10/2024,5.35,kg
vegetable,cabbage,red,5/10/2024,0.74,kg
vegetable,spring_greens,prepacked,5/10/2024,2.28,kg
vegetable,cabbage,summer_autumn_pointed,5/10/2024,0.79,kg
vegetable,cabbage,white,5/10/2024,0.71,kg
vegetable,cabbage,round_green_other,5/10/2024,0.68,head
vegetable,capsicum,green,5/10/2024,2.39,kg
vegetable,capsicum,red,5/10/2024,2.8,kg
vegetable,capsicum,elongated,5/10/2024,2.4,kg
vegetable,capsicum,yelloworange,5/10/2024,2.58,kg
vegetable,carrots,topped_washed,5/10/2024,0.87,kg
vegetable,cauliflower,all,5/10/2024,2.18,head
vegetable,celeriac,celeriac,5/10/2024,0.82,kg
vegetable,cucumbers,cucumbers,5/10/2024,1.01,kg
vegetable,leeks,trimmed,5/10/2024,1.78,kg
vegetable,lettuce,butterhead_indoor,5/10/2024,0.47,head
vegetable,lettuce,cos,5/10/2024,1.03,head
vegetable,lettuce,crisp_iceberg_type,5/10/2024,1.07,head
vegetable,lettuce,little_gem,5/10/2024,0.77,twin
vegetable,onion,bulb_brown,5/10/2024,0.72,kg
vegetable,onion,bulb_red,5/10/2024,1.1,kg
vegetable,onion,saladspring,5/10/2024,0.45,kg
vegetable,swede,swede,5/10/2024,0.36,kg
vegetable,parsnips,all_varieties,5/10/2024,1.94,kg
vegetable,rhubarb,forced,5/10/2024,4.61,kg
vegetable,rhubarb,outdoor,5/10/2024,2.28,kg
vegetable,tomatoes,round,5/10/2024,1.04,kg
vegetable,tomatoes,vine,5/10/2024,1.13,kg
fruit,apples,bramleys_seedling,5/3/2024,1.83,kg
fruit,apples,braeburn,5/3/2024,1.39,kg
fruit,apples,gala,5/3/2024,1.43,kg
fruit,apples,other_late_season,5/3/2024,1.45,kg
fruit,pears,conference,5/3/2024,1.17,kg
fruit,strawberries,strawberries,5/3/2024,6.79,kg
vegetable,asparagus,asparagus,5/3/2024,11.46,kg
vegetable,beetroot,beetroot,5/3/2024,0.66,kg
vegetable,pak_choi,pak_choi,5/3/2024,3.69,kg
vegetable,cabbage,red,5/3/2024,0.72,kg
vegetable,spring_greens,prepacked,5/3/2024,2.33,kg
vegetable,cabbage,summer_autumn_pointed,5/3/2024,0.76,kg
vegetable,cabbage,white,5/3/2024,0.66,kg
vegetable,cabbage,round_green_other,5/3/2024,0.68,head
vegetable,capsicum,green,5/3/2024,2.4,kg
vegetable,capsicum,red,5/3/2024,2.4,kg
vegetable,capsicum,yelloworange,5/3/2024,2.4,kg
vegetable,carrots,topped_washed,5/3/2024,0.8,kg
vegetable,cauliflower,all,5/3/2024,1.58,head
vegetable,celeriac,celeriac,5/3/2024,0.82,kg
vegetable,cucumbers,cucumbers,5/3/2024,0.83,kg
vegetable,leeks,trimmed,5/3/2024,1.62,kg
vegetable,lettuce,butterhead_indoor,5/3/2024,0.49,head
vegetable,lettuce,little_gem,5/3/2024,0.76,twin
vegetable,mixed_babyleaf_salad,pillow_pack,5/3/2024,6.2,kg
vegetable,onion,bulb_brown,5/3/2024,0.7,kg
vegetable,onion,bulb_red,5/3/2024,1.13,kg
vegetable,onion,saladspring,5/3/2024,0.45,kg
vegetable,swede,swede,5/3/2024,0.31,kg
vegetable,parsnips,all_varieties,5/3/2024,1.75,kg
vegetable,rhubarb,forced,5/3/2024,4.61,kg
vegetable,rhubarb,outdoor,5/3/2024,2.25,kg
vegetable,tomatoes,round,5/3/2024,1.16,kg
vegetable,tomatoes,vine,5/3/2024,1.27,kg
vegetable,tomatoes,cherry,5/3/2024,2.8,kg
fruit,apples,bramleys_seedling,4/26/2024,1.85,kg
fruit,apples,braeburn,4/26/2024,1.4,kg
fruit,apples,gala,4/26/2024,1.39,kg
fruit,apples,other_late_season,4/26/2024,1.45,kg
fruit,pears,conference,4/26/2024,1.16,kg
fruit,strawberries,strawberries,4/26/2024,5.81,kg
vegetable,asparagus,asparagus,4/26/2024,10.9,kg
vegetable,beetroot,beetroot,4/26/2024,0.67,kg
vegetable,pak_choi,pak_choi,4/26/2024,3.67,kg
vegetable,cabbage,red,4/26/2024,0.71,kg
vegetable,spring_greens,prepacked,4/26/2024,2.16,kg
vegetable,cabbage,summer_autumn_pointed,4/26/2024,0.86,kg
vegetable,cabbage,white,4/26/2024,0.65,kg
vegetable,cabbage,round_green_other,4/26/2024,0.68,head
vegetable,carrots,topped_washed,4/26/2024,0.8,kg
vegetable,cauliflower,all,4/26/2024,1.02,head
vegetable,celeriac,celeriac,4/26/2024,0.8,kg
vegetable,cucumbers,cucumbers,4/26/2024,0.9,kg
vegetable,leeks,trimmed,4/26/2024,1.72,kg
vegetable,lettuce,butterhead_indoor,4/26/2024,0.48,head
vegetable,lettuce,little_gem,4/26/2024,0.79,twin
vegetable,rocket,rocket,4/26/2024,6.4,kg
vegetable,mixed_babyleaf_salad,pillow_pack,4/26/2024,7.27,kg
vegetable,onion,bulb_brown,4/26/2024,0.72,kg
vegetable,onion,bulb_red,4/26/2024,1.04,kg
vegetable,onion,saladspring,4/26/2024,0.5,kg
vegetable,swede,swede,4/26/2024,0.28,kg
vegetable,parsnips,all_varieties,4/26/2024,1.82,kg
vegetable,rhubarb,forced,4/26/2024,4.37,kg
vegetable,rhubarb,outdoor,4/26/2024,2.37,kg
vegetable,tomatoes,round,4/26/2024,1.28,kg
vegetable,tomatoes,vine,4/26/2024,1.24,kg
vegetable,tomatoes,cherry,4/26/2024,2.4,kg
fruit,apples,bramleys_seedling,4/19/2024,1.76,kg
fruit,apples,braeburn,4/19/2024,1.26,kg
fruit,apples,gala,4/19/2024,1.4,kg
fruit,apples,other_late_season,4/19/2024,1.43,kg
fruit,pears,conference,4/19/2024,1.2,kg
fruit,strawberries,strawberries,4/19/2024,7.08,kg
vegetable,asparagus,asparagus,4/19/2024,11.78,kg
vegetable,beetroot,beetroot,4/19/2024,0.67,kg
vegetable,pak_choi,pak_choi,4/19/2024,3.64,kg
vegetable,curly_kale,curly_kale,4/19/2024,4.46,kg
vegetable,cabbage,red,4/19/2024,0.72,kg
vegetable,spring_greens,prepacked,4/19/2024,2.13,kg
vegetable,cabbage,summer_autumn_pointed,4/19/2024,0.8,kg
vegetable,cabbage,white,4/19/2024,0.65,kg
vegetable,cabbage,round_green_other,4/19/2024,0.68,head
vegetable,carrots,topped_washed,4/19/2024,0.75,kg
vegetable,cauliflower,all,4/19/2024,0.9,head
vegetable,celeriac,celeriac,4/19/2024,0.82,kg
vegetable,cucumbers,cucumbers,4/19/2024,0.91,kg
vegetable,leeks,trimmed,4/19/2024,1.81,kg
vegetable,lettuce,butterhead_indoor,4/19/2024,0.49,head
vegetable,lettuce,little_gem,4/19/2024,0.75,twin
vegetable,mixed_babyleaf_salad,pillow_pack,4/19/2024,6.9,kg
vegetable,onion,bulb_brown,4/19/2024,0.77,kg
vegetable,onion,bulb_red,4/19/2024,0.91,kg
vegetable,onion,saladspring,4/19/2024,0.51,kg
vegetable,swede,swede,4/19/2024,0.29,kg
vegetable,turnip,turnip,4/19/2024,2.7,kg
vegetable,parsnips,all_varieties,4/19/2024,1.82,kg
vegetable,rhubarb,forced,4/19/2024,4.3,kg
vegetable,rhubarb,outdoor,4/19/2024,2.48,kg
vegetable,tomatoes,round,4/19/2024,1.17,kg
vegetable,tomatoes,vine,4/19/2024,1.31,kg
cut_flowers,tulips,tulips,4/19/2024,0.34,stem
fruit,apples,bramleys_seedling,4/12/2024,1.63,kg
fruit,apples,braeburn,4/12/2024,1.41,kg
fruit,apples,gala,4/12/2024,1.36,kg
fruit,pears,conference,4/12/2024,1.13,kg
fruit,pears,doyenne_du_comice,4/12/2024,0.9,kg
vegetable,asparagus,asparagus,4/12/2024,13.15,kg
vegetable,beetroot,beetroot,4/12/2024,0.65,kg
vegetable,pak_choi,pak_choi,4/12/2024,3.76,kg
vegetable,curly_kale,curly_kale,4/12/2024,4.46,kg
vegetable,cabbage,red,4/12/2024,0.7,kg
vegetable,spring_greens,prepacked,4/12/2024,2.07,kg
vegetable,cabbage,summer_autumn_pointed,4/12/2024,0.86,kg
vegetable,cabbage,white,4/12/2024,0.63,kg
vegetable,cabbage,round_green_other,4/12/2024,0.68,head
vegetable,capsicum,green,4/12/2024,2,kg
vegetable,capsicum,red,4/12/2024,2.3,kg
vegetable,carrots,topped_washed,4/12/2024,0.7,kg
vegetable,cauliflower,all,4/12/2024,0.94,head
vegetable,celeriac,celeriac,4/12/2024,0.8,kg
vegetable,cucumbers,cucumbers,4/12/2024,0.95,kg
vegetable,leeks,trimmed,4/12/2024,1.79,kg
vegetable,lettuce,butterhead_indoor,4/12/2024,0.49,head
vegetable,lettuce,little_gem,4/12/2024,0.76,twin
vegetable,rocket,rocket,4/12/2024,6.2,kg
vegetable,mixed_babyleaf_salad,pillow_pack,4/12/2024,6.82,kg
vegetable,onion,bulb_brown,4/12/2024,0.73,kg
vegetable,onion,bulb_red,4/12/2024,0.87,kg
vegetable,swede,swede,4/12/2024,0.29,kg
vegetable,turnip,turnip,4/12/2024,2.7,kg
vegetable,parsnips,all_varieties,4/12/2024,1.48,kg
vegetable,rhubarb,forced,4/12/2024,4.72,kg
vegetable,rhubarb,outdoor,4/12/2024,2.26,kg
vegetable,tomatoes,round,4/12/2024,1.21,kg
vegetable,tomatoes,vine,4/12/2024,2.65,kg
cut_flowers,tulips,tulips,4/12/2024,0.29,stem
fruit,apples,bramleys_seedling,4/5/2024,1.63,kg
fruit,apples,braeburn,4/5/2024,1.37,kg
fruit,apples,gala,4/5/2024,1.38,kg
fruit,apples,other_late_season,4/5/2024,1.2,kg
fruit,pears,conference,4/5/2024,1.16,kg
fruit,pears,doyenne_du_comice,4/5/2024,1.07,kg
vegetable,asparagus,asparagus,4/5/2024,15.33,kg
vegetable,beetroot,beetroot,4/5/2024,0.68,kg
vegetable,brussels_sprouts,brussels_sprouts,4/5/2024,1.67,kg
vegetable,pak_choi,pak_choi,4/5/2024,3.67,kg
vegetable,curly_kale,curly_kale,4/5/2024,4.66,kg
vegetable,cabbage,red,4/5/2024,0.72,kg
vegetable,cabbage,savoy,4/5/2024,0.77,head
vegetable,spring_greens,prepacked,4/5/2024,2.07,kg
vegetable,cabbage,summer_autumn_pointed,4/5/2024,0.8,kg
vegetable,cabbage,white,4/5/2024,0.66,kg
vegetable,cabbage,round_green_other,4/5/2024,0.68,head
vegetable,capsicum,green,4/5/2024,2.5,kg
vegetable,capsicum,red,4/5/2024,2.6,kg
vegetable,capsicum,elongated,4/5/2024,2.55,kg
vegetable,capsicum,yelloworange,4/5/2024,2.8,kg
vegetable,carrots,topped_washed,4/5/2024,0.68,kg
vegetable,cauliflower,all,4/5/2024,0.87,head
vegetable,celeriac,celeriac,4/5/2024,0.86,kg
vegetable,cucumbers,cucumbers,4/5/2024,0.98,kg
vegetable,leeks,trimmed,4/5/2024,1.73,kg
vegetable,lettuce,butterhead_indoor,4/5/2024,0.49,head
vegetable,lettuce,little_gem,4/5/2024,0.76,twin
vegetable,onion,bulb_brown,4/5/2024,0.81,kg
vegetable,onion,bulb_red,4/5/2024,0.9,kg
vegetable,swede,swede,4/5/2024,0.28,kg
vegetable,turnip,turnip,4/5/2024,2.7,kg
vegetable,parsnips,all_varieties,4/5/2024,1.47,kg
vegetable,rhubarb,forced,4/5/2024,4.49,kg
vegetable,rhubarb,outdoor,4/5/2024,2.37,kg
vegetable,tomatoes,round,4/5/2024,1.78,kg
vegetable,tomatoes,vine,4/5/2024,2.9,kg
cut_flowers,tulips,tulips,4/5/2024,0.3,stem
fruit,apples,bramleys_seedling,3/29/2024,1.51,kg
fruit,apples,braeburn,3/29/2024,1.35,kg
fruit,apples,gala,3/29/2024,1.31,kg
fruit,apples,other_late_season,3/29/2024,1.2,kg
fruit,pears,conference,3/29/2024,1.23,kg
fruit,pears,doyenne_du_comice,3/29/2024,1.07,kg
vegetable,asparagus,asparagus,3/29/2024,14.89,kg
vegetable,beetroot,beetroot,3/29/2024,0.62,kg
vegetable,brussels_sprouts,brussels_sprouts,3/29/2024,1.56,kg
vegetable,pak_choi,pak_choi,3/29/2024,3.7,kg
vegetable,curly_kale,curly_kale,3/29/2024,4.39,kg
vegetable,cabbage,red,3/29/2024,0.7,kg
vegetable,cabbage,savoy,3/29/2024,0.74,head
vegetable,spring_greens,prepacked,3/29/2024,2.07,kg
vegetable,cabbage,white,3/29/2024,0.62,kg
vegetable,cabbage,round_green_other,3/29/2024,0.69,head
vegetable,capsicum,green,3/29/2024,2.37,kg
vegetable,capsicum,red,3/29/2024,2.4,kg
vegetable,capsicum,yelloworange,3/29/2024,2.75,kg
vegetable,carrots,topped_washed,3/29/2024,0.67,kg
vegetable,cauliflower,all,3/29/2024,0.89,head
vegetable,celeriac,celeriac,3/29/2024,0.84,kg
vegetable,cucumbers,cucumbers,3/29/2024,1.07,kg
vegetable,leeks,trimmed,3/29/2024,1.72,kg
vegetable,lettuce,butterhead_indoor,3/29/2024,0.49,head
vegetable,lettuce,little_gem,3/29/2024,0.79,twin
vegetable,mixed_babyleaf_salad,pillow_pack,3/29/2024,6.85,kg
vegetable,onion,bulb_brown,3/29/2024,0.72,kg
vegetable,onion,bulb_red,3/29/2024,0.92,kg
vegetable,swede,swede,3/29/2024,0.28,kg
vegetable,turnip,turnip,3/29/2024,2.7,kg
vegetable,parsnips,all_varieties,3/29/2024,1.58,kg
vegetable,rhubarb,forced,3/29/2024,4.73,kg
vegetable,rhubarb,outdoor,3/29/2024,2.68,kg
cut_flowers,tulips,tulips,3/29/2024,0.35,stem
fruit,apples,bramleys_seedling,3/22/2024,1.48,kg
fruit,apples,braeburn,3/22/2024,1.27,kg
fruit,apples,gala,3/22/2024,1.3,kg
fruit,apples,other_late_season,3/22/2024,1.44,kg
fruit,pears,conference,3/22/2024,1.18,kg
fruit,pears,doyenne_du_comice,3/22/2024,1,kg
vegetable,asparagus,asparagus,3/22/2024,16.52,kg
vegetable,beetroot,beetroot,3/22/2024,0.61,kg
vegetable,pak_choi,pak_choi,3/22/2024,3.61,kg
vegetable,curly_kale,curly_kale,3/22/2024,4.44,kg
vegetable,cabbage,red,3/22/2024,0.7,kg
vegetable,cabbage,savoy,3/22/2024,0.76,head
vegetable,spring_greens,prepacked,3/22/2024,2,kg
vegetable,cabbage,white,3/22/2024,0.64,kg
vegetable,cabbage,round_green_other,3/22/2024,0.71,head
vegetable,capsicum,green,3/22/2024,2.53,kg
vegetable,capsicum,red,3/22/2024,2.6,kg
vegetable,capsicum,yelloworange,3/22/2024,2.8,kg
vegetable,carrots,topped_washed,3/22/2024,0.7,kg
vegetable,cauliflower,all,3/22/2024,0.73,head
vegetable,celeriac,celeriac,3/22/2024,0.83,kg
vegetable,cucumbers,cucumbers,3/22/2024,1.12,kg
vegetable,leeks,trimmed,3/22/2024,1.77,kg
vegetable,lettuce,butterhead_indoor,3/22/2024,0.48,head
vegetable,lettuce,little_gem,3/22/2024,0.79,twin
vegetable,mixed_babyleaf_salad,pillow_pack,3/22/2024,7.15,kg
vegetable,onion,bulb_brown,3/22/2024,0.71,kg
vegetable,onion,bulb_red,3/22/2024,0.96,kg
vegetable,swede,swede,3/22/2024,0.28,kg
vegetable,turnip,turnip,3/22/2024,2.7,kg
vegetable,parsnips,all_varieties,3/22/2024,1.63,kg
vegetable,rhubarb,forced,3/22/2024,4.52,kg
vegetable,rhubarb,outdoor,3/22/2024,2.81,kg
cut_flowers,tulips,tulips,3/22/2024,0.35,stem
fruit,apples,bramleys_seedling,3/15/2024,1.45,kg
fruit,apples,coxs_orange_group,3/15/2024,1.88,kg
fruit,apples,braeburn,3/15/2024,1.23,kg
fruit,apples,gala,3/15/2024,1.26,kg
fruit,apples,other_late_season,3/15/2024,1.31,kg
fruit,pears,conference,3/15/2024,1.21,kg
fruit,pears,doyenne_du_comice,3/15/2024,0.94,kg
vegetable,asparagus,asparagus,3/15/2024,17.18,kg
vegetable,beetroot,beetroot,3/15/2024,0.65,kg
vegetable,pak_choi,pak_choi,3/15/2024,3.4,kg
vegetable,curly_kale,curly_kale,3/15/2024,4.52,kg
vegetable,cabbage,red,3/15/2024,0.63,kg
vegetable,cabbage,savoy,3/15/2024,0.76,head
vegetable,spring_greens,prepacked,3/15/2024,2.04,kg
vegetable,cabbage,white,3/15/2024,0.62,kg
vegetable,cabbage,round_green_other,3/15/2024,0.7,head
vegetable,capsicum,green,3/15/2024,2.3,kg
vegetable,carrots,topped_washed,3/15/2024,0.7,kg
vegetable,cauliflower,all,3/15/2024,0.89,head
vegetable,celeriac,celeriac,3/15/2024,0.87,kg
vegetable,cucumbers,cucumbers,3/15/2024,1.18,kg
vegetable,leeks,trimmed,3/15/2024,1.72,kg
vegetable,lettuce,butterhead_indoor,3/15/2024,0.51,head
vegetable,lettuce,little_gem,3/15/2024,0.81,twin
vegetable,onion,bulb_brown,3/15/2024,0.73,kg
vegetable,onion,bulb_red,3/15/2024,0.88,kg
vegetable,swede,swede,3/15/2024,0.29,kg
vegetable,turnip,turnip,3/15/2024,2.7,kg
vegetable,parsnips,all_varieties,3/15/2024,1.6,kg
vegetable,rhubarb,forced,3/15/2024,4.48,kg
vegetable,rhubarb,outdoor,3/15/2024,3.07,kg
cut_flowers,tulips,tulips,3/15/2024,0.35,stem
fruit,apples,bramleys_seedling,3/8/2024,1.33,kg
fruit,apples,coxs_orange_group,3/8/2024,1.74,kg
fruit,apples,braeburn,3/8/2024,1.24,kg
fruit,apples,gala,3/8/2024,1.24,kg
fruit,apples,other_late_season,3/8/2024,1.36,kg
fruit,pears,conference,3/8/2024,1.33,kg
fruit,pears,doyenne_du_comice,3/8/2024,0.92,kg
fruit,pears,other,3/8/2024,1.1,kg
vegetable,asparagus,asparagus,3/8/2024,17.41,kg
vegetable,beetroot,beetroot,3/8/2024,0.63,kg
vegetable,brussels_sprouts,brussels_sprouts,3/8/2024,1.78,kg
vegetable,pak_choi,pak_choi,3/8/2024,3.63,kg
vegetable,curly_kale,curly_kale,3/8/2024,4.59,kg
vegetable,cabbage,red,3/8/2024,0.59,kg
vegetable,cabbage,savoy,3/8/2024,0.77,head
vegetable,spring_greens,prepacked,3/8/2024,2.12,kg
vegetable,cabbage,white,3/8/2024,0.54,kg
vegetable,cabbage,round_green_other,3/8/2024,0.65,head
vegetable,capsicum,green,3/8/2024,2.4,kg
vegetable,carrots,topped_washed,3/8/2024,0.63,kg
vegetable,cauliflower,all,3/8/2024,0.74,head
vegetable,celeriac,celeriac,3/8/2024,0.86,kg
vegetable,cucumbers,cucumbers,3/8/2024,1.09,kg
vegetable,leeks,trimmed,3/8/2024,1.75,kg
vegetable,lettuce,butterhead_indoor,3/8/2024,0.48,head
vegetable,lettuce,little_gem,3/8/2024,0.79,twin
vegetable,onion,bulb_brown,3/8/2024,0.73,kg
vegetable,onion,bulb_red,3/8/2024,0.88,kg
vegetable,swede,swede,3/8/2024,0.29,kg
vegetable,turnip,turnip,3/8/2024,2.7,kg
vegetable,parsnips,all_varieties,3/8/2024,1.44,kg
vegetable,rhubarb,forced,3/8/2024,4.8,kg
vegetable,rhubarb,outdoor,3/8/2024,4.06,kg
cut_flowers,tulips,tulips,3/8/2024,0.35,stem
fruit,apples,bramleys_seedling,3/1/2024,1.31,kg
fruit,apples,coxs_orange_group,3/1/2024,1.38,kg
fruit,apples,braeburn,3/1/2024,1.22,kg
fruit,apples,gala,3/1/2024,1.24,kg
fruit,apples,other_late_season,3/1/2024,1.43,kg
fruit,pears,conference,3/1/2024,1.11,kg
fruit,pears,doyenne_du_comice,3/1/2024,0.92,kg
vegetable,asparagus,asparagus,3/1/2024,18.5,kg
vegetable,beetroot,beetroot,3/1/2024,0.66,kg
vegetable,brussels_sprouts,brussels_sprouts,3/1/2024,1.66,kg
vegetable,pak_choi,pak_choi,3/1/2024,3.66,kg
vegetable,curly_kale,curly_kale,3/1/2024,4.53,kg
vegetable,cabbage,red,3/1/2024,0.57,kg
vegetable,cabbage,savoy,3/1/2024,0.82,head
vegetable,spring_greens,prepacked,3/1/2024,2.22,kg
vegetable,cabbage,white,3/1/2024,0.55,kg
vegetable,cabbage,round_green_other,3/1/2024,0.68,head
vegetable,carrots,topped_washed,3/1/2024,0.6,kg
vegetable,cauliflower,all,3/1/2024,0.74,head
vegetable,celeriac,celeriac,3/1/2024,0.8,kg
vegetable,cucumbers,cucumbers,3/1/2024,1.11,kg
vegetable,leeks,trimmed,3/1/2024,1.76,kg
vegetable,lettuce,butterhead_indoor,3/1/2024,0.5,head
vegetable,lettuce,little_gem,3/1/2024,0.81,twin
vegetable,onion,bulb_brown,3/1/2024,0.71,kg
vegetable,onion,bulb_red,3/1/2024,0.86,kg
vegetable,swede,swede,3/1/2024,0.29,kg
vegetable,turnip,turnip,3/1/2024,2.7,kg
vegetable,parsnips,all_varieties,3/1/2024,1.31,kg
vegetable,rhubarb,forced,3/1/2024,5.36,kg
vegetable,rhubarb,outdoor,3/1/2024,3.98,kg
fruit,apples,bramleys_seedling,2/23/2024,1.29,kg
fruit,apples,coxs_orange_group,2/23/2024,1.41,kg
fruit,apples,braeburn,2/23/2024,1.16,kg
fruit,apples,gala,2/23/2024,1.15,kg
fruit,apples,other_late_season,2/23/2024,1,kg
fruit,pears,conference,2/23/2024,1.24,kg
fruit,pears,doyenne_du_comice,2/23/2024,0.95,kg
vegetable,asparagus,asparagus,2/23/2024,19.33,kg
vegetable,beetroot,beetroot,2/23/2024,0.66,kg
vegetable,brussels_sprouts,brussels_sprouts,2/23/2024,1.59,kg
vegetable,pak_choi,pak_choi,2/23/2024,3.74,kg
vegetable,curly_kale,curly_kale,2/23/2024,4.62,kg
vegetable,cabbage,red,2/23/2024,0.54,kg
vegetable,cabbage,savoy,2/23/2024,0.76,head
vegetable,spring_greens,prepacked,2/23/2024,2.13,kg
vegetable,cabbage,white,2/23/2024,0.51,kg
vegetable,cabbage,round_green_other,2/23/2024,0.66,head
vegetable,carrots,topped_washed,2/23/2024,0.6,kg
vegetable,cauliflower,all,2/23/2024,0.72,head
vegetable,celeriac,celeriac,2/23/2024,0.83,kg
vegetable,cucumbers,cucumbers,2/23/2024,0.92,kg
vegetable,leeks,trimmed,2/23/2024,1.72,kg
vegetable,lettuce,butterhead_indoor,2/23/2024,0.5,head
vegetable,lettuce,little_gem,2/23/2024,0.75,twin
vegetable,onion,bulb_brown,2/23/2024,0.84,kg
vegetable,onion,bulb_red,2/23/2024,0.81,kg
vegetable,swede,swede,2/23/2024,0.31,kg
vegetable,turnip,turnip,2/23/2024,2.5,kg
vegetable,parsnips,all_varieties,2/23/2024,1.28,kg
vegetable,rhubarb,forced,2/23/2024,6.19,kg
cut_flowers,tulips,tulips,2/23/2024,0.35,stem
fruit,apples,bramleys_seedling,2/16/2024,1.3,kg
fruit,apples,coxs_orange_group,2/16/2024,1.59,kg
fruit,apples,braeburn,2/16/2024,1.21,kg
fruit,apples,gala,2/16/2024,1.23,kg
fruit,apples,other_late_season,2/16/2024,1.39,kg
fruit,pears,conference,2/16/2024,1.28,kg
fruit,pears,doyenne_du_comice,2/16/2024,0.96,kg
vegetable,beetroot,beetroot,2/16/2024,0.67,kg
vegetable,brussels_sprouts,brussels_sprouts,2/16/2024,1.62,kg
vegetable,pak_choi,pak_choi,2/16/2024,3.86,kg
vegetable,curly_kale,curly_kale,2/16/2024,4.43,kg
vegetable,cabbage,red,2/16/2024,0.54,kg
vegetable,cabbage,savoy,2/16/2024,0.72,head
vegetable,spring_greens,prepacked,2/16/2024,2.2,kg
vegetable,cabbage,white,2/16/2024,0.5,kg
vegetable,cabbage,round_green_other,2/16/2024,0.66,head
vegetable,carrots,topped_washed,2/16/2024,0.57,kg
vegetable,cauliflower,all,2/16/2024,0.8,head
vegetable,celeriac,celeriac,2/16/2024,0.82,kg
vegetable,cucumbers,cucumbers,2/16/2024,0.97,kg
vegetable,leeks,trimmed,2/16/2024,1.66,kg
vegetable,lettuce,butterhead_indoor,2/16/2024,0.52,head
vegetable,lettuce,little_gem,2/16/2024,0.82,twin
vegetable,onion,bulb_brown,2/16/2024,0.71,kg
vegetable,onion,bulb_red,2/16/2024,0.83,kg
vegetable,swede,swede,2/16/2024,0.3,kg
vegetable,turnip,turnip,2/16/2024,2.7,kg
vegetable,parsnips,all_varieties,2/16/2024,1.25,kg
vegetable,rhubarb,forced,2/16/2024,5.44,kg
cut_flowers,tulips,tulips,2/16/2024,0.35,stem
fruit,apples,bramleys_seedling,2/9/2024,1.27,kg
fruit,apples,coxs_orange_group,2/9/2024,1.47,kg
fruit,apples,braeburn,2/9/2024,1.21,kg
fruit,apples,gala,2/9/2024,1.24,kg
fruit,apples,other_late_season,2/9/2024,1.51,kg
fruit,pears,conference,2/9/2024,1.15,kg
fruit,pears,doyenne_du_comice,2/9/2024,1,kg
vegetable,beetroot,beetroot,2/9/2024,0.64,kg
vegetable,brussels_sprouts,brussels_sprouts,2/9/2024,1.66,kg
vegetable,pak_choi,pak_choi,2/9/2024,3.79,kg
vegetable,curly_kale,curly_kale,2/9/2024,4.41,kg
vegetable,cabbage,red,2/9/2024,0.51,kg
vegetable,cabbage,savoy,2/9/2024,0.66,head
vegetable,spring_greens,prepacked,2/9/2024,2.04,kg
vegetable,cabbage,white,2/9/2024,0.47,kg
vegetable,cabbage,round_green_other,2/9/2024,0.71,head
vegetable,carrots,topped_washed,2/9/2024,0.57,kg
vegetable,cauliflower,all,2/9/2024,0.94,head
vegetable,celeriac,celeriac,2/9/2024,0.82,kg
vegetable,cucumbers,cucumbers,2/9/2024,0.94,kg
vegetable,leeks,trimmed,2/9/2024,1.59,kg
vegetable,lettuce,butterhead_indoor,2/9/2024,0.53,head
vegetable,lettuce,little_gem,2/9/2024,0.82,twin
vegetable,onion,bulb_brown,2/9/2024,0.71,kg
vegetable,onion,bulb_red,2/9/2024,0.84,kg
vegetable,swede,swede,2/9/2024,0.29,kg
vegetable,parsnips,all_varieties,2/9/2024,1.18,kg
vegetable,rhubarb,forced,2/9/2024,5.98,kg
cut_flowers,tulips,tulips,2/9/2024,0.3,stem
fruit,apples,bramleys_seedling,2/2/2024,1.33,kg
fruit,apples,coxs_orange_group,2/2/2024,1.58,kg
fruit,apples,braeburn,2/2/2024,1.19,kg
fruit,apples,gala,2/2/2024,1.26,kg
fruit,apples,other_late_season,2/2/2024,1.39,kg
fruit,pears,conference,2/2/2024,1.27,kg
fruit,pears,doyenne_du_comice,2/2/2024,0.98,kg
vegetable,beetroot,beetroot,2/2/2024,0.65,kg
vegetable,brussels_sprouts,brussels_sprouts,2/2/2024,1.61,kg
vegetable,pak_choi,pak_choi,2/2/2024,3.74,kg
vegetable,curly_kale,curly_kale,2/2/2024,4.46,kg
vegetable,cabbage,red,2/2/2024,0.52,kg
vegetable,cabbage,savoy,2/2/2024,0.7,head
vegetable,spring_greens,prepacked,2/2/2024,2.15,kg
vegetable,cabbage,white,2/2/2024,0.48,kg
vegetable,cabbage,round_green_other,2/2/2024,0.68,head
vegetable,carrots,topped_washed,2/2/2024,0.57,kg
vegetable,cauliflower,all,2/2/2024,1.2,head
vegetable,celeriac,celeriac,2/2/2024,0.87,kg
vegetable,cucumbers,cucumbers,2/2/2024,1.04,kg
vegetable,leeks,trimmed,2/2/2024,1.65,kg
vegetable,lettuce,butterhead_indoor,2/2/2024,0.51,head
vegetable,lettuce,little_gem,2/2/2024,0.83,twin
vegetable,onion,bulb_brown,2/2/2024,0.7,kg
vegetable,onion,bulb_red,2/2/2024,0.87,kg
vegetable,swede,swede,2/2/2024,0.3,kg
vegetable,turnip,turnip,2/2/2024,1.2,kg
vegetable,parsnips,all_varieties,2/2/2024,1.17,kg
vegetable,rhubarb,forced,2/2/2024,5.56,kg
cut_flowers,tulips,tulips,2/2/2024,0.4,stem
fruit,apples,bramleys_seedling,1/26/2024,1.33,kg
fruit,apples,coxs_orange_group,1/26/2024,1.58,kg
fruit,apples,egremont_russet,1/26/2024,1.62,kg
fruit,apples,braeburn,1/26/2024,1.26,kg
fruit,apples,gala,1/26/2024,1.25,kg
fruit,apples,other_late_season,1/26/2024,1.57,kg
fruit,pears,conference,1/26/2024,1.29,kg
fruit,pears,doyenne_du_comice,1/26/2024,1,kg
vegetable,beetroot,beetroot,1/26/2024,0.63,kg
vegetable,brussels_sprouts,brussels_sprouts,1/26/2024,1.65,kg
vegetable,pak_choi,pak_choi,1/26/2024,3.79,kg
vegetable,curly_kale,curly_kale,1/26/2024,4.39,kg
vegetable,cabbage,red,1/26/2024,0.51,kg
vegetable,cabbage,savoy,1/26/2024,0.69,head
vegetable,spring_greens,prepacked,1/26/2024,2.1,kg
vegetable,cabbage,white,1/26/2024,0.46,kg
vegetable,cabbage,round_green_other,1/26/2024,0.7,head
vegetable,carrots,topped_washed,1/26/2024,0.55,kg
vegetable,cauliflower,all,1/26/2024,1.9,head
vegetable,celeriac,celeriac,1/26/2024,0.86,kg
vegetable,chinese_leaf,chinese_leaf,1/26/2024,1.14,kg
vegetable,cucumbers,cucumbers,1/26/2024,1.04,kg
vegetable,leeks,trimmed,1/26/2024,1.82,kg
vegetable,lettuce,butterhead_indoor,1/26/2024,0.51,head
vegetable,lettuce,little_gem,1/26/2024,0.86,twin
vegetable,onion,bulb_brown,1/26/2024,0.65,kg
vegetable,onion,bulb_red,1/26/2024,0.95,kg
vegetable,swede,swede,1/26/2024,0.3,kg
vegetable,turnip,turnip,1/26/2024,1.2,kg
vegetable,parsnips,all_varieties,1/26/2024,1.19,kg
vegetable,rhubarb,forced,1/26/2024,6,kg
cut_flowers,tulips,tulips,1/26/2024,0.4,stem
fruit,apples,bramleys_seedling,1/19/2024,1.35,kg
fruit,apples,coxs_orange_group,1/19/2024,1.63,kg
fruit,apples,egremont_russet,1/19/2024,1.75,kg
fruit,apples,braeburn,1/19/2024,1.22,kg
fruit,apples,gala,1/19/2024,1.27,kg
fruit,apples,other_late_season,1/19/2024,1.53,kg
fruit,pears,conference,1/19/2024,1.2,kg
fruit,pears,doyenne_du_comice,1/19/2024,1.09,kg
vegetable,beetroot,beetroot,1/19/2024,0.66,kg
vegetable,brussels_sprouts,brussels_sprouts,1/19/2024,1.59,kg
vegetable,pak_choi,pak_choi,1/19/2024,4.15,kg
vegetable,curly_kale,curly_kale,1/19/2024,4.42,kg
vegetable,cabbage,red,1/19/2024,0.51,kg
vegetable,cabbage,savoy,1/19/2024,0.72,head
vegetable,spring_greens,prepacked,1/19/2024,1.74,kg
vegetable,cabbage,white,1/19/2024,0.49,kg
vegetable,cabbage,round_green_other,1/19/2024,0.71,head
vegetable,carrots,topped_washed,1/19/2024,0.59,kg
vegetable,cauliflower,all,1/19/2024,1.53,head
vegetable,celeriac,celeriac,1/19/2024,0.83,kg
vegetable,chinese_leaf,chinese_leaf,1/19/2024,1.14,kg
vegetable,cucumbers,cucumbers,1/19/2024,1.21,kg
vegetable,leeks,trimmed,1/19/2024,1.77,kg
vegetable,lettuce,butterhead_indoor,1/19/2024,0.5,head
vegetable,lettuce,little_gem,1/19/2024,0.86,twin
vegetable,onion,bulb_brown,1/19/2024,0.65,kg
vegetable,onion,bulb_red,1/19/2024,0.89,kg
vegetable,swede,swede,1/19/2024,0.31,kg
vegetable,turnip,turnip,1/19/2024,1.16,kg
vegetable,parsnips,all_varieties,1/19/2024,1.23,kg
vegetable,rhubarb,forced,1/19/2024,3.85,kg
cut_flowers,tulips,tulips,1/19/2024,0.35,stem
fruit,apples,bramleys_seedling,1/12/2024,1.33,kg
fruit,apples,coxs_orange_group,1/12/2024,1.53,kg
fruit,apples,egremont_russet,1/12/2024,1.64,kg
fruit,apples,braeburn,1/12/2024,1.18,kg
fruit,apples,gala,1/12/2024,1.26,kg
fruit,apples,other_late_season,1/12/2024,1.33,kg
fruit,pears,conference,1/12/2024,1.18,kg
fruit,pears,doyenne_du_comice,1/12/2024,1.16,kg
vegetable,beetroot,beetroot,1/12/2024,0.67,kg
vegetable,brussels_sprouts,brussels_sprouts,1/12/2024,1.51,kg
vegetable,pak_choi,pak_choi,1/12/2024,3.55,kg
vegetable,curly_kale,curly_kale,1/12/2024,4.52,kg
vegetable,cabbage,red,1/12/2024,0.51,kg
vegetable,cabbage,savoy,1/12/2024,0.69,head
vegetable,spring_greens,prepacked,1/12/2024,1.44,kg
vegetable,cabbage,summer_autumn_pointed,1/12/2024,0.84,kg
vegetable,cabbage,white,1/12/2024,0.5,kg
vegetable,cabbage,round_green_other,1/12/2024,0.66,head
vegetable,carrots,topped_washed,1/12/2024,0.59,kg
vegetable,cauliflower,all,1/12/2024,1.34,head
vegetable,celeriac,celeriac,1/12/2024,0.83,kg
vegetable,chinese_leaf,chinese_leaf,1/12/2024,1.14,kg
vegetable,cucumbers,cucumbers,1/12/2024,1.21,kg
vegetable,leeks,trimmed,1/12/2024,1.69,kg
vegetable,lettuce,butterhead_indoor,1/12/2024,0.5,head
vegetable,lettuce,little_gem,1/12/2024,0.78,twin
vegetable,onion,bulb_brown,1/12/2024,0.72,kg
vegetable,onion,bulb_red,1/12/2024,0.9,kg
vegetable,swede,swede,1/12/2024,0.32,kg
vegetable,turnip,turnip,1/12/2024,1.16,kg
vegetable,parsnips,all_varieties,1/12/2024,1.21,kg
cut_flowers,tulips,tulips,1/12/2024,0.38,stem
fruit,apples,bramleys_seedling,12/15/2023,1.33,kg
fruit,apples,coxs_orange_group,12/15/2023,1.32,kg
fruit,apples,egremont_russet,12/15/2023,1.68,kg
fruit,apples,braeburn,12/15/2023,1.16,kg
fruit,apples,gala,12/15/2023,1.13,kg
fruit,apples,other_late_season,12/15/2023,1.25,kg
fruit,pears,conference,12/15/2023,1.2,kg
fruit,pears,doyenne_du_comice,12/15/2023,1.14,kg
vegetable,beetroot,beetroot,12/15/2023,0.65,kg
vegetable,brussels_sprouts,brussels_sprouts,12/15/2023,1.5,kg
vegetable,pak_choi,pak_choi,12/15/2023,3.5,kg
vegetable,curly_kale,curly_kale,12/15/2023,4.55,kg
vegetable,cabbage,red,12/15/2023,0.52,kg
vegetable,cabbage,savoy,12/15/2023,0.69,head
vegetable,spring_greens,prepacked,12/15/2023,1.46,kg
vegetable,cabbage,summer_autumn_pointed,12/15/2023,0.84,kg
vegetable,cabbage,white,12/15/2023,0.49,kg
vegetable,cabbage,round_green_other,12/15/2023,0.68,head
vegetable,carrots,topped_washed,12/15/2023,0.55,kg
vegetable,cauliflower,all,12/15/2023,2.81,head
vegetable,celeriac,celeriac,12/15/2023,0.83,kg
vegetable,chinese_leaf,chinese_leaf,12/15/2023,1.14,kg
vegetable,cucumbers,cucumbers,12/15/2023,1.2,kg
vegetable,leeks,trimmed,12/15/2023,1.46,kg
vegetable,lettuce,butterhead_indoor,12/15/2023,0.47,head
vegetable,lettuce,little_gem,12/15/2023,0.81,twin
vegetable,onion,bulb_brown,12/15/2023,0.63,kg
vegetable,onion,bulb_red,12/15/2023,0.89,kg
vegetable,swede,swede,12/15/2023,0.31,kg
vegetable,turnip,turnip,12/15/2023,1.38,kg
vegetable,parsnips,all_varieties,12/15/2023,1.25,kg
vegetable,tomatoes,round,12/15/2023,0.81,kg
vegetable,tomatoes,vine,12/15/2023,1.6,kg
cut_flowers,tulips,tulips,12/15/2023,0.33,stem
fruit,apples,bramleys_seedling,12/8/2023,1.32,kg
fruit,apples,coxs_orange_group,12/8/2023,1.35,kg
fruit,apples,egremont_russet,12/8/2023,1.66,kg
fruit,apples,braeburn,12/8/2023,1.19,kg
fruit,apples,gala,12/8/2023,1.09,kg
fruit,apples,other_early_season,12/8/2023,1.1,kg
fruit,apples,other_mid_season,12/8/2023,1,kg
fruit,apples,other_late_season,12/8/2023,1.05,kg
fruit,blackberries,blackberries,12/8/2023,4.59,kg
fruit,pears,conference,12/8/2023,1.25,kg
fruit,pears,doyenne_du_comice,12/8/2023,1.15,kg
fruit,pears,other,12/8/2023,0.56,kg
vegetable,beetroot,beetroot,12/8/2023,0.65,kg
vegetable,brussels_sprouts,brussels_sprouts,12/8/2023,1.51,kg
vegetable,pak_choi,pak_choi,12/8/2023,3.61,kg
vegetable,curly_kale,curly_kale,12/8/2023,4.14,kg
vegetable,cabbage,red,12/8/2023,0.53,kg
vegetable,cabbage,savoy,12/8/2023,0.68,head
vegetable,spring_greens,prepacked,12/8/2023,1.41,kg
vegetable,cabbage,summer_autumn_pointed,12/8/2023,0.81,kg
vegetable,cabbage,white,12/8/2023,0.5,kg
vegetable,cabbage,round_green_other,12/8/2023,0.57,head
vegetable,carrots,topped_washed,12/8/2023,0.54,kg
vegetable,cauliflower,all,12/8/2023,2.88,head
vegetable,celeriac,celeriac,12/8/2023,0.89,kg
vegetable,chinese_leaf,chinese_leaf,12/8/2023,1.15,kg
vegetable,leeks,trimmed,12/8/2023,1.5,kg
vegetable,lettuce,butterhead_indoor,12/8/2023,0.45,head
vegetable,lettuce,little_gem,12/8/2023,0.83,twin
vegetable,onion,bulb_brown,12/8/2023,0.63,kg
vegetable,onion,bulb_red,12/8/2023,0.9,kg
vegetable,swede,swede,12/8/2023,0.32,kg
vegetable,turnip,turnip,12/8/2023,1.56,kg
vegetable,parsnips,all_varieties,12/8/2023,1.19,kg
vegetable,tomatoes,round,12/8/2023,1,kg
vegetable,tomatoes,vine,12/8/2023,1.49,kg
cut_flowers,tulips,tulips,12/8/2023,0.33,stem
fruit,apples,bramleys_seedling,12/1/2023,1.27,kg
fruit,apples,coxs_orange_group,12/1/2023,1.3,kg
fruit,apples,egremont_russet,12/1/2023,1.49,kg
fruit,apples,braeburn,12/1/2023,1.18,kg
fruit,apples,gala,12/1/2023,1.07,kg
fruit,apples,other_early_season,12/1/2023,1.07,kg
fruit,apples,other_mid_season,12/1/2023,1,kg
fruit,apples,other_late_season,12/1/2023,1.11,kg
fruit,pears,conference,12/1/2023,1.12,kg
fruit,pears,doyenne_du_comice,12/1/2023,1.13,kg
vegetable,beetroot,beetroot,12/1/2023,0.64,kg
vegetable,brussels_sprouts,brussels_sprouts,12/1/2023,1.29,kg
vegetable,pak_choi,pak_choi,12/1/2023,3.34,kg
vegetable,curly_kale,curly_kale,12/1/2023,4.27,kg
vegetable,cabbage,red,12/1/2023,0.53,kg
vegetable,cabbage,savoy,12/1/2023,0.66,head
vegetable,spring_greens,prepacked,12/1/2023,1.38,kg
vegetable,cabbage,summer_autumn_pointed,12/1/2023,0.82,kg
vegetable,cabbage,white,12/1/2023,0.5,kg
vegetable,cabbage,round_green_other,12/1/2023,0.67,head
vegetable,carrots,topped_washed,12/1/2023,0.53,kg
vegetable,cauliflower,all,12/1/2023,2.22,head
vegetable,celeriac,celeriac,12/1/2023,0.87,kg
vegetable,chinese_leaf,chinese_leaf,12/1/2023,1.22,kg
vegetable,leeks,trimmed,12/1/2023,1.45,kg
vegetable,lettuce,butterhead_indoor,12/1/2023,0.48,head
vegetable,lettuce,little_gem,12/1/2023,0.8,twin
vegetable,onion,bulb_brown,12/1/2023,0.66,kg
vegetable,onion,bulb_red,12/1/2023,0.91,kg
vegetable,swede,swede,12/1/2023,0.32,kg
vegetable,turnip,turnip,12/1/2023,1.46,kg
vegetable,parsnips,all_varieties,12/1/2023,1.22,kg
vegetable,tomatoes,round,12/1/2023,1.04,kg
vegetable,tomatoes,vine,12/1/2023,1.5,kg
fruit,apples,bramleys_seedling,11/24/2023,1.25,kg
fruit,apples,coxs_orange_group,11/24/2023,1.28,kg
fruit,apples,egremont_russet,11/24/2023,1.44,kg
fruit,apples,braeburn,11/24/2023,1.19,kg
fruit,apples,gala,11/24/2023,1.08,kg
fruit,apples,other_early_season,11/24/2023,1.33,kg
fruit,apples,other_mid_season,11/24/2023,1,kg
fruit,apples,other_late_season,11/24/2023,1.25,kg
fruit,pears,conference,11/24/2023,1.13,kg
fruit,pears,doyenne_du_comice,11/24/2023,1.09,kg
vegetable,beetroot,beetroot,11/24/2023,0.64,kg
vegetable,brussels_sprouts,brussels_sprouts,11/24/2023,1.18,kg
vegetable,pak_choi,pak_choi,11/24/2023,3.29,kg
vegetable,curly_kale,curly_kale,11/24/2023,4.21,kg
vegetable,cabbage,red,11/24/2023,0.53,kg
vegetable,cabbage,savoy,11/24/2023,0.62,head
vegetable,spring_greens,prepacked,11/24/2023,1.37,kg
vegetable,cabbage,summer_autumn_pointed,11/24/2023,0.79,kg
vegetable,cabbage,white,11/24/2023,0.49,kg
vegetable,cabbage,round_green_other,11/24/2023,0.65,head
vegetable,capsicum,elongated,11/24/2023,1.04,kg
vegetable,carrots,topped_washed,11/24/2023,0.54,kg
vegetable,cauliflower,all,11/24/2023,2.28,head
vegetable,celeriac,celeriac,11/24/2023,0.85,kg
vegetable,chinese_leaf,chinese_leaf,11/24/2023,1.15,kg
vegetable,coriander,coriander,11/24/2023,6,kg
vegetable,leeks,trimmed,11/24/2023,1.41,kg
vegetable,lettuce,butterhead_indoor,11/24/2023,0.49,head
vegetable,lettuce,little_gem,11/24/2023,0.75,twin
vegetable,onion,bulb_brown,11/24/2023,0.66,kg
vegetable,onion,bulb_red,11/24/2023,0.89,kg
vegetable,swede,swede,11/24/2023,0.32,kg
vegetable,turnip,turnip,11/24/2023,1.18,kg
vegetable,parsnips,all_varieties,11/24/2023,1.17,kg
vegetable,tomatoes,round,11/24/2023,1.63,kg
vegetable,tomatoes,vine,11/24/2023,1.55,kg
fruit,apples,bramleys_seedling,11/17/2023,1.19,kg
fruit,apples,coxs_orange_group,11/17/2023,1.29,kg
fruit,apples,egremont_russet,11/17/2023,1.27,kg
fruit,apples,braeburn,11/17/2023,1.24,kg
fruit,apples,gala,11/17/2023,1.09,kg
fruit,apples,other_early_season,11/17/2023,1.15,kg
fruit,apples,other_mid_season,11/17/2023,1.19,kg
fruit,apples,other_late_season,11/17/2023,1.13,kg
fruit,pears,conference,11/17/2023,1.1,kg
fruit,pears,doyenne_du_comice,11/17/2023,1.17,kg
fruit,raspberries,raspberries,11/17/2023,7.8,kg
fruit,strawberries,strawberries,11/17/2023,5.5,kg
vegetable,beetroot,beetroot,11/17/2023,0.76,kg
vegetable,brussels_sprouts,brussels_sprouts,11/17/2023,1.16,kg
vegetable,pak_choi,pak_choi,11/17/2023,3.33,kg
vegetable,curly_kale,curly_kale,11/17/2023,4.12,kg
vegetable,cabbage,red,11/17/2023,0.54,kg
vegetable,cabbage,savoy,11/17/2023,0.69,head
vegetable,spring_greens,prepacked,11/17/2023,1.38,kg
vegetable,cabbage,summer_autumn_pointed,11/17/2023,0.8,kg
vegetable,cabbage,white,11/17/2023,0.52,kg
vegetable,cabbage,round_green_other,11/17/2023,0.61,head
vegetable,capsicum,green,11/17/2023,1.13,kg
vegetable,capsicum,red,11/17/2023,1.05,kg
vegetable,capsicum,elongated,11/17/2023,1.2,kg
vegetable,carrots,topped_washed,11/17/2023,0.54,kg
vegetable,cauliflower,all,11/17/2023,2.06,head
vegetable,celery,all_washed,11/17/2023,1.04,kg
vegetable,celeriac,celeriac,11/17/2023,0.8,kg
vegetable,chinese_leaf,chinese_leaf,11/17/2023,1.17,kg
vegetable,coriander,coriander,11/17/2023,2.29,kg
vegetable,leeks,trimmed,11/17/2023,1.49,kg
vegetable,lettuce,butterhead_indoor,11/17/2023,0.47,head
vegetable,lettuce,little_gem,11/17/2023,0.85,twin
vegetable,onion,bulb_brown,11/17/2023,0.65,kg
vegetable,onion,bulb_red,11/17/2023,0.8,kg
vegetable,swede,swede,11/17/2023,0.31,kg
vegetable,turnip,turnip,11/17/2023,1.18,kg
vegetable,parsnips,all_varieties,11/17/2023,1.19,kg
vegetable,spinach_leaf,loose_bunches,11/17/2023,1.1,kg
vegetable,tomatoes,round,11/17/2023,1.08,kg
fruit,apples,bramleys_seedling,11/10/2023,1.23,kg
fruit,apples,coxs_orange_group,11/10/2023,1.28,kg
fruit,apples,egremont_russet,11/10/2023,1.32,kg
fruit,apples,braeburn,11/10/2023,1.22,kg
fruit,apples,gala,11/10/2023,1.12,kg
fruit,apples,other_early_season,11/10/2023,1.25,kg
fruit,apples,other_mid_season,11/10/2023,0.95,kg
fruit,apples,other_late_season,11/10/2023,1.13,kg
fruit,pears,conference,11/10/2023,1.04,kg
fruit,pears,doyenne_du_comice,11/10/2023,1.12,kg
fruit,raspberries,raspberries,11/10/2023,7.8,kg
fruit,strawberries,strawberries,11/10/2023,9.22,kg
vegetable,beetroot,beetroot,11/10/2023,0.64,kg
vegetable,brussels_sprouts,brussels_sprouts,11/10/2023,1.09,kg
vegetable,pak_choi,pak_choi,11/10/2023,3.38,kg
vegetable,curly_kale,curly_kale,11/10/2023,4.18,kg
vegetable,cabbage,red,11/10/2023,0.56,kg
vegetable,cabbage,savoy,11/10/2023,0.66,head
vegetable,spring_greens,prepacked,11/10/2023,1.4,kg
vegetable,cabbage,summer_autumn_pointed,11/10/2023,0.7,kg
vegetable,cabbage,white,11/10/2023,0.52,kg
vegetable,cabbage,round_green_other,11/10/2023,0.6,head
vegetable,calabrese,calabrese,11/10/2023,2.69,kg
vegetable,capsicum,green,11/10/2023,0.93,kg
vegetable,capsicum,red,11/10/2023,0.88,kg
vegetable,capsicum,elongated,11/10/2023,1.2,kg
vegetable,capsicum,yelloworange,11/10/2023,1.01,kg
vegetable,carrots,topped_washed,11/10/2023,0.53,kg
vegetable,cauliflower,all,11/10/2023,1.64,head
vegetable,celery,all_washed,11/10/2023,1.06,kg
vegetable,celeriac,celeriac,11/10/2023,0.82,kg
vegetable,chinese_leaf,chinese_leaf,11/10/2023,1.15,kg
vegetable,coriander,coriander,11/10/2023,2.26,kg
vegetable,cucumbers,cucumbers,11/10/2023,2.04,kg
vegetable,leeks,trimmed,11/10/2023,1.37,kg
vegetable,lettuce,butterhead_indoor,11/10/2023,0.46,head
vegetable,lettuce,cos,11/10/2023,1,head
vegetable,lettuce,crisp_iceberg_type,11/10/2023,1.03,head
vegetable,lettuce,little_gem,11/10/2023,0.82,twin
vegetable,mixed_babyleaf_salad,pillow_pack,11/10/2023,6.8,kg
vegetable,onion,bulb_brown,11/10/2023,0.63,kg
vegetable,onion,bulb_red,11/10/2023,0.78,kg
vegetable,swede,swede,11/10/2023,0.31,kg
vegetable,turnip,turnip,11/10/2023,1.69,kg
vegetable,parsnips,all_varieties,11/10/2023,1.21,kg
vegetable,spinach_leaf,loose_bunches,11/10/2023,1.5,kg
vegetable,tomatoes,round,11/10/2023,1.24,kg
vegetable,tomatoes,vine,11/10/2023,2,kg
fruit,apples,bramleys_seedling,11/3/2023,1.16,kg
fruit,apples,coxs_orange_group,11/3/2023,1.3,kg
fruit,apples,egremont_russet,11/3/2023,1.36,kg
fruit,apples,braeburn,11/3/2023,1.27,kg
fruit,apples,gala,11/3/2023,1.11,kg
fruit,apples,other_early_season,11/3/2023,1.16,kg
fruit,apples,other_mid_season,11/3/2023,0.95,kg
fruit,apples,other_late_season,11/3/2023,1.13,kg
fruit,pears,conference,11/3/2023,1.06,kg
fruit,pears,doyenne_du_comice,11/3/2023,0.98,kg
fruit,raspberries,raspberries,11/3/2023,11.1,kg
fruit,strawberries,strawberries,11/3/2023,5.65,kg
vegetable,beetroot,beetroot,11/3/2023,0.67,kg
vegetable,brussels_sprouts,brussels_sprouts,11/3/2023,1.07,kg
vegetable,pak_choi,pak_choi,11/3/2023,3.38,kg
vegetable,curly_kale,curly_kale,11/3/2023,4.46,kg
vegetable,cabbage,red,11/3/2023,0.57,kg
vegetable,cabbage,savoy,11/3/2023,0.63,head
vegetable,spring_greens,prepacked,11/3/2023,1.37,kg
vegetable,cabbage,summer_autumn_pointed,11/3/2023,0.79,kg
vegetable,cabbage,white,11/3/2023,0.53,kg
vegetable,cabbage,round_green_other,11/3/2023,0.59,head
vegetable,calabrese,calabrese,11/3/2023,2.53,kg
vegetable,capsicum,green,11/3/2023,0.95,kg
vegetable,capsicum,red,11/3/2023,0.99,kg
vegetable,capsicum,elongated,11/3/2023,1.22,kg
vegetable,capsicum,yelloworange,11/3/2023,0.92,kg
vegetable,carrots,topped_washed,11/3/2023,0.53,kg
vegetable,cauliflower,all,11/3/2023,1.46,head
vegetable,celery,all_washed,11/3/2023,1.01,kg
vegetable,celeriac,celeriac,11/3/2023,0.84,kg
vegetable,chinese_leaf,chinese_leaf,11/3/2023,1.13,kg
vegetable,coriander,coriander,11/3/2023,2.67,kg
vegetable,leeks,trimmed,11/3/2023,1.41,kg
vegetable,lettuce,butterhead_indoor,11/3/2023,0.45,head
vegetable,lettuce,little_gem,11/3/2023,0.79,twin
vegetable,mixed_babyleaf_salad,pillow_pack,11/3/2023,7,kg
vegetable,onion,bulb_brown,11/3/2023,0.68,kg
vegetable,onion,bulb_red,11/3/2023,0.76,kg
vegetable,swede,swede,11/3/2023,0.32,kg
vegetable,turnip,turnip,11/3/2023,0.98,kg
vegetable,parsnips,all_varieties,11/3/2023,1.21,kg
vegetable,spinach_leaf,loose_bunches,11/3/2023,1.63,kg
vegetable,tomatoes,round,11/3/2023,1.18,kg
vegetable,tomatoes,vine,11/3/2023,1.55,kg
fruit,apples,bramleys_seedling,10/27/2023,1.13,kg
fruit,apples,coxs_orange_group,10/27/2023,1.24,kg
fruit,apples,egremont_russet,10/27/2023,1.27,kg
fruit,apples,braeburn,10/27/2023,1.35,kg
fruit,apples,gala,10/27/2023,1.11,kg
fruit,apples,other_early_season,10/27/2023,1.19,kg
fruit,apples,other_mid_season,10/27/2023,0.95,kg
fruit,apples,other_late_season,10/27/2023,1.13,kg
fruit,pears,conference,10/27/2023,1.05,kg
fruit,pears,doyenne_du_comice,10/27/2023,1.16,kg
fruit,raspberries,raspberries,10/27/2023,9.82,kg
fruit,strawberries,strawberries,10/27/2023,5.73,kg
vegetable,beetroot,beetroot,10/27/2023,0.67,kg
vegetable,brussels_sprouts,brussels_sprouts,10/27/2023,1.07,kg
vegetable,pak_choi,pak_choi,10/27/2023,3.4,kg
vegetable,curly_kale,curly_kale,10/27/2023,4.32,kg
vegetable,cabbage,red,10/27/2023,0.56,kg
vegetable,cabbage,savoy,10/27/2023,0.64,head
vegetable,spring_greens,prepacked,10/27/2023,1.36,kg
vegetable,cabbage,summer_autumn_pointed,10/27/2023,0.75,kg
vegetable,cabbage,white,10/27/2023,0.51,kg
vegetable,cabbage,round_green_other,10/27/2023,0.59,head
vegetable,calabrese,calabrese,10/27/2023,2.89,kg
vegetable,capsicum,green,10/27/2023,1.03,kg
vegetable,capsicum,red,10/27/2023,1.51,kg
vegetable,capsicum,elongated,10/27/2023,1.7,kg
vegetable,capsicum,yelloworange,10/27/2023,1.56,kg
vegetable,carrots,topped_washed,10/27/2023,0.52,kg
vegetable,cauliflower,all,10/27/2023,1.37,head
vegetable,celery,all_washed,10/27/2023,0.98,kg
vegetable,celeriac,celeriac,10/27/2023,0.83,kg
vegetable,chinese_leaf,chinese_leaf,10/27/2023,1.11,kg
vegetable,coriander,coriander,10/27/2023,2.45,kg
vegetable,courgettes,courgettes,10/27/2023,1.16,kg
vegetable,cucumbers,cucumbers,10/27/2023,1.02,kg
vegetable,leeks,trimmed,10/27/2023,1.38,kg
vegetable,lettuce,butterhead_indoor,10/27/2023,0.47,head
vegetable,lettuce,cos,10/27/2023,0.7,head
vegetable,lettuce,crisp_iceberg_type,10/27/2023,1.02,head
vegetable,lettuce,little_gem,10/27/2023,0.78,twin
vegetable,rocket,rocket,10/27/2023,6.01,kg
vegetable,mixed_babyleaf_salad,pillow_pack,10/27/2023,4.94,kg
vegetable,onion,bulb_brown,10/27/2023,0.66,kg
vegetable,onion,bulb_red,10/27/2023,0.76,kg
vegetable,onion,saladspring,10/27/2023,0.4,kg
vegetable,swede,swede,10/27/2023,0.32,kg
vegetable,turnip,turnip,10/27/2023,1.05,kg
vegetable,parsnips,all_varieties,10/27/2023,1.15,kg
vegetable,spinach_leaf,loose_bunches,10/27/2023,1.55,kg
vegetable,tomatoes,round,10/27/2023,1.62,kg
vegetable,tomatoes,cherry,10/27/2023,3,kg
fruit,apples,bramleys_seedling,10/20/2023,1.12,kg
fruit,apples,coxs_orange_group,10/20/2023,1.23,kg
fruit,apples,egremont_russet,10/20/2023,1.29,kg
fruit,apples,braeburn,10/20/2023,1.45,kg
fruit,apples,gala,10/20/2023,1.16,kg
fruit,apples,other_early_season,10/20/2023,1.15,kg
fruit,apples,other_mid_season,10/20/2023,0.84,kg
fruit,apples,other_late_season,10/20/2023,1.25,kg
fruit,blackberries,blackberries,10/20/2023,14.66,kg
fruit,blueberries,blueberries,10/20/2023,10.15,kg
fruit,pears,conference,10/20/2023,1.03,kg
fruit,pears,doyenne_du_comice,10/20/2023,1.13,kg
fruit,raspberries,raspberries,10/20/2023,12.93,kg
fruit,strawberries,strawberries,10/20/2023,4.25,kg
vegetable,beetroot,beetroot,10/20/2023,0.67,kg
vegetable,brussels_sprouts,brussels_sprouts,10/20/2023,1.09,kg
vegetable,pak_choi,pak_choi,10/20/2023,3.81,kg
vegetable,curly_kale,curly_kale,10/20/2023,4.28,kg
vegetable,cabbage,red,10/20/2023,0.55,kg
vegetable,cabbage,savoy,10/20/2023,0.62,head
vegetable,spring_greens,prepacked,10/20/2023,1.38,kg
vegetable,cabbage,summer_autumn_pointed,10/20/2023,0.72,kg
vegetable,cabbage,white,10/20/2023,0.51,kg
vegetable,cabbage,round_green_other,10/20/2023,0.6,head
vegetable,calabrese,calabrese,10/20/2023,3.13,kg
vegetable,capsicum,green,10/20/2023,1.24,kg
vegetable,capsicum,red,10/20/2023,0.98,kg
vegetable,capsicum,elongated,10/20/2023,2,kg
vegetable,capsicum,yelloworange,10/20/2023,1.05,kg
vegetable,carrots,topped_washed,10/20/2023,0.54,kg
vegetable,cauliflower,all,10/20/2023,1.48,head
vegetable,celery,all_washed,10/20/2023,1,kg
vegetable,celeriac,celeriac,10/20/2023,0.81,kg
vegetable,chinese_leaf,chinese_leaf,10/20/2023,1.12,kg
vegetable,coriander,coriander,10/20/2023,2.57,kg
vegetable,courgettes,courgettes,10/20/2023,1.21,kg
vegetable,cucumbers,cucumbers,10/20/2023,0.98,kg
vegetable,leeks,trimmed,10/20/2023,1.42,kg
vegetable,lettuce,butterhead_indoor,10/20/2023,0.46,head
vegetable,lettuce,cos,10/20/2023,0.69,head
vegetable,lettuce,crisp_iceberg_type,10/20/2023,0.7,head
vegetable,lettuce,little_gem,10/20/2023,0.78,twin
vegetable,mixed_babyleaf_salad,pillow_pack,10/20/2023,6.5,kg
vegetable,onion,bulb_brown,10/20/2023,0.66,kg
vegetable,onion,bulb_red,10/20/2023,0.73,kg
vegetable,onion,saladspring,10/20/2023,0.4,kg
vegetable,swede,swede,10/20/2023,0.33,kg
vegetable,turnip,turnip,10/20/2023,0.91,kg
vegetable,parsnips,all_varieties,10/20/2023,1.12,kg
vegetable,spinach_leaf,loose_bunches,10/20/2023,1.89,kg
vegetable,sweetcorn,sweetcorn,10/20/2023,0.27,head
vegetable,tomatoes,round,10/20/2023,2.21,kg
fruit,apples,bramleys_seedling,10/13/2023,1.14,kg
fruit,apples,coxs_orange_group,10/13/2023,1.21,kg
fruit,apples,egremont_russet,10/13/2023,1.44,kg
fruit,apples,gala,10/13/2023,1.21,kg
fruit,apples,other_early_season,10/13/2023,1.07,kg
fruit,apples,other_mid_season,10/13/2023,0.83,kg
fruit,blackberries,blackberries,10/13/2023,16,kg
fruit,blueberries,blueberries,10/13/2023,11.1,kg
fruit,pears,conference,10/13/2023,1,kg
fruit,pears,doyenne_du_comice,10/13/2023,1.23,kg
fruit,raspberries,raspberries,10/13/2023,12.15,kg
fruit,strawberries,strawberries,10/13/2023,4.41,kg
vegetable,beans,runner_climbing,10/13/2023,5.51,kg
vegetable,beetroot,beetroot,10/13/2023,0.68,kg
vegetable,brussels_sprouts,brussels_sprouts,10/13/2023,1.1,kg
vegetable,pak_choi,pak_choi,10/13/2023,3.85,kg
vegetable,curly_kale,curly_kale,10/13/2023,4.32,kg
vegetable,cabbage,red,10/13/2023,0.57,kg
vegetable,cabbage,savoy,10/13/2023,0.61,head
vegetable,spring_greens,prepacked,10/13/2023,1.4,kg
vegetable,cabbage,summer_autumn_pointed,10/13/2023,0.74,kg
vegetable,cabbage,white,10/13/2023,0.54,kg
vegetable,cabbage,round_green_other,10/13/2023,0.63,head
vegetable,calabrese,calabrese,10/13/2023,3.26,kg
vegetable,capsicum,green,10/13/2023,1.03,kg
vegetable,capsicum,red,10/13/2023,1.05,kg
vegetable,capsicum,elongated,10/13/2023,2,kg
vegetable,capsicum,yelloworange,10/13/2023,1.05,kg
vegetable,carrots,topped_washed,10/13/2023,0.54,kg
vegetable,cauliflower,all,10/13/2023,1.41,head
vegetable,celery,all_washed,10/13/2023,1.01,kg
vegetable,celeriac,celeriac,10/13/2023,0.82,kg
vegetable,chinese_leaf,chinese_leaf,10/13/2023,1.14,kg
vegetable,coriander,coriander,10/13/2023,2.31,kg
vegetable,courgettes,courgettes,10/13/2023,0.99,kg
vegetable,cucumbers,cucumbers,10/13/2023,0.96,kg
vegetable,leeks,trimmed,10/13/2023,1.48,kg
vegetable,lettuce,butterhead_indoor,10/13/2023,0.46,head
vegetable,lettuce,cos,10/13/2023,0.68,head
vegetable,lettuce,crisp_iceberg_type,10/13/2023,0.68,head
vegetable,lettuce,little_gem,10/13/2023,0.76,twin
vegetable,mixed_babyleaf_salad,pillow_pack,10/13/2023,5.41,kg
vegetable,onion,bulb_brown,10/13/2023,0.65,kg
vegetable,onion,bulb_red,10/13/2023,0.66,kg
vegetable,onion,saladspring,10/13/2023,0.47,kg
vegetable,swede,swede,10/13/2023,0.35,kg
vegetable,turnip,turnip,10/13/2023,0.89,kg
vegetable,parsnips,all_varieties,10/13/2023,1.15,kg
vegetable,rhubarb,outdoor,10/13/2023,2.2,kg
vegetable,spinach_leaf,loose_bunches,10/13/2023,1.9,kg
vegetable,sweetcorn,sweetcorn,10/13/2023,0.31,head
vegetable,tomatoes,round,10/13/2023,1.58,kg
vegetable,tomatoes,vine,10/13/2023,1.8,kg
fruit,apples,bramleys_seedling,10/6/2023,1.23,kg
fruit,apples,coxs_orange_group,10/6/2023,1.35,kg
fruit,apples,egremont_russet,10/6/2023,1.47,kg
fruit,apples,gala,10/6/2023,1.26,kg
fruit,apples,other_early_season,10/6/2023,1.09,kg
fruit,apples,other_mid_season,10/6/2023,0.93,kg
fruit,blackberries,blackberries,10/6/2023,11.11,kg
fruit,blueberries,blueberries,10/6/2023,9.99,kg
fruit,pears,conference,10/6/2023,1.03,kg
fruit,pears,doyenne_du_comice,10/6/2023,0.95,kg
fruit,plums,all_other,10/6/2023,3.3,kg
fruit,raspberries,raspberries,10/6/2023,12.03,kg
fruit,strawberries,strawberries,10/6/2023,3.44,kg
vegetable,beans,broad,10/6/2023,2.18,kg
vegetable,beans,runner_climbing,10/6/2023,1.7,kg
vegetable,beetroot,beetroot,10/6/2023,0.75,kg
vegetable,brussels_sprouts,brussels_sprouts,10/6/2023,1.1,kg
vegetable,pak_choi,pak_choi,10/6/2023,3.96,kg
vegetable,curly_kale,curly_kale,10/6/2023,3.98,kg
vegetable,cabbage,red,10/6/2023,0.59,kg
vegetable,cabbage,savoy,10/6/2023,0.6,head
vegetable,spring_greens,prepacked,10/6/2023,1.4,kg
vegetable,cabbage,summer_autumn_pointed,10/6/2023,0.77,kg
vegetable,cabbage,white,10/6/2023,0.55,kg
vegetable,cabbage,round_green_other,10/6/2023,0.63,head
vegetable,calabrese,calabrese,10/6/2023,2.73,kg
vegetable,capsicum,green,10/6/2023,1.44,kg
vegetable,capsicum,red,10/6/2023,1.15,kg
vegetable,capsicum,elongated,10/6/2023,3,kg
vegetable,capsicum,yelloworange,10/6/2023,2.6,kg
vegetable,carrots,topped_washed,10/6/2023,0.55,kg
vegetable,cauliflower,all,10/6/2023,1.08,head
vegetable,celery,all_washed,10/6/2023,1.07,kg
vegetable,celeriac,celeriac,10/6/2023,0.87,kg
vegetable,chinese_leaf,chinese_leaf,10/6/2023,1.2,kg
vegetable,coriander,coriander,10/6/2023,2.2,kg
vegetable,courgettes,courgettes,10/6/2023,1.15,kg
vegetable,cucumbers,cucumbers,10/6/2023,1.05,kg
vegetable,leeks,trimmed,10/6/2023,1.34,kg
vegetable,lettuce,butterhead_indoor,10/6/2023,0.48,head
vegetable,lettuce,cos,10/6/2023,0.71,head
vegetable,lettuce,crisp_iceberg_type,10/6/2023,0.69,head
vegetable,lettuce,little_gem,10/6/2023,0.83,twin
vegetable,mixed_babyleaf_salad,pillow_pack,10/6/2023,6.04,kg
vegetable,onion,bulb_brown,10/6/2023,0.71,kg
vegetable,onion,bulb_red,10/6/2023,0.66,kg
vegetable,onion,saladspring,10/6/2023,0.43,kg
vegetable,swede,swede,10/6/2023,0.36,kg
vegetable,turnip,turnip,10/6/2023,0.88,kg
vegetable,parsnips,all_varieties,10/6/2023,1.19,kg
vegetable,rhubarb,outdoor,10/6/2023,2.22,kg
vegetable,spinach_leaf,loose_bunches,10/6/2023,1.83,kg
vegetable,sweetcorn,sweetcorn,10/6/2023,0.32,head
vegetable,tomatoes,round,10/6/2023,1.25,kg
vegetable,tomatoes,vine,10/6/2023,1.73,kg
fruit,apples,bramleys_seedling,9/29/2023,1.12,kg
fruit,apples,coxs_orange_group,9/29/2023,1.34,kg
fruit,apples,egremont_russet,9/29/2023,1.47,kg
fruit,apples,gala,9/29/2023,1.22,kg
fruit,apples,other_early_season,9/29/2023,0.99,kg
fruit,apples,other_mid_season,9/29/2023,1.05,kg
fruit,blackberries,blackberries,9/29/2023,12,kg
fruit,blueberries,blueberries,9/29/2023,9.08,kg
fruit,pears,conference,9/29/2023,1.06,kg
fruit,pears,doyenne_du_comice,9/29/2023,1.19,kg
fruit,plums,all_other,9/29/2023,2.25,kg
fruit,raspberries,raspberries,9/29/2023,8.85,kg
fruit,strawberries,strawberries,9/29/2023,4.66,kg
vegetable,beans,broad,9/29/2023,2.29,kg
vegetable,beans,runner_climbing,9/29/2023,3.05,kg
vegetable,beetroot,beetroot,9/29/2023,0.68,kg
vegetable,brussels_sprouts,brussels_sprouts,9/29/2023,1.1,kg
vegetable,pak_choi,pak_choi,9/29/2023,3.82,kg
vegetable,curly_kale,curly_kale,9/29/2023,4.03,kg
vegetable,cabbage,red,9/29/2023,0.62,kg
vegetable,cabbage,savoy,9/29/2023,0.6,head
vegetable,spring_greens,prepacked,9/29/2023,1.39,kg
vegetable,cabbage,summer_autumn_pointed,9/29/2023,0.76,kg
vegetable,cabbage,white,9/29/2023,0.56,kg
vegetable,cabbage,round_green_other,9/29/2023,0.66,head
vegetable,calabrese,calabrese,9/29/2023,2.24,kg
vegetable,capsicum,green,9/29/2023,1.1,kg
vegetable,capsicum,red,9/29/2023,1.47,kg
vegetable,capsicum,elongated,9/29/2023,2,kg
vegetable,capsicum,yelloworange,9/29/2023,1.95,kg
vegetable,carrots,topped_washed,9/29/2023,0.56,kg
vegetable,cauliflower,all,9/29/2023,0.87,head
vegetable,celery,all_washed,9/29/2023,1.05,kg
vegetable,celeriac,celeriac,9/29/2023,0.86,kg
vegetable,chinese_leaf,chinese_leaf,9/29/2023,1.1,kg
vegetable,coriander,coriander,9/29/2023,2.2,kg
vegetable,courgettes,courgettes,9/29/2023,1.05,kg
vegetable,cucumbers,cucumbers,9/29/2023,1.21,kg
vegetable,leeks,trimmed,9/29/2023,1.46,kg
vegetable,lettuce,butterhead_indoor,9/29/2023,0.47,head
vegetable,lettuce,cos,9/29/2023,0.67,head
vegetable,lettuce,crisp_iceberg_type,9/29/2023,0.66,head
vegetable,lettuce,little_gem,9/29/2023,0.74,twin
vegetable,rocket,rocket,9/29/2023,5.28,kg
vegetable,mixed_babyleaf_salad,pillow_pack,9/29/2023,5.14,kg
vegetable,onion,bulb_brown,9/29/2023,0.77,kg
vegetable,onion,bulb_red,9/29/2023,0.79,kg
vegetable,onion,saladspring,9/29/2023,0.46,kg
vegetable,swede,swede,9/29/2023,0.36,kg
vegetable,turnip,turnip,9/29/2023,0.89,kg
vegetable,parsnips,all_varieties,9/29/2023,1.22,kg
vegetable,rhubarb,outdoor,9/29/2023,1.7,kg
vegetable,spinach_leaf,loose_bunches,9/29/2023,1.74,kg
vegetable,sweetcorn,sweetcorn,9/29/2023,0.34,head
vegetable,tomatoes,round,9/29/2023,1.34,kg
fruit,apples,bramleys_seedling,9/22/2023,1.07,kg
fruit,apples,coxs_orange_group,9/22/2023,1.34,kg
fruit,apples,egremont_russet,9/22/2023,1.49,kg
fruit,apples,gala,9/22/2023,1.38,kg
fruit,apples,other_early_season,9/22/2023,1,kg
fruit,blackberries,blackberries,9/22/2023,11,kg
fruit,blueberries,blueberries,9/22/2023,8.69,kg
fruit,pears,conference,9/22/2023,1.16,kg
fruit,pears,doyenne_du_comice,9/22/2023,1.15,kg
fruit,plums,victoria,9/22/2023,2.66,kg
fruit,plums,all_other,9/22/2023,2.24,kg
fruit,raspberries,raspberries,9/22/2023,7.49,kg
fruit,strawberries,strawberries,9/22/2023,3.48,kg
vegetable,beans,broad,9/22/2023,2.37,kg
vegetable,beans,runner_climbing,9/22/2023,2.31,kg
vegetable,beetroot,beetroot,9/22/2023,0.74,kg
vegetable,brussels_sprouts,brussels_sprouts,9/22/2023,1.17,kg
vegetable,pak_choi,pak_choi,9/22/2023,3.69,kg
vegetable,curly_kale,curly_kale,9/22/2023,4.1,kg
vegetable,cabbage,red,9/22/2023,0.67,kg
vegetable,cabbage,savoy,9/22/2023,0.61,head
vegetable,spring_greens,prepacked,9/22/2023,1.32,kg
vegetable,cabbage,summer_autumn_pointed,9/22/2023,0.75,kg
vegetable,cabbage,white,9/22/2023,0.58,kg
vegetable,cabbage,round_green_other,9/22/2023,0.67,head
vegetable,calabrese,calabrese,9/22/2023,2.04,kg
vegetable,capsicum,green,9/22/2023,1.45,kg
vegetable,capsicum,red,9/22/2023,1.42,kg
vegetable,capsicum,yelloworange,9/22/2023,2.4,kg
vegetable,carrots,topped_washed,9/22/2023,0.56,kg
vegetable,cauliflower,all,9/22/2023,0.71,head
vegetable,celery,all_washed,9/22/2023,1.02,kg
vegetable,celeriac,celeriac,9/22/2023,0.83,kg
vegetable,chinese_leaf,chinese_leaf,9/22/2023,1.09,kg
vegetable,coriander,coriander,9/22/2023,2.28,kg
vegetable,courgettes,courgettes,9/22/2023,1.12,kg
vegetable,cucumbers,cucumbers,9/22/2023,1.13,kg
vegetable,leeks,trimmed,9/22/2023,1.46,kg
vegetable,lettuce,butterhead_indoor,9/22/2023,0.46,head
vegetable,lettuce,cos,9/22/2023,0.67,head
vegetable,lettuce,crisp_iceberg_type,9/22/2023,0.68,head
vegetable,lettuce,little_gem,9/22/2023,0.74,twin
vegetable,rocket,rocket,9/22/2023,5.48,kg
vegetable,mixed_babyleaf_salad,pillow_pack,9/22/2023,5.52,kg
vegetable,onion,bulb_brown,9/22/2023,0.73,kg
vegetable,onion,bulb_red,9/22/2023,0.85,kg
vegetable,onion,saladspring,9/22/2023,0.46,kg
vegetable,swede,swede,9/22/2023,0.39,kg
vegetable,turnip,turnip,9/22/2023,0.9,kg
vegetable,parsnips,all_varieties,9/22/2023,1.26,kg
vegetable,peas,shelling_all_varieties,9/22/2023,2.64,kg
vegetable,rhubarb,outdoor,9/22/2023,1.64,kg
vegetable,spinach_leaf,loose_bunches,9/22/2023,1.7,kg
vegetable,sweetcorn,sweetcorn,9/22/2023,0.33,head
vegetable,tomatoes,round,9/22/2023,1.58,kg
vegetable,tomatoes,vine,9/22/2023,2.02,kg
vegetable,tomatoes,cherry,9/22/2023,5.74,kg
fruit,apples,bramleys_seedling,9/15/2023,1.09,kg
fruit,apples,coxs_orange_group,9/15/2023,1.39,kg
fruit,apples,gala,9/15/2023,0.93,kg
fruit,apples,other_early_season,9/15/2023,0.99,kg
fruit,blackberries,blackberries,9/15/2023,10.9,kg
fruit,blueberries,blueberries,9/15/2023,10.38,kg
fruit,pears,conference,9/15/2023,1.25,kg
fruit,plums,victoria,9/15/2023,2.52,kg
fruit,plums,all_other,9/15/2023,2.2,kg
fruit,raspberries,raspberries,9/15/2023,11.07,kg
fruit,strawberries,strawberries,9/15/2023,3.58,kg
vegetable,beans,broad,9/15/2023,2.43,kg
vegetable,beans,dwarf_french_or_kidney,9/15/2023,2.48,kg
vegetable,beans,runner_climbing,9/15/2023,2.73,kg
vegetable,beetroot,beetroot,9/15/2023,0.68,kg
vegetable,brussels_sprouts,brussels_sprouts,9/15/2023,1.15,kg
vegetable,pak_choi,pak_choi,9/15/2023,3.58,kg
vegetable,curly_kale,curly_kale,9/15/2023,4.18,kg
vegetable,cabbage,red,9/15/2023,0.7,kg
vegetable,cabbage,savoy,9/15/2023,0.62,head
vegetable,spring_greens,prepacked,9/15/2023,1.35,kg
vegetable,cabbage,summer_autumn_pointed,9/15/2023,0.73,kg
vegetable,cabbage,white,9/15/2023,0.59,kg
vegetable,cabbage,round_green_other,9/15/2023,0.66,head
vegetable,calabrese,calabrese,9/15/2023,2.05,kg
vegetable,capsicum,red,9/15/2023,1.98,kg
vegetable,carrots,topped_washed,9/15/2023,0.57,kg
vegetable,cauliflower,all,9/15/2023,0.56,head
vegetable,celery,all_washed,9/15/2023,1.06,kg
vegetable,celeriac,celeriac,9/15/2023,0.86,kg
vegetable,chinese_leaf,chinese_leaf,9/15/2023,1.14,kg
vegetable,coriander,coriander,9/15/2023,2.42,kg
vegetable,courgettes,courgettes,9/15/2023,1.16,kg
vegetable,cucumbers,cucumbers,9/15/2023,1.21,kg
vegetable,leeks,trimmed,9/15/2023,1.52,kg
vegetable,lettuce,butterhead_indoor,9/15/2023,0.47,head
vegetable,lettuce,cos,9/15/2023,0.68,head
vegetable,lettuce,crisp_iceberg_type,9/15/2023,0.65,head
vegetable,lettuce,little_gem,9/15/2023,0.71,twin
vegetable,rocket,rocket,9/15/2023,5.48,kg
vegetable,mixed_babyleaf_salad,pillow_pack,9/15/2023,5.01,kg
vegetable,onion,bulb_brown,9/15/2023,0.77,kg
vegetable,onion,bulb_red,9/15/2023,0.83,kg
vegetable,onion,saladspring,9/15/2023,0.46,kg
vegetable,swede,swede,9/15/2023,0.39,kg
vegetable,turnip,turnip,9/15/2023,0.93,kg
vegetable,parsnips,all_varieties,9/15/2023,1.41,kg
vegetable,peas,shelling_all_varieties,9/15/2023,2.59,kg
vegetable,rhubarb,outdoor,9/15/2023,1.72,kg
vegetable,spinach_leaf,loose_bunches,9/15/2023,1.79,kg
vegetable,sweetcorn,sweetcorn,9/15/2023,0.36,head
vegetable,tomatoes,round,9/15/2023,1.41,kg
vegetable,tomatoes,vine,9/15/2023,1.64,kg
cut_flowers,gladioli,all_varieties,9/15/2023,0.24,stem
fruit,apples,bramleys_seedling,9/8/2023,1.07,kg
fruit,apples,coxs_orange_group,9/8/2023,0.5,kg
fruit,apples,gala,9/8/2023,1.41,kg
fruit,apples,other_early_season,9/8/2023,1.03,kg
fruit,blueberries,blueberries,9/8/2023,8.1,kg
fruit,cherries,all,9/8/2023,6.61,kg
fruit,pears,conference,9/8/2023,1.39,kg
fruit,pears,doyenne_du_comice,9/8/2023,1.12,kg
fruit,plums,victoria,9/8/2023,2.23,kg
fruit,plums,all_other,9/8/2023,2.16,kg
fruit,raspberries,raspberries,9/8/2023,10.32,kg
fruit,strawberries,strawberries,9/8/2023,3.88,kg
vegetable,beans,broad,9/8/2023,2.84,kg
vegetable,beans,dwarf_french_or_kidney,9/8/2023,3.16,kg
vegetable,beans,runner_climbing,9/8/2023,2.98,kg
vegetable,beetroot,beetroot,9/8/2023,0.68,kg
vegetable,brussels_sprouts,brussels_sprouts,9/8/2023,1.46,kg
vegetable,pak_choi,pak_choi,9/8/2023,3.46,kg
vegetable,curly_kale,curly_kale,9/8/2023,4.1,kg
vegetable,cabbage,red,9/8/2023,0.7,kg
vegetable,cabbage,savoy,9/8/2023,0.64,head
vegetable,spring_greens,prepacked,9/8/2023,1.32,kg
vegetable,cabbage,summer_autumn_pointed,9/8/2023,0.78,kg
vegetable,cabbage,white,9/8/2023,0.61,kg
vegetable,cabbage,round_green_other,9/8/2023,0.64,head
vegetable,calabrese,calabrese,9/8/2023,1.87,kg
vegetable,capsicum,green,9/8/2023,1.53,kg
vegetable,capsicum,red,9/8/2023,1,kg
vegetable,carrots,topped_washed,9/8/2023,0.56,kg
vegetable,cauliflower,all,9/8/2023,0.64,head
vegetable,celery,all_washed,9/8/2023,1.07,kg
vegetable,celeriac,celeriac,9/8/2023,0.91,kg
vegetable,chinese_leaf,chinese_leaf,9/8/2023,1.17,kg
vegetable,coriander,coriander,9/8/2023,2.29,kg
vegetable,courgettes,courgettes,9/8/2023,1.02,kg
vegetable,cucumbers,cucumbers,9/8/2023,1.06,kg
vegetable,leeks,trimmed,9/8/2023,1.49,kg
vegetable,lettuce,butterhead_indoor,9/8/2023,0.46,head
vegetable,lettuce,cos,9/8/2023,0.72,head
vegetable,lettuce,crisp_iceberg_type,9/8/2023,0.64,head
vegetable,lettuce,little_gem,9/8/2023,0.69,twin
vegetable,rocket,rocket,9/8/2023,5.07,kg
vegetable,mixed_babyleaf_salad,pillow_pack,9/8/2023,4.82,kg
vegetable,onion,bulb_brown,9/8/2023,0.79,kg
vegetable,onion,bulb_red,9/8/2023,0.77,kg
vegetable,onion,saladspring,9/8/2023,0.46,kg
vegetable,swede,swede,9/8/2023,0.39,kg
vegetable,turnip,turnip,9/8/2023,0.7,kg
vegetable,parsnips,all_varieties,9/8/2023,1.41,kg
vegetable,peas,shelling_all_varieties,9/8/2023,2.61,kg
vegetable,rhubarb,outdoor,9/8/2023,1.58,kg
vegetable,spinach_leaf,loose_bunches,9/8/2023,1.87,kg
vegetable,sweetcorn,sweetcorn,9/8/2023,0.36,head
vegetable,tomatoes,round,9/8/2023,0.89,kg
vegetable,tomatoes,vine,9/8/2023,1.49,kg
vegetable,tomatoes,plum,9/8/2023,2.2,kg
cut_flowers,gladioli,all_varieties,9/8/2023,0.24,stem
fruit,apples,bramleys_seedling,9/1/2023,1.04,kg
fruit,apples,gala,9/1/2023,1.1,kg
fruit,apples,other_early_season,9/1/2023,1.02,kg
fruit,blackberries,blackberries,9/1/2023,5.6,kg
fruit,blueberries,blueberries,9/1/2023,8.8,kg
fruit,cherries,all,9/1/2023,4.19,kg
fruit,pears,conference,9/1/2023,1.66,kg
fruit,pears,other,9/1/2023,1.31,kg
fruit,plums,victoria,9/1/2023,2.19,kg
fruit,plums,all_other,9/1/2023,2.26,kg
fruit,raspberries,raspberries,9/1/2023,10.6,kg
fruit,strawberries,strawberries,9/1/2023,3.99,kg
vegetable,beans,broad,9/1/2023,2.57,kg
vegetable,beans,dwarf_french_or_kidney,9/1/2023,3.16,kg
vegetable,beans,runner_climbing,9/1/2023,3.26,kg
vegetable,beetroot,beetroot,9/1/2023,0.69,kg
vegetable,pak_choi,pak_choi,9/1/2023,3.38,kg
vegetable,curly_kale,curly_kale,9/1/2023,4.23,kg
vegetable,cabbage,red,9/1/2023,0.73,kg
vegetable,cabbage,savoy,9/1/2023,0.69,head
vegetable,spring_greens,prepacked,9/1/2023,1.35,kg
vegetable,cabbage,summer_autumn_pointed,9/1/2023,0.79,kg
vegetable,cabbage,white,9/1/2023,0.64,kg
vegetable,cabbage,round_green_other,9/1/2023,0.68,head
vegetable,calabrese,calabrese,9/1/2023,1.73,kg
vegetable,capsicum,green,9/1/2023,1.6,kg
vegetable,capsicum,red,9/1/2023,1.43,kg
vegetable,carrots,topped_washed,9/1/2023,0.56,kg
vegetable,cauliflower,all,9/1/2023,0.68,head
vegetable,celery,all_washed,9/1/2023,1.15,kg
vegetable,celeriac,celeriac,9/1/2023,0.87,kg
vegetable,chinese_leaf,chinese_leaf,9/1/2023,1.19,kg
vegetable,coriander,coriander,9/1/2023,2.45,kg
vegetable,courgettes,courgettes,9/1/2023,1.18,kg
vegetable,cucumbers,cucumbers,9/1/2023,1.03,kg
vegetable,leeks,trimmed,9/1/2023,1.49,kg
vegetable,lettuce,butterhead_indoor,9/1/2023,0.44,head
vegetable,lettuce,cos,9/1/2023,0.69,head
vegetable,lettuce,crisp_iceberg_type,9/1/2023,0.55,head
vegetable,lettuce,little_gem,9/1/2023,0.7,twin
vegetable,rocket,rocket,9/1/2023,5.2,kg
vegetable,mixed_babyleaf_salad,pillow_pack,9/1/2023,5.46,kg
vegetable,onion,bulb_brown,9/1/2023,0.76,kg
vegetable,onion,bulb_red,9/1/2023,0.89,kg
vegetable,onion,saladspring,9/1/2023,0.44,kg
vegetable,swede,swede,9/1/2023,0.4,kg
vegetable,turnip,turnip,9/1/2023,0.96,kg
vegetable,parsnips,all_varieties,9/1/2023,1.48,kg
vegetable,peas,shelling_all_varieties,9/1/2023,2.62,kg
vegetable,rhubarb,outdoor,9/1/2023,1.68,kg
vegetable,spinach_leaf,loose_bunches,9/1/2023,1.99,kg
vegetable,sweetcorn,sweetcorn,9/1/2023,0.39,head
vegetable,tomatoes,round,9/1/2023,1.08,kg
vegetable,tomatoes,vine,9/1/2023,1.66,kg
cut_flowers,gladioli,all_varieties,9/1/2023,0.21,stem
fruit,apples,bramleys_seedling,8/25/2023,1.1,kg
fruit,apples,other_early_season,8/25/2023,1,kg
fruit,blackberries,blackberries,8/25/2023,5.47,kg
fruit,currants,red,8/25/2023,11.04,kg
fruit,blueberries,blueberries,8/25/2023,8.77,kg
fruit,cherries,all,8/25/2023,7.37,kg
fruit,gooseberries,gooseberries,8/25/2023,5.84,kg
fruit,pears,conference,8/25/2023,1.66,kg
fruit,plums,victoria,8/25/2023,2.15,kg
fruit,plums,all_other,8/25/2023,1.87,kg
fruit,raspberries,raspberries,8/25/2023,8.98,kg
fruit,strawberries,strawberries,8/25/2023,2.49,kg
vegetable,beans,broad,8/25/2023,2.9,kg
vegetable,beans,dwarf_french_or_kidney,8/25/2023,3.4,kg
vegetable,beans,runner_climbing,8/25/2023,3.44,kg
vegetable,beetroot,beetroot,8/25/2023,0.82,kg
vegetable,pak_choi,pak_choi,8/25/2023,3.37,kg
vegetable,curly_kale,curly_kale,8/25/2023,4.22,kg
vegetable,cabbage,red,8/25/2023,0.8,kg
vegetable,cabbage,savoy,8/25/2023,0.72,head
vegetable,spring_greens,prepacked,8/25/2023,1.36,kg
vegetable,cabbage,summer_autumn_pointed,8/25/2023,0.8,kg
vegetable,cabbage,white,8/25/2023,0.71,kg
vegetable,cabbage,round_green_other,8/25/2023,0.68,head
vegetable,calabrese,calabrese,8/25/2023,1.86,kg
vegetable,capsicum,green,8/25/2023,1.5,kg
vegetable,capsicum,red,8/25/2023,1.57,kg
vegetable,capsicum,elongated,8/25/2023,2,kg
vegetable,capsicum,yelloworange,8/25/2023,1.7,kg
vegetable,carrots,topped_washed,8/25/2023,0.63,kg
vegetable,cauliflower,all,8/25/2023,0.73,head
vegetable,celery,all_washed,8/25/2023,1.19,kg
vegetable,celeriac,celeriac,8/25/2023,0.88,kg
vegetable,chinese_leaf,chinese_leaf,8/25/2023,1.18,kg
vegetable,coriander,coriander,8/25/2023,2.66,kg
vegetable,courgettes,courgettes,8/25/2023,1.23,kg
vegetable,cucumbers,cucumbers,8/25/2023,0.91,kg
vegetable,leeks,trimmed,8/25/2023,1.55,kg
vegetable,lettuce,butterhead_indoor,8/25/2023,0.44,head
vegetable,lettuce,cos,8/25/2023,0.65,head
vegetable,lettuce,crisp_iceberg_type,8/25/2023,0.56,head
vegetable,lettuce,little_gem,8/25/2023,0.71,twin
vegetable,rocket,rocket,8/25/2023,5.29,kg
vegetable,mixed_babyleaf_salad,pillow_pack,8/25/2023,5.69,kg
vegetable,onion,bulb_brown,8/25/2023,0.77,kg
vegetable,onion,bulb_red,8/25/2023,0.88,kg
vegetable,onion,saladspring,8/25/2023,0.44,kg
vegetable,swede,swede,8/25/2023,0.41,kg
vegetable,turnip,turnip,8/25/2023,1.05,kg
vegetable,parsnips,all_varieties,8/25/2023,1.43,kg
vegetable,peas,shelling_all_varieties,8/25/2023,2.98,kg
vegetable,rhubarb,outdoor,8/25/2023,1.64,kg
vegetable,spinach_leaf,loose_bunches,8/25/2023,2.04,kg
vegetable,sweetcorn,sweetcorn,8/25/2023,0.41,head
vegetable,tomatoes,round,8/25/2023,1.05,kg
vegetable,tomatoes,vine,8/25/2023,1.55,kg
cut_flowers,gladioli,all_varieties,8/25/2023,0.21,stem
fruit,apples,bramleys_seedling,8/18/2023,1.2,kg
fruit,apples,other_early_season,8/18/2023,1.06,kg
fruit,blackberries,blackberries,8/18/2023,5.84,kg
fruit,currants,red,8/18/2023,10.32,kg
fruit,blueberries,blueberries,8/18/2023,10.09,kg
fruit,cherries,all,8/18/2023,5.32,kg
fruit,gooseberries,gooseberries,8/18/2023,9.11,kg
fruit,plums,victoria,8/18/2023,2.62,kg
fruit,plums,all_other,8/18/2023,2.13,kg
fruit,raspberries,raspberries,8/18/2023,9.63,kg
fruit,strawberries,strawberries,8/18/2023,2.78,kg
vegetable,beans,broad,8/18/2023,2.95,kg
vegetable,beans,dwarf_french_or_kidney,8/18/2023,3.45,kg
vegetable,beans,runner_climbing,8/18/2023,3.59,kg
vegetable,beetroot,beetroot,8/18/2023,0.81,kg
vegetable,pak_choi,pak_choi,8/18/2023,3.04,kg
vegetable,curly_kale,curly_kale,8/18/2023,4.24,kg
vegetable,cabbage,red,8/18/2023,0.81,kg
vegetable,cabbage,savoy,8/18/2023,0.71,head
vegetable,spring_greens,prepacked,8/18/2023,1.36,kg
vegetable,cabbage,summer_autumn_pointed,8/18/2023,0.81,kg
vegetable,cabbage,white,8/18/2023,0.72,kg
vegetable,cabbage,round_green_other,8/18/2023,0.71,head
vegetable,calabrese,calabrese,8/18/2023,2.05,kg
vegetable,capsicum,green,8/18/2023,1.45,kg
vegetable,capsicum,red,8/18/2023,1.63,kg
vegetable,capsicum,yelloworange,8/18/2023,1.87,kg
vegetable,carrots,topped_washed,8/18/2023,0.65,kg
vegetable,cauliflower,all,8/18/2023,1.19,head
vegetable,celery,all_washed,8/18/2023,1.25,kg
vegetable,celeriac,celeriac,8/18/2023,0.81,kg
vegetable,chinese_leaf,chinese_leaf,8/18/2023,1.2,kg
vegetable,coriander,coriander,8/18/2023,2.86,kg
vegetable,courgettes,courgettes,8/18/2023,1.27,kg
vegetable,cucumbers,cucumbers,8/18/2023,1.1,kg
vegetable,leeks,trimmed,8/18/2023,1.54,kg
vegetable,lettuce,butterhead_indoor,8/18/2023,0.48,head
vegetable,lettuce,cos,8/18/2023,0.67,head
vegetable,lettuce,crisp_iceberg_type,8/18/2023,0.59,head
vegetable,lettuce,little_gem,8/18/2023,0.72,twin
vegetable,rocket,rocket,8/18/2023,5.42,kg
vegetable,mixed_babyleaf_salad,pillow_pack,8/18/2023,5.68,kg
vegetable,onion,bulb_brown,8/18/2023,0.79,kg
vegetable,onion,bulb_red,8/18/2023,0.85,kg
vegetable,onion,saladspring,8/18/2023,0.45,kg
vegetable,swede,swede,8/18/2023,0.42,kg
vegetable,turnip,turnip,8/18/2023,1.04,kg
vegetable,parsnips,all_varieties,8/18/2023,1.4,kg
vegetable,rhubarb,outdoor,8/18/2023,1.76,kg
vegetable,spinach_leaf,loose_bunches,8/18/2023,2,kg
vegetable,sweetcorn,sweetcorn,8/18/2023,0.45,head
vegetable,tomatoes,round,8/18/2023,1.05,kg
vegetable,tomatoes,vine,8/18/2023,1.25,kg
vegetable,tomatoes,cherry,8/18/2023,2.43,kg
cut_flowers,gladioli,all_varieties,8/18/2023,0.21,stem
fruit,apples,bramleys_seedling,8/11/2023,1.16,kg
fruit,apples,other_early_season,8/11/2023,1.28,kg
fruit,blackberries,blackberries,8/11/2023,8.55,kg
fruit,currants,red,8/11/2023,12,kg
fruit,blueberries,blueberries,8/11/2023,9.09,kg
fruit,cherries,all,8/11/2023,4.79,kg
fruit,gooseberries,gooseberries,8/11/2023,6.75,kg
fruit,plums,victoria,8/11/2023,3.2,kg
fruit,plums,all_other,8/11/2023,2.4,kg
fruit,raspberries,raspberries,8/11/2023,9.25,kg
fruit,strawberries,strawberries,8/11/2023,3.72,kg
vegetable,beans,broad,8/11/2023,2.89,kg
vegetable,beans,dwarf_french_or_kidney,8/11/2023,3.92,kg
vegetable,beans,runner_climbing,8/11/2023,4.84,kg
vegetable,beetroot,beetroot,8/11/2023,0.85,kg
vegetable,pak_choi,pak_choi,8/11/2023,3.06,kg
vegetable,curly_kale,curly_kale,8/11/2023,4.29,kg
vegetable,cabbage,red,8/11/2023,0.91,kg
vegetable,cabbage,savoy,8/11/2023,0.72,head
vegetable,spring_greens,prepacked,8/11/2023,1.3,kg
vegetable,cabbage,summer_autumn_pointed,8/11/2023,0.81,kg
vegetable,cabbage,white,8/11/2023,0.84,kg
vegetable,cabbage,round_green_other,8/11/2023,0.72,head
vegetable,calabrese,calabrese,8/11/2023,1.89,kg
vegetable,capsicum,green,8/11/2023,1.6,kg
vegetable,capsicum,red,8/11/2023,1.45,kg
vegetable,capsicum,elongated,8/11/2023,1.69,kg
vegetable,capsicum,yelloworange,8/11/2023,1.61,kg
vegetable,carrots,topped_washed,8/11/2023,0.67,kg
vegetable,cauliflower,all,8/11/2023,1.68,head
vegetable,celery,all_washed,8/11/2023,1.21,kg
vegetable,celeriac,celeriac,8/11/2023,0.82,kg
vegetable,chinese_leaf,chinese_leaf,8/11/2023,1.17,kg
vegetable,coriander,coriander,8/11/2023,2.88,kg
vegetable,courgettes,courgettes,8/11/2023,1.34,kg
vegetable,cucumbers,cucumbers,8/11/2023,1.07,kg
vegetable,leeks,trimmed,8/11/2023,1.59,kg
vegetable,lettuce,butterhead_indoor,8/11/2023,0.48,head
vegetable,lettuce,cos,8/11/2023,0.69,head
vegetable,lettuce,crisp_iceberg_type,8/11/2023,0.59,head
vegetable,lettuce,little_gem,8/11/2023,0.73,twin
vegetable,rocket,rocket,8/11/2023,5.43,kg
vegetable,mixed_babyleaf_salad,pillow_pack,8/11/2023,5.96,kg
vegetable,onion,bulb_brown,8/11/2023,0.79,kg
vegetable,onion,bulb_red,8/11/2023,0.85,kg
vegetable,onion,saladspring,8/11/2023,0.45,kg
vegetable,swede,swede,8/11/2023,0.41,kg
vegetable,turnip,turnip,8/11/2023,0.7,kg
vegetable,parsnips,all_varieties,8/11/2023,1.49,kg
vegetable,peas,shelling_all_varieties,8/11/2023,3.3,kg
vegetable,rhubarb,outdoor,8/11/2023,1.88,kg
vegetable,spinach_leaf,loose_bunches,8/11/2023,1.99,kg
vegetable,sweetcorn,sweetcorn,8/11/2023,0.52,head
vegetable,tomatoes,round,8/11/2023,1.01,kg
vegetable,tomatoes,vine,8/11/2023,1.51,kg
vegetable,tomatoes,cherry,8/11/2023,3.73,kg
cut_flowers,gladioli,all_varieties,8/11/2023,0.26,stem
fruit,apples,bramleys_seedling,8/4/2023,1.07,kg
fruit,apples,other_early_season,8/4/2023,1.1,kg
fruit,blackberries,blackberries,8/4/2023,8.65,kg
fruit,currants,black,8/4/2023,12,kg
fruit,currants,red,8/4/2023,11.95,kg
fruit,blueberries,blueberries,8/4/2023,10.31,kg
fruit,cherries,all,8/4/2023,4.72,kg
fruit,gooseberries,gooseberries,8/4/2023,6.1,kg
fruit,plums,victoria,8/4/2023,3.3,kg
fruit,plums,all_other,8/4/2023,2.44,kg
fruit,raspberries,raspberries,8/4/2023,7.84,kg
fruit,strawberries,strawberries,8/4/2023,3.6,kg
vegetable,beans,broad,8/4/2023,3.12,kg
vegetable,beans,dwarf_french_or_kidney,8/4/2023,4.59,kg
vegetable,beans,runner_climbing,8/4/2023,5.35,kg
vegetable,beetroot,beetroot,8/4/2023,0.92,kg
vegetable,pak_choi,pak_choi,8/4/2023,2.94,kg
vegetable,curly_kale,curly_kale,8/4/2023,4.4,kg
vegetable,cabbage,red,8/4/2023,1.02,kg
vegetable,cabbage,savoy,8/4/2023,0.75,head
vegetable,spring_greens,prepacked,8/4/2023,1.33,kg
vegetable,cabbage,summer_autumn_pointed,8/4/2023,0.77,kg
vegetable,cabbage,white,8/4/2023,0.99,kg
vegetable,cabbage,round_green_other,8/4/2023,0.75,head
vegetable,calabrese,calabrese,8/4/2023,2.02,kg
vegetable,capsicum,green,8/4/2023,1.53,kg
vegetable,capsicum,red,8/4/2023,1.23,kg
vegetable,capsicum,elongated,8/4/2023,1.45,kg
vegetable,capsicum,yelloworange,8/4/2023,1.22,kg
vegetable,carrots,topped_washed,8/4/2023,0.71,kg
vegetable,cauliflower,all,8/4/2023,1.27,head
vegetable,celery,all_washed,8/4/2023,1.32,kg
vegetable,celeriac,celeriac,8/4/2023,0.8,kg
vegetable,chinese_leaf,chinese_leaf,8/4/2023,1.15,kg
vegetable,coriander,coriander,8/4/2023,3.35,kg
vegetable,courgettes,courgettes,8/4/2023,1.25,kg
vegetable,cucumbers,cucumbers,8/4/2023,1.11,kg
vegetable,leeks,trimmed,8/4/2023,1.61,kg
vegetable,lettuce,butterhead_indoor,8/4/2023,0.48,head
vegetable,lettuce,cos,8/4/2023,0.69,head
vegetable,lettuce,crisp_iceberg_type,8/4/2023,0.61,head
vegetable,lettuce,little_gem,8/4/2023,0.75,twin
vegetable,rocket,rocket,8/4/2023,5.44,kg
vegetable,mixed_babyleaf_salad,pillow_pack,8/4/2023,6.33,kg
vegetable,onion,bulb_brown,8/4/2023,0.75,kg
vegetable,onion,bulb_red,8/4/2023,0.87,kg
vegetable,onion,saladspring,8/4/2023,0.43,kg
vegetable,swede,swede,8/4/2023,0.41,kg
vegetable,parsnips,all_varieties,8/4/2023,1.45,kg
vegetable,peas,shelling_all_varieties,8/4/2023,3.3,kg
vegetable,rhubarb,outdoor,8/4/2023,1.86,kg
vegetable,spinach_leaf,loose_bunches,8/4/2023,2.42,kg
vegetable,sweetcorn,sweetcorn,8/4/2023,0.56,head
vegetable,tomatoes,round,8/4/2023,0.9,kg
vegetable,tomatoes,vine,8/4/2023,1.55,kg
vegetable,tomatoes,cherry,8/4/2023,3.2,kg
vegetable,tomatoes,plum,8/4/2023,2.4,kg
cut_flowers,gladioli,all_varieties,8/4/2023,0.25,stem
fruit,apples,bramleys_seedling,7/28/2023,1.14,kg
fruit,apples,gala,7/28/2023,0.95,kg
fruit,apples,other_late_season,7/28/2023,1.14,kg
fruit,blackberries,blackberries,7/28/2023,8.28,kg
fruit,currants,red,7/28/2023,14.4,kg
fruit,blueberries,blueberries,7/28/2023,9.03,kg
fruit,cherries,all,7/28/2023,4.7,kg
fruit,gooseberries,gooseberries,7/28/2023,6.06,kg
fruit,plums,all_other,7/28/2023,2.38,kg
fruit,raspberries,raspberries,7/28/2023,9.1,kg
fruit,strawberries,strawberries,7/28/2023,4.98,kg
vegetable,beans,broad,7/28/2023,3.21,kg
vegetable,beans,runner_climbing,7/28/2023,8.3,kg
vegetable,beetroot,beetroot,7/28/2023,0.92,kg
vegetable,pak_choi,pak_choi,7/28/2023,3.4,kg
vegetable,curly_kale,curly_kale,7/28/2023,4.51,kg
vegetable,cabbage,red,7/28/2023,1.12,kg
vegetable,cabbage,savoy,7/28/2023,0.78,head
vegetable,spring_greens,prepacked,7/28/2023,1.29,kg
vegetable,cabbage,summer_autumn_pointed,7/28/2023,0.73,kg
vegetable,cabbage,white,7/28/2023,1,kg
vegetable,cabbage,round_green_other,7/28/2023,0.77,head
vegetable,calabrese,calabrese,7/28/2023,2.02,kg
vegetable,capsicum,green,7/28/2023,1.54,kg
vegetable,capsicum,red,7/28/2023,1.19,kg
vegetable,capsicum,elongated,7/28/2023,1.58,kg
vegetable,capsicum,yelloworange,7/28/2023,1.07,kg
vegetable,carrots,topped_washed,7/28/2023,0.75,kg
vegetable,cauliflower,all,7/28/2023,0.68,head
vegetable,celery,all_washed,7/28/2023,1.38,kg
vegetable,celeriac,celeriac,7/28/2023,0.83,kg
vegetable,chinese_leaf,chinese_leaf,7/28/2023,1.18,kg
vegetable,coriander,coriander,7/28/2023,3.04,kg
vegetable,courgettes,courgettes,7/28/2023,1.37,kg
vegetable,cucumbers,cucumbers,7/28/2023,1.21,kg
vegetable,leeks,trimmed,7/28/2023,1.59,kg
vegetable,lettuce,butterhead_indoor,7/28/2023,0.48,head
vegetable,lettuce,cos,7/28/2023,0.7,head
vegetable,lettuce,crisp_iceberg_type,7/28/2023,0.64,head
vegetable,lettuce,little_gem,7/28/2023,0.73,twin
vegetable,rocket,rocket,7/28/2023,5.3,kg
vegetable,mixed_babyleaf_salad,pillow_pack,7/28/2023,5.55,kg
vegetable,onion,bulb_brown,7/28/2023,0.77,kg
vegetable,onion,bulb_red,7/28/2023,0.75,kg
vegetable,onion,saladspring,7/28/2023,0.44,kg
vegetable,swede,swede,7/28/2023,0.45,kg
vegetable,turnip,turnip,7/28/2023,2.8,kg
vegetable,parsnips,all_varieties,7/28/2023,1.46,kg
vegetable,peas,shelling_all_varieties,7/28/2023,3.38,kg
vegetable,rhubarb,outdoor,7/28/2023,1.89,kg
vegetable,spinach_leaf,loose_bunches,7/28/2023,2.46,kg
vegetable,tomatoes,round,7/28/2023,0.92,kg
vegetable,tomatoes,vine,7/28/2023,1.2,kg
vegetable,tomatoes,plum,7/28/2023,2.4,kg
fruit,apples,bramleys_seedling,7/21/2023,1.2,kg
fruit,apples,gala,7/21/2023,0.95,kg
fruit,apples,other_late_season,7/21/2023,1.11,kg
fruit,blackberries,blackberries,7/21/2023,8.83,kg
fruit,currants,black,7/21/2023,11.4,kg
fruit,currants,red,7/21/2023,15.5,kg
fruit,blueberries,blueberries,7/21/2023,9.18,kg
fruit,cherries,all,7/21/2023,4.81,kg
fruit,gooseberries,gooseberries,7/21/2023,5.57,kg
fruit,plums,all_other,7/21/2023,2.09,kg
fruit,raspberries,raspberries,7/21/2023,9.11,kg
fruit,strawberries,strawberries,7/21/2023,4.99,kg
vegetable,beans,broad,7/21/2023,2.25,kg
vegetable,beans,dwarf_french_or_kidney,7/21/2023,4.65,kg
vegetable,beans,runner_climbing,7/21/2023,6.63,kg
vegetable,beetroot,beetroot,7/21/2023,1,kg
vegetable,pak_choi,pak_choi,7/21/2023,3.61,kg
vegetable,curly_kale,curly_kale,7/21/2023,4.53,kg
vegetable,cabbage,red,7/21/2023,1.11,kg
vegetable,cabbage,savoy,7/21/2023,0.77,head
vegetable,spring_greens,prepacked,7/21/2023,1.24,kg
vegetable,cabbage,summer_autumn_pointed,7/21/2023,0.82,kg
vegetable,cabbage,white,7/21/2023,1.08,kg
vegetable,cabbage,round_green_other,7/21/2023,0.76,head
vegetable,calabrese,calabrese,7/21/2023,2.22,kg
vegetable,capsicum,red,7/21/2023,0.93,kg
vegetable,capsicum,yelloworange,7/21/2023,0.86,kg
vegetable,carrots,topped_washed,7/21/2023,0.75,kg
vegetable,cauliflower,all,7/21/2023,0.78,head
vegetable,celery,all_washed,7/21/2023,1.36,kg
vegetable,celeriac,celeriac,7/21/2023,0.84,kg
vegetable,chinese_leaf,chinese_leaf,7/21/2023,1.18,kg
vegetable,coriander,coriander,7/21/2023,2.85,kg
vegetable,courgettes,courgettes,7/21/2023,1.24,kg
vegetable,cucumbers,cucumbers,7/21/2023,1.3,kg
vegetable,leeks,trimmed,7/21/2023,1.57,kg
vegetable,lettuce,butterhead_indoor,7/21/2023,0.5,head
vegetable,lettuce,cos,7/21/2023,0.7,head
vegetable,lettuce,crisp_iceberg_type,7/21/2023,0.63,head
vegetable,lettuce,little_gem,7/21/2023,0.73,twin
vegetable,rocket,rocket,7/21/2023,5.46,kg
vegetable,mixed_babyleaf_salad,pillow_pack,7/21/2023,5.68,kg
vegetable,onion,bulb_brown,7/21/2023,0.62,kg
vegetable,onion,bulb_red,7/21/2023,0.75,kg
vegetable,onion,saladspring,7/21/2023,0.46,kg
vegetable,swede,swede,7/21/2023,0.47,kg
vegetable,turnip,turnip,7/21/2023,2,kg
vegetable,parsnips,all_varieties,7/21/2023,1.44,kg
vegetable,peas,shelling_all_varieties,7/21/2023,3.1,kg
vegetable,rhubarb,outdoor,7/21/2023,1.92,kg
vegetable,spinach_leaf,loose_bunches,7/21/2023,2.33,kg
vegetable,tomatoes,round,7/21/2023,0.88,kg
vegetable,tomatoes,vine,7/21/2023,1.24,kg
vegetable,tomatoes,cherry,7/21/2023,2.86,kg
cut_flowers,gladioli,all_varieties,7/21/2023,0.3,stem
fruit,apples,bramleys_seedling,7/14/2023,1.17,kg
fruit,apples,braeburn,7/14/2023,0.89,kg
fruit,apples,gala,7/14/2023,0.95,kg
fruit,apples,other_late_season,7/14/2023,1.26,kg
fruit,blackberries,blackberries,7/14/2023,9.3,kg
fruit,currants,black,7/14/2023,11.3,kg
fruit,blueberries,blueberries,7/14/2023,9.38,kg
fruit,cherries,all,7/14/2023,7.81,kg
fruit,gooseberries,gooseberries,7/14/2023,7.07,kg
fruit,plums,all_other,7/14/2023,2.67,kg
fruit,raspberries,raspberries,7/14/2023,9.71,kg
fruit,strawberries,strawberries,7/14/2023,5.52,kg
vegetable,asparagus,asparagus,7/14/2023,10.3,kg
vegetable,beans,broad,7/14/2023,2.38,kg
vegetable,beans,dwarf_french_or_kidney,7/14/2023,4.93,kg
vegetable,beans,runner_climbing,7/14/2023,7.49,kg
vegetable,beetroot,beetroot,7/14/2023,1.09,kg
vegetable,pak_choi,pak_choi,7/14/2023,3.61,kg
vegetable,curly_kale,curly_kale,7/14/2023,4.45,kg
vegetable,cabbage,red,7/14/2023,1.22,kg
vegetable,cabbage,savoy,7/14/2023,0.77,head
vegetable,spring_greens,prepacked,7/14/2023,1.3,kg
vegetable,cabbage,summer_autumn_pointed,7/14/2023,0.81,kg
vegetable,cabbage,white,7/14/2023,1.33,kg
vegetable,cabbage,round_green_other,7/14/2023,0.69,head
vegetable,calabrese,calabrese,7/14/2023,3.66,kg
vegetable,capsicum,green,7/14/2023,2.5,kg
vegetable,capsicum,red,7/14/2023,1.2,kg
vegetable,capsicum,elongated,7/14/2023,2.17,kg
vegetable,capsicum,yelloworange,7/14/2023,1.48,kg
vegetable,carrots,topped_washed,7/14/2023,0.8,kg
vegetable,cauliflower,all,7/14/2023,0.89,head
vegetable,celery,all_washed,7/14/2023,1.37,kg
vegetable,celeriac,celeriac,7/14/2023,0.91,kg
vegetable,chinese_leaf,chinese_leaf,7/14/2023,1.19,kg
vegetable,coriander,coriander,7/14/2023,2.49,kg
vegetable,courgettes,courgettes,7/14/2023,1.23,kg
vegetable,cucumbers,cucumbers,7/14/2023,1.06,kg
vegetable,leeks,trimmed,7/14/2023,1.53,kg
vegetable,lettuce,butterhead_indoor,7/14/2023,0.48,head
vegetable,lettuce,cos,7/14/2023,0.74,head
vegetable,lettuce,crisp_iceberg_type,7/14/2023,0.69,head
vegetable,lettuce,little_gem,7/14/2023,0.72,twin
vegetable,rocket,rocket,7/14/2023,5.38,kg
vegetable,mixed_babyleaf_salad,pillow_pack,7/14/2023,5.98,kg
vegetable,onion,bulb_brown,7/14/2023,0.45,kg
vegetable,onion,bulb_red,7/14/2023,0.75,kg
vegetable,onion,saladspring,7/14/2023,0.46,kg
vegetable,swede,swede,7/14/2023,0.5,kg
vegetable,turnip,turnip,7/14/2023,1.93,kg
vegetable,parsnips,all_varieties,7/14/2023,1.48,kg
vegetable,peas,shelling_all_varieties,7/14/2023,3.03,kg
vegetable,rhubarb,outdoor,7/14/2023,1.97,kg
vegetable,spinach_leaf,loose_bunches,7/14/2023,2.46,kg
vegetable,tomatoes,round,7/14/2023,0.86,kg
vegetable,tomatoes,vine,7/14/2023,1.26,kg
vegetable,tomatoes,cherry,7/14/2023,4,kg
vegetable,tomatoes,plum,7/14/2023,0.67,kg
cut_flowers,gladioli,all_varieties,7/14/2023,0.3,stem
fruit,apples,bramleys_seedling,7/7/2023,1.18,kg
fruit,apples,braeburn,7/7/2023,0.89,kg
fruit,apples,gala,7/7/2023,0.95,kg
fruit,apples,other_mid_season,7/7/2023,1.29,kg
fruit,apples,other_late_season,7/7/2023,1.26,kg
fruit,blackberries,blackberries,7/7/2023,6,kg
fruit,blueberries,blueberries,7/7/2023,7.75,kg
fruit,cherries,all,7/7/2023,8.31,kg
fruit,gooseberries,gooseberries,7/7/2023,6.11,kg
fruit,raspberries,raspberries,7/7/2023,6.48,kg
fruit,strawberries,strawberries,7/7/2023,5.42,kg
vegetable,asparagus,asparagus,7/7/2023,10.3,kg
vegetable,beans,broad,7/7/2023,2.39,kg
vegetable,beans,runner_climbing,7/7/2023,7.11,kg
vegetable,beetroot,beetroot,7/7/2023,1.07,kg
vegetable,pak_choi,pak_choi,7/7/2023,3.52,kg
vegetable,curly_kale,curly_kale,7/7/2023,4.68,kg
vegetable,cabbage,red,7/7/2023,1.11,kg
vegetable,cabbage,savoy,7/7/2023,0.78,head
vegetable,spring_greens,prepacked,7/7/2023,1.29,kg
vegetable,cabbage,summer_autumn_pointed,7/7/2023,0.83,kg
vegetable,cabbage,white,7/7/2023,1.31,kg
vegetable,cabbage,round_green_other,7/7/2023,0.75,head
vegetable,calabrese,calabrese,7/7/2023,3.95,kg
vegetable,capsicum,green,7/7/2023,2.5,kg
vegetable,capsicum,red,7/7/2023,1.1,kg
vegetable,capsicum,elongated,7/7/2023,2,kg
vegetable,capsicum,yelloworange,7/7/2023,2.4,kg
vegetable,carrots,topped_washed,7/7/2023,0.95,kg
vegetable,cauliflower,all,7/7/2023,0.87,head
vegetable,celery,all_washed,7/7/2023,1.37,kg
vegetable,celeriac,celeriac,7/7/2023,0.87,kg
vegetable,chinese_leaf,chinese_leaf,7/7/2023,1.14,kg
vegetable,coriander,coriander,7/7/2023,2.64,kg
vegetable,courgettes,courgettes,7/7/2023,1.18,kg
vegetable,cucumbers,cucumbers,7/7/2023,1.1,kg
vegetable,leeks,trimmed,7/7/2023,1.51,kg
vegetable,lettuce,butterhead_indoor,7/7/2023,0.47,head
vegetable,lettuce,cos,7/7/2023,0.74,head
vegetable,lettuce,crisp_iceberg_type,7/7/2023,0.7,head
vegetable,lettuce,little_gem,7/7/2023,0.71,twin
vegetable,rocket,rocket,7/7/2023,5.38,kg
vegetable,mixed_babyleaf_salad,pillow_pack,7/7/2023,5.98,kg
vegetable,onion,bulb_brown,7/7/2023,0.45,kg
vegetable,onion,bulb_red,7/7/2023,0.75,kg
vegetable,onion,saladspring,7/7/2023,0.42,kg
vegetable,swede,swede,7/7/2023,0.53,kg
vegetable,turnip,turnip,7/7/2023,1.92,kg
vegetable,parsnips,all_varieties,7/7/2023,1.33,kg
vegetable,peas,shelling_all_varieties,7/7/2023,2.89,kg
vegetable,rhubarb,outdoor,7/7/2023,2.02,kg
vegetable,spinach_leaf,loose_bunches,7/7/2023,2.46,kg
vegetable,tomatoes,round,7/7/2023,0.77,kg
vegetable,tomatoes,vine,7/7/2023,1.61,kg
vegetable,tomatoes,plum,7/7/2023,1.9,kg
cut_flowers,gladioli,all_varieties,7/7/2023,0.27,stem
fruit,apples,bramleys_seedling,6/30/2023,1.26,kg
fruit,apples,braeburn,6/30/2023,0.89,kg
fruit,apples,gala,6/30/2023,1.27,kg
fruit,apples,other_mid_season,6/30/2023,1.38,kg
fruit,apples,other_late_season,6/30/2023,1.37,kg
fruit,blackberries,blackberries,6/30/2023,5.75,kg
fruit,blueberries,blueberries,6/30/2023,6.98,kg
fruit,cherries,all,6/30/2023,8.62,kg
fruit,gooseberries,gooseberries,6/30/2023,7.1,kg
fruit,raspberries,raspberries,6/30/2023,5.74,kg
fruit,strawberries,strawberries,6/30/2023,3.36,kg
vegetable,asparagus,asparagus,6/30/2023,10.3,kg
vegetable,beans,broad,6/30/2023,2.44,kg
vegetable,beans,runner_climbing,6/30/2023,7.79,kg
vegetable,beetroot,beetroot,6/30/2023,0.9,kg
vegetable,pak_choi,pak_choi,6/30/2023,3.44,kg
vegetable,curly_kale,curly_kale,6/30/2023,4.52,kg
vegetable,cabbage,red,6/30/2023,1.19,kg
vegetable,cabbage,savoy,6/30/2023,0.85,head
vegetable,spring_greens,prepacked,6/30/2023,1.29,kg
vegetable,cabbage,summer_autumn_pointed,6/30/2023,0.88,kg
vegetable,cabbage,white,6/30/2023,1.37,kg
vegetable,cabbage,round_green_other,6/30/2023,0.76,head
vegetable,calabrese,calabrese,6/30/2023,3.52,kg
vegetable,capsicum,green,6/30/2023,2.5,kg
vegetable,capsicum,red,6/30/2023,1.58,kg
vegetable,capsicum,yelloworange,6/30/2023,2.11,kg
vegetable,carrots,topped_washed,6/30/2023,1.05,kg
vegetable,cauliflower,all,6/30/2023,1.11,head
vegetable,celery,all_washed,6/30/2023,1.42,kg
vegetable,celeriac,celeriac,6/30/2023,0.8,kg
vegetable,chinese_leaf,chinese_leaf,6/30/2023,1.26,kg
vegetable,coriander,coriander,6/30/2023,2.37,kg
vegetable,courgettes,courgettes,6/30/2023,1.42,kg
vegetable,cucumbers,cucumbers,6/30/2023,0.8,kg
vegetable,lettuce,butterhead_indoor,6/30/2023,0.47,head
vegetable,lettuce,cos,6/30/2023,0.72,head
vegetable,lettuce,crisp_iceberg_type,6/30/2023,0.71,head
vegetable,lettuce,little_gem,6/30/2023,0.73,twin
vegetable,rocket,rocket,6/30/2023,5.25,kg
vegetable,mixed_babyleaf_salad,pillow_pack,6/30/2023,5.75,kg
vegetable,onion,bulb_brown,6/30/2023,0.45,kg
vegetable,onion,bulb_red,6/30/2023,0.75,kg
vegetable,onion,saladspring,6/30/2023,0.46,kg
vegetable,swede,swede,6/30/2023,0.54,kg
vegetable,turnip,turnip,6/30/2023,1.96,kg
vegetable,parsnips,all_varieties,6/30/2023,1.14,kg
vegetable,peas,shelling_all_varieties,6/30/2023,3.08,kg
vegetable,rhubarb,outdoor,6/30/2023,1.97,kg
vegetable,spinach_leaf,loose_bunches,6/30/2023,2.3,kg
vegetable,tomatoes,round,6/30/2023,0.89,kg
vegetable,tomatoes,vine,6/30/2023,1.51,kg
fruit,blackberries,blackberries,6/23/2023,3.42,kg
fruit,blueberries,blueberries,6/23/2023,5.88,kg
fruit,cherries,all,6/23/2023,6.3,kg
fruit,gooseberries,gooseberries,6/23/2023,6.33,kg
fruit,raspberries,raspberries,6/23/2023,7.6,kg
fruit,strawberries,strawberries,6/23/2023,2.09,kg
vegetable,beans,broad,6/23/2023,2.52,kg
vegetable,beans,dwarf_french_or_kidney,6/23/2023,5.07,kg
vegetable,pak_choi,pak_choi,6/23/2023,3.3,kg
vegetable,cabbage,red,6/23/2023,1.25,kg
vegetable,cabbage,savoy,6/23/2023,0.87,head
vegetable,cabbage,round_green_other,6/23/2023,0.81,head
vegetable,calabrese,calabrese,6/23/2023,2.82,kg
vegetable,cauliflower,all,6/23/2023,1.15,head
vegetable,celery,all_washed,6/23/2023,1.69,kg
vegetable,celeriac,celeriac,6/23/2023,0.75,kg
vegetable,courgettes,courgettes,6/23/2023,1.42,kg
vegetable,cucumbers,cucumbers,6/23/2023,0.55,kg
vegetable,lettuce,butterhead_indoor,6/23/2023,0.5,head
vegetable,lettuce,cos,6/23/2023,0.67,head
vegetable,lettuce,crisp_iceberg_type,6/23/2023,0.97,head
vegetable,lettuce,little_gem,6/23/2023,0.73,twin
vegetable,rocket,rocket,6/23/2023,7.25,kg
vegetable,mixed_babyleaf_salad,pillow_pack,6/23/2023,7,kg
vegetable,swede,swede,6/23/2023,0.52,kg
vegetable,peas,shelling_all_varieties,6/23/2023,2.89,kg
vegetable,rhubarb,outdoor,6/23/2023,1.44,kg
vegetable,spinach_leaf,loose_bunches,6/23/2023,1.76,kg
vegetable,tomatoes,round,6/23/2023,1.55,kg
fruit,apples,bramleys_seedling,6/16/2023,1.18,kg
fruit,apples,braeburn,6/16/2023,1.06,kg
fruit,apples,gala,6/16/2023,1.13,kg
fruit,apples,other_late_season,6/16/2023,1.21,kg
fruit,blueberries,blueberries,6/16/2023,5.6,kg
fruit,cherries,all,6/16/2023,9.34,kg
fruit,gooseberries,gooseberries,6/16/2023,8.72,kg
fruit,raspberries,raspberries,6/16/2023,9.62,kg
fruit,strawberries,strawberries,6/16/2023,3.77,kg
vegetable,asparagus,asparagus,6/16/2023,8.46,kg
vegetable,beans,broad,6/16/2023,3.02,kg
vegetable,beetroot,beetroot,6/16/2023,0.94,kg
vegetable,pak_choi,pak_choi,6/16/2023,3.5,kg
vegetable,curly_kale,curly_kale,6/16/2023,5.05,kg
vegetable,cabbage,red,6/16/2023,1.24,kg
vegetable,cabbage,savoy,6/16/2023,1.1,head
vegetable,spring_greens,prepacked,6/16/2023,1.3,kg
vegetable,cabbage,summer_autumn_pointed,6/16/2023,0.89,kg
vegetable,cabbage,white,6/16/2023,1.31,kg
vegetable,cabbage,round_green_other,6/16/2023,0.8,head
vegetable,calabrese,calabrese,6/16/2023,2.88,kg
vegetable,capsicum,green,6/16/2023,2.19,kg
vegetable,capsicum,red,6/16/2023,2.33,kg
vegetable,capsicum,elongated,6/16/2023,2,kg
vegetable,capsicum,yelloworange,6/16/2023,2.25,kg
vegetable,carrots,topped_washed,6/16/2023,1.06,kg
vegetable,cauliflower,all,6/16/2023,1.67,head
vegetable,celery,all_washed,6/16/2023,1.59,kg
vegetable,celeriac,celeriac,6/16/2023,0.88,kg
vegetable,chinese_leaf,chinese_leaf,6/16/2023,1.26,kg
vegetable,coriander,coriander,6/16/2023,2.92,kg
vegetable,courgettes,courgettes,6/16/2023,1.42,kg
vegetable,cucumbers,cucumbers,6/16/2023,0.75,kg
vegetable,lettuce,butterhead_indoor,6/16/2023,0.49,head
vegetable,lettuce,cos,6/16/2023,0.76,head
vegetable,lettuce,crisp_iceberg_type,6/16/2023,0.75,head
vegetable,lettuce,little_gem,6/16/2023,0.75,twin
vegetable,rocket,rocket,6/16/2023,5.08,kg
vegetable,mixed_babyleaf_salad,pillow_pack,6/16/2023,5.24,kg
vegetable,onion,bulb_brown,6/16/2023,0.55,kg
vegetable,onion,bulb_red,6/16/2023,0.77,kg
vegetable,onion,saladspring,6/16/2023,0.47,kg
vegetable,swede,swede,6/16/2023,0.55,kg
vegetable,turnip,turnip,6/16/2023,2.04,kg
vegetable,parsnips,all_varieties,6/16/2023,1.39,kg
vegetable,peas,shelling_all_varieties,6/16/2023,2.88,kg
vegetable,rhubarb,outdoor,6/16/2023,2.09,kg
vegetable,spinach_leaf,loose_bunches,6/16/2023,2.39,kg
vegetable,tomatoes,round,6/16/2023,1.14,kg
vegetable,tomatoes,vine,6/16/2023,1.72,kg
fruit,apples,bramleys_seedling,6/9/2023,1.23,kg
fruit,apples,braeburn,6/9/2023,1.19,kg
fruit,apples,gala,6/9/2023,1.18,kg
fruit,apples,other_late_season,6/9/2023,1.24,kg
fruit,blackberries,blackberries,6/9/2023,5.8,kg
fruit,pears,conference,6/9/2023,1.63,kg
fruit,raspberries,raspberries,6/9/2023,9.66,kg
fruit,strawberries,strawberries,6/9/2023,3.85,kg
vegetable,asparagus,asparagus,6/9/2023,8.1,kg
vegetable,beetroot,beetroot,6/9/2023,0.81,kg
vegetable,pak_choi,pak_choi,6/9/2023,3.57,kg
vegetable,curly_kale,curly_kale,6/9/2023,4.86,kg
vegetable,cabbage,red,6/9/2023,1.13,kg
vegetable,cabbage,savoy,6/9/2023,0.75,head
vegetable,spring_greens,prepacked,6/9/2023,1.42,kg
vegetable,cabbage,summer_autumn_pointed,6/9/2023,0.85,kg
vegetable,cabbage,white,6/9/2023,1.32,kg
vegetable,cabbage,round_green_other,6/9/2023,0.83,head
vegetable,calabrese,calabrese,6/9/2023,2.49,kg
vegetable,capsicum,green,6/9/2023,2.5,kg
vegetable,capsicum,red,6/9/2023,2.33,kg
vegetable,capsicum,elongated,6/9/2023,2,kg
vegetable,capsicum,yelloworange,6/9/2023,2.15,kg
vegetable,carrots,topped_washed,6/9/2023,1.03,kg
vegetable,cauliflower,all,6/9/2023,1.92,head
vegetable,celeriac,celeriac,6/9/2023,0.77,kg
vegetable,chinese_leaf,chinese_leaf,6/9/2023,1.4,kg
vegetable,coriander,coriander,6/9/2023,2.66,kg
vegetable,cucumbers,cucumbers,6/9/2023,0.92,kg
vegetable,lettuce,butterhead_indoor,6/9/2023,0.49,head
vegetable,lettuce,cos,6/9/2023,0.86,head
vegetable,lettuce,crisp_iceberg_type,6/9/2023,0.74,head
vegetable,lettuce,little_gem,6/9/2023,0.78,twin
vegetable,rocket,rocket,6/9/2023,5.65,kg
vegetable,mixed_babyleaf_salad,pillow_pack,6/9/2023,5.47,kg
vegetable,onion,bulb_brown,6/9/2023,1.13,kg
vegetable,onion,bulb_red,6/9/2023,0.8,kg
vegetable,onion,saladspring,6/9/2023,0.41,kg
vegetable,swede,swede,6/9/2023,0.32,kg
vegetable,turnip,turnip,6/9/2023,2.04,kg
vegetable,parsnips,all_varieties,6/9/2023,1.17,kg
vegetable,peas,shelling_all_varieties,6/9/2023,3.63,kg
vegetable,rhubarb,outdoor,6/9/2023,2.05,kg
vegetable,spinach_leaf,loose_bunches,6/9/2023,2.46,kg
vegetable,tomatoes,round,6/9/2023,1.26,kg
vegetable,tomatoes,vine,6/9/2023,1.71,kg
vegetable,tomatoes,cherry,6/9/2023,2,kg
fruit,apples,bramleys_seedling,6/2/2023,1.28,kg
fruit,apples,coxs_orange_group,6/2/2023,1.25,kg
fruit,apples,braeburn,6/2/2023,1.25,kg
fruit,apples,gala,6/2/2023,1.17,kg
fruit,apples,other_late_season,6/2/2023,1.17,kg
fruit,blackberries,blackberries,6/2/2023,10.28,kg
fruit,pears,conference,6/2/2023,1.63,kg
fruit,raspberries,raspberries,6/2/2023,9.32,kg
fruit,strawberries,strawberries,6/2/2023,3.89,kg
vegetable,asparagus,asparagus,6/2/2023,7.18,kg
vegetable,beetroot,beetroot,6/2/2023,0.74,kg
vegetable,pak_choi,pak_choi,6/2/2023,3.61,kg
vegetable,curly_kale,curly_kale,6/2/2023,4.87,kg
vegetable,cabbage,red,6/2/2023,1.18,kg
vegetable,cabbage,savoy,6/2/2023,0.73,head
vegetable,spring_greens,prepacked,6/2/2023,1.38,kg
vegetable,cabbage,summer_autumn_pointed,6/2/2023,0.96,kg
vegetable,cabbage,white,6/2/2023,1.21,kg
vegetable,cabbage,round_green_other,6/2/2023,0.76,head
vegetable,calabrese,calabrese,6/2/2023,2.38,kg
vegetable,capsicum,green,6/2/2023,2.5,kg
vegetable,capsicum,elongated,6/2/2023,2,kg
vegetable,carrots,topped_washed,6/2/2023,0.98,kg
vegetable,cauliflower,all,6/2/2023,1.4,head
vegetable,celeriac,celeriac,6/2/2023,0.82,kg
vegetable,chinese_leaf,chinese_leaf,6/2/2023,1.41,kg
vegetable,coriander,coriander,6/2/2023,3.21,kg
vegetable,cucumbers,cucumbers,6/2/2023,0.86,kg
vegetable,leeks,trimmed,6/2/2023,1.86,kg
vegetable,lettuce,butterhead_indoor,6/2/2023,0.48,head
vegetable,lettuce,cos,6/2/2023,0.91,head
vegetable,lettuce,crisp_iceberg_type,6/2/2023,0.78,head
vegetable,lettuce,little_gem,6/2/2023,0.78,twin
vegetable,rocket,rocket,6/2/2023,5.54,kg
vegetable,mixed_babyleaf_salad,pillow_pack,6/2/2023,5.54,kg
vegetable,onion,bulb_brown,6/2/2023,1.12,kg
vegetable,onion,bulb_red,6/2/2023,0.74,kg
vegetable,onion,saladspring,6/2/2023,0.44,kg
vegetable,swede,swede,6/2/2023,0.32,kg
vegetable,turnip,turnip,6/2/2023,2.01,kg
vegetable,parsnips,all_varieties,6/2/2023,1.35,kg
vegetable,peas,shelling_all_varieties,6/2/2023,3.63,kg
vegetable,rhubarb,forced,6/2/2023,3.74,kg
vegetable,rhubarb,outdoor,6/2/2023,1.99,kg
vegetable,spinach_leaf,loose_bunches,6/2/2023,2.08,kg
vegetable,tomatoes,round,6/2/2023,1.24,kg
vegetable,tomatoes,vine,6/2/2023,1.77,kg
vegetable,tomatoes,cherry,6/2/2023,1.39,kg
fruit,apples,bramleys_seedling,5/26/2023,1.28,kg
fruit,apples,coxs_orange_group,5/26/2023,1.37,kg
fruit,apples,braeburn,5/26/2023,1.21,kg
fruit,apples,gala,5/26/2023,1.23,kg
fruit,apples,other_late_season,5/26/2023,1.29,kg
fruit,blackberries,blackberries,5/26/2023,13.17,kg
fruit,pears,conference,5/26/2023,1.38,kg
fruit,raspberries,raspberries,5/26/2023,16.83,kg
fruit,strawberries,strawberries,5/26/2023,4.77,kg
vegetable,asparagus,asparagus,5/26/2023,7.47,kg
vegetable,beetroot,beetroot,5/26/2023,0.69,kg
vegetable,pak_choi,pak_choi,5/26/2023,3.5,kg
vegetable,curly_kale,curly_kale,5/26/2023,5.01,kg
vegetable,cabbage,red,5/26/2023,1.04,kg
vegetable,cabbage,savoy,5/26/2023,0.8,head
vegetable,spring_greens,prepacked,5/26/2023,1.45,kg
vegetable,cabbage,summer_autumn_pointed,5/26/2023,0.96,kg
vegetable,cabbage,white,5/26/2023,1.14,kg
vegetable,cabbage,round_green_other,5/26/2023,0.8,head
vegetable,calabrese,calabrese,5/26/2023,3.3,kg
vegetable,carrots,topped_washed,5/26/2023,0.96,kg
vegetable,cauliflower,all,5/26/2023,1.44,head
vegetable,celeriac,celeriac,5/26/2023,0.83,kg
vegetable,chinese_leaf,chinese_leaf,5/26/2023,1.38,kg
vegetable,coriander,coriander,5/26/2023,1.76,kg
vegetable,cucumbers,cucumbers,5/26/2023,0.73,kg
vegetable,leeks,trimmed,5/26/2023,1.73,kg
vegetable,lettuce,butterhead_indoor,5/26/2023,0.49,head
vegetable,lettuce,cos,5/26/2023,0.82,head
vegetable,lettuce,crisp_iceberg_type,5/26/2023,0.72,head
vegetable,lettuce,little_gem,5/26/2023,0.73,twin
vegetable,rocket,rocket,5/26/2023,5.39,kg
vegetable,mixed_babyleaf_salad,pillow_pack,5/26/2023,5.66,kg
vegetable,onion,bulb_brown,5/26/2023,0.99,kg
vegetable,onion,bulb_red,5/26/2023,0.75,kg
vegetable,onion,saladspring,5/26/2023,0.43,kg
vegetable,swede,swede,5/26/2023,0.32,kg
vegetable,turnip,turnip,5/26/2023,2.05,kg
vegetable,parsnips,all_varieties,5/26/2023,1.32,kg
vegetable,rhubarb,forced,5/26/2023,4.19,kg
vegetable,rhubarb,outdoor,5/26/2023,2.06,kg
vegetable,spinach_leaf,loose_bunches,5/26/2023,1.67,kg
vegetable,tomatoes,round,5/26/2023,1.09,kg
vegetable,tomatoes,vine,5/26/2023,1.58,kg
vegetable,tomatoes,cherry,5/26/2023,3,kg
fruit,apples,bramleys_seedling,5/19/2023,1.2,kg
fruit,apples,coxs_orange_group,5/19/2023,1.42,kg
fruit,apples,braeburn,5/19/2023,1.15,kg
fruit,apples,gala,5/19/2023,1.2,kg
fruit,apples,other_late_season,5/19/2023,1.44,kg
fruit,pears,conference,5/19/2023,1.53,kg
fruit,strawberries,strawberries,5/19/2023,6.51,kg
vegetable,asparagus,asparagus,5/19/2023,7.49,kg
vegetable,beetroot,beetroot,5/19/2023,0.68,kg
vegetable,pak_choi,pak_choi,5/19/2023,3.48,kg
vegetable,curly_kale,curly_kale,5/19/2023,4.84,kg
vegetable,cabbage,red,5/19/2023,1.02,kg
vegetable,spring_greens,prepacked,5/19/2023,1.49,kg
vegetable,cabbage,summer_autumn_pointed,5/19/2023,0.79,kg
vegetable,cabbage,white,5/19/2023,1.03,kg
vegetable,capsicum,elongated,5/19/2023,2,kg
vegetable,carrots,topped_washed,5/19/2023,0.96,kg
vegetable,cauliflower,all,5/19/2023,1.25,head
vegetable,celeriac,celeriac,5/19/2023,0.82,kg
vegetable,chinese_leaf,chinese_leaf,5/19/2023,1.32,kg
vegetable,coriander,coriander,5/19/2023,1.79,kg
vegetable,cucumbers,cucumbers,5/19/2023,0.7,kg
vegetable,leeks,trimmed,5/19/2023,1.82,kg
vegetable,lettuce,butterhead_indoor,5/19/2023,0.48,head
vegetable,lettuce,cos,5/19/2023,0.83,head
vegetable,lettuce,crisp_iceberg_type,5/19/2023,0.69,head
vegetable,lettuce,little_gem,5/19/2023,0.74,twin
vegetable,rocket,rocket,5/19/2023,5.67,kg
vegetable,mixed_babyleaf_salad,pillow_pack,5/19/2023,6.15,kg
vegetable,onion,bulb_brown,5/19/2023,1,kg
vegetable,onion,bulb_red,5/19/2023,0.75,kg
vegetable,onion,saladspring,5/19/2023,0.41,kg
vegetable,swede,swede,5/19/2023,0.24,kg
vegetable,turnip,turnip,5/19/2023,2.32,kg
vegetable,parsnips,all_varieties,5/19/2023,1.25,kg
vegetable,rhubarb,forced,5/19/2023,4.25,kg
vegetable,rhubarb,outdoor,5/19/2023,1.99,kg
vegetable,spinach_leaf,loose_bunches,5/19/2023,2.02,kg
vegetable,tomatoes,round,5/19/2023,1.02,kg
vegetable,tomatoes,vine,5/19/2023,1.39,kg
vegetable,tomatoes,cherry,5/19/2023,3,kg
cut_flowers,tulips,tulips,5/19/2023,0.2,stem
fruit,apples,bramleys_seedling,5/12/2023,1.21,kg
fruit,apples,coxs_orange_group,5/12/2023,1.38,kg
fruit,apples,braeburn,5/12/2023,1.12,kg
fruit,apples,gala,5/12/2023,1.2,kg
fruit,apples,other_late_season,5/12/2023,1.66,kg
fruit,pears,conference,5/12/2023,1.53,kg
fruit,strawberries,strawberries,5/12/2023,6.27,kg
vegetable,asparagus,asparagus,5/12/2023,9.77,kg
vegetable,beetroot,beetroot,5/12/2023,0.66,kg
vegetable,pak_choi,pak_choi,5/12/2023,3.43,kg
vegetable,curly_kale,curly_kale,5/12/2023,4.68,kg
vegetable,cabbage,red,5/12/2023,1.02,kg
vegetable,spring_greens,prepacked,5/12/2023,1.45,kg
vegetable,cabbage,summer_autumn_pointed,5/12/2023,0.77,kg
vegetable,cabbage,white,5/12/2023,1.03,kg
vegetable,capsicum,green,5/12/2023,2.5,kg
vegetable,carrots,topped_washed,5/12/2023,0.97,kg
vegetable,cauliflower,all,5/12/2023,1.32,head
vegetable,celeriac,celeriac,5/12/2023,0.83,kg
vegetable,coriander,coriander,5/12/2023,1.81,kg
vegetable,cucumbers,cucumbers,5/12/2023,0.72,kg
vegetable,leeks,trimmed,5/12/2023,1.69,kg
vegetable,lettuce,butterhead_indoor,5/12/2023,0.47,head
vegetable,lettuce,cos,5/12/2023,0.84,head
vegetable,lettuce,crisp_iceberg_type,5/12/2023,0.73,head
vegetable,lettuce,little_gem,5/12/2023,0.78,twin
vegetable,onion,bulb_brown,5/12/2023,1.37,kg
vegetable,onion,bulb_red,5/12/2023,0.69,kg
vegetable,onion,saladspring,5/12/2023,0.41,kg
vegetable,swede,swede,5/12/2023,0.3,kg
vegetable,parsnips,all_varieties,5/12/2023,1.26,kg
vegetable,rhubarb,forced,5/12/2023,4.31,kg
vegetable,rhubarb,outdoor,5/12/2023,1.97,kg
vegetable,spinach_leaf,loose_bunches,5/12/2023,1.99,kg
vegetable,tomatoes,round,5/12/2023,1.37,kg
vegetable,tomatoes,vine,5/12/2023,1.79,kg
vegetable,tomatoes,cherry,5/12/2023,3,kg
fruit,apples,bramleys_seedling,5/5/2023,1.12,kg
fruit,apples,coxs_orange_group,5/5/2023,1.5,kg
fruit,apples,braeburn,5/5/2023,1.12,kg
fruit,apples,gala,5/5/2023,1.18,kg
fruit,apples,other_late_season,5/5/2023,1.39,kg
fruit,pears,conference,5/5/2023,1.6,kg
fruit,strawberries,strawberries,5/5/2023,7.02,kg
vegetable,asparagus,asparagus,5/5/2023,11.94,kg
vegetable,beetroot,beetroot,5/5/2023,0.66,kg
vegetable,pak_choi,pak_choi,5/5/2023,3.42,kg
vegetable,curly_kale,curly_kale,5/5/2023,4.68,kg
vegetable,cabbage,red,5/5/2023,0.97,kg
vegetable,spring_greens,prepacked,5/5/2023,1.5,kg
vegetable,cabbage,summer_autumn_pointed,5/5/2023,0.92,kg
vegetable,cabbage,white,5/5/2023,0.95,kg
vegetable,capsicum,green,5/5/2023,2.5,kg
vegetable,carrots,topped_washed,5/5/2023,0.98,kg
vegetable,cauliflower,all,5/5/2023,1.78,head
vegetable,celeriac,celeriac,5/5/2023,0.81,kg
vegetable,coriander,coriander,5/5/2023,1.13,kg
vegetable,cucumbers,cucumbers,5/5/2023,0.81,kg
vegetable,leeks,trimmed,5/5/2023,1.7,kg
vegetable,lettuce,butterhead_indoor,5/5/2023,0.49,head
vegetable,lettuce,little_gem,5/5/2023,0.8,twin
vegetable,rocket,rocket,5/5/2023,6.68,kg
vegetable,mixed_babyleaf_salad,pillow_pack,5/5/2023,6.45,kg
vegetable,onion,bulb_brown,5/5/2023,1.36,kg
vegetable,onion,bulb_red,5/5/2023,0.74,kg
vegetable,onion,saladspring,5/5/2023,0.41,kg
vegetable,swede,swede,5/5/2023,0.27,kg
vegetable,parsnips,all_varieties,5/5/2023,1.25,kg
vegetable,rhubarb,forced,5/5/2023,4.41,kg
vegetable,rhubarb,outdoor,5/5/2023,1.99,kg
vegetable,spinach_leaf,loose_bunches,5/5/2023,2,kg
vegetable,tomatoes,round,5/5/2023,1.46,kg
vegetable,tomatoes,vine,5/5/2023,2.09,kg
vegetable,tomatoes,cherry,5/5/2023,3,kg
fruit,apples,bramleys_seedling,4/28/2023,1.14,kg
fruit,apples,coxs_orange_group,4/28/2023,1.5,kg
fruit,apples,braeburn,4/28/2023,1.12,kg
fruit,apples,gala,4/28/2023,1.19,kg
fruit,apples,other_late_season,4/28/2023,1.38,kg
fruit,pears,conference,4/28/2023,1.58,kg
fruit,strawberries,strawberries,4/28/2023,5.63,kg
vegetable,asparagus,asparagus,4/28/2023,12.37,kg
vegetable,beetroot,beetroot,4/28/2023,0.62,kg
vegetable,pak_choi,pak_choi,4/28/2023,3.5,kg
vegetable,curly_kale,curly_kale,4/28/2023,4.71,kg
vegetable,cabbage,red,4/28/2023,0.93,kg
vegetable,spring_greens,prepacked,4/28/2023,1.58,kg
vegetable,cabbage,summer_autumn_pointed,4/28/2023,1.03,kg
vegetable,cabbage,white,4/28/2023,0.92,kg
vegetable,capsicum,green,4/28/2023,2.5,kg
vegetable,capsicum,elongated,4/28/2023,2.4,kg
vegetable,capsicum,yelloworange,4/28/2023,3.2,kg
vegetable,carrots,topped_washed,4/28/2023,0.91,kg
vegetable,cauliflower,all,4/28/2023,1.68,head
vegetable,celeriac,celeriac,4/28/2023,0.84,kg
vegetable,coriander,coriander,4/28/2023,1.13,kg
vegetable,cucumbers,cucumbers,4/28/2023,0.84,kg
vegetable,leeks,trimmed,4/28/2023,1.69,kg
vegetable,lettuce,butterhead_indoor,4/28/2023,0.51,head
vegetable,lettuce,little_gem,4/28/2023,0.8,twin
vegetable,rocket,rocket,4/28/2023,6.4,kg
vegetable,mixed_babyleaf_salad,pillow_pack,4/28/2023,6.6,kg
vegetable,onion,bulb_brown,4/28/2023,1.4,kg
vegetable,onion,bulb_red,4/28/2023,0.73,kg
vegetable,onion,saladspring,4/28/2023,0.44,kg
vegetable,swede,swede,4/28/2023,0.27,kg
vegetable,parsnips,all_varieties,4/28/2023,1.24,kg
vegetable,rhubarb,forced,4/28/2023,4.23,kg
vegetable,rhubarb,outdoor,4/28/2023,2.14,kg
vegetable,tomatoes,round,4/28/2023,1.84,kg
vegetable,tomatoes,vine,4/28/2023,2.71,kg
vegetable,tomatoes,cherry,4/28/2023,3.75,kg
cut_flowers,tulips,tulips,4/28/2023,0.2,stem
fruit,apples,bramleys_seedling,4/21/2023,1.11,kg
fruit,apples,coxs_orange_group,4/21/2023,1.58,kg
fruit,apples,braeburn,4/21/2023,1.08,kg
fruit,apples,gala,4/21/2023,1.17,kg
fruit,apples,other_late_season,4/21/2023,1.38,kg
fruit,pears,conference,4/21/2023,1.14,kg
vegetable,asparagus,asparagus,4/21/2023,12.86,kg
vegetable,beetroot,beetroot,4/21/2023,0.63,kg
vegetable,pak_choi,pak_choi,4/21/2023,3.65,kg
vegetable,curly_kale,curly_kale,4/21/2023,4.78,kg
vegetable,cabbage,red,4/21/2023,0.96,kg
vegetable,cabbage,savoy,4/21/2023,0.96,head
vegetable,spring_greens,prepacked,4/21/2023,1.7,kg
vegetable,cabbage,summer_autumn_pointed,4/21/2023,0.98,kg
vegetable,cabbage,white,4/21/2023,0.88,kg
vegetable,capsicum,green,4/21/2023,2.6,kg
vegetable,capsicum,red,4/21/2023,2.75,kg
vegetable,capsicum,yelloworange,4/21/2023,2.75,kg
vegetable,carrots,topped_washed,4/21/2023,0.91,kg
vegetable,cauliflower,all,4/21/2023,1.18,head
vegetable,celeriac,celeriac,4/21/2023,0.83,kg
vegetable,cucumbers,cucumbers,4/21/2023,0.95,kg
vegetable,leeks,trimmed,4/21/2023,1.71,kg
vegetable,lettuce,butterhead_indoor,4/21/2023,0.53,head
vegetable,lettuce,little_gem,4/21/2023,0.82,twin
vegetable,rocket,rocket,4/21/2023,6.6,kg
vegetable,onion,bulb_brown,4/21/2023,1.35,kg
vegetable,onion,bulb_red,4/21/2023,0.77,kg
vegetable,onion,saladspring,4/21/2023,0.5,kg
vegetable,swede,swede,4/21/2023,0.27,kg
vegetable,parsnips,all_varieties,4/21/2023,1.22,kg
vegetable,rhubarb,forced,4/21/2023,4.45,kg
vegetable,rhubarb,outdoor,4/21/2023,2.71,kg
vegetable,tomatoes,round,4/21/2023,2.1,kg
vegetable,tomatoes,vine,4/21/2023,3.08,kg
vegetable,tomatoes,cherry,4/21/2023,3.75,kg
fruit,apples,bramleys_seedling,4/14/2023,1.05,kg
fruit,apples,braeburn,4/14/2023,0.99,kg
fruit,apples,gala,4/14/2023,1.03,kg
fruit,apples,other_late_season,4/14/2023,1.25,kg
fruit,pears,conference,4/14/2023,1.44,kg
vegetable,asparagus,asparagus,4/14/2023,12.72,kg
vegetable,beetroot,beetroot,4/14/2023,0.62,kg
vegetable,pak_choi,pak_choi,4/14/2023,3.7,kg
vegetable,curly_kale,curly_kale,4/14/2023,4.86,kg
vegetable,cabbage,red,4/14/2023,0.9,kg
vegetable,cabbage,savoy,4/14/2023,0.96,head
vegetable,spring_greens,prepacked,4/14/2023,1.9,kg
vegetable,cabbage,summer_autumn_pointed,4/14/2023,1,kg
vegetable,cabbage,white,4/14/2023,0.87,kg
vegetable,carrots,topped_washed,4/14/2023,0.88,kg
vegetable,cauliflower,all,4/14/2023,1.25,head
vegetable,celeriac,celeriac,4/14/2023,0.82,kg
vegetable,cucumbers,cucumbers,4/14/2023,1.15,kg
vegetable,leeks,trimmed,4/14/2023,1.7,kg
vegetable,lettuce,butterhead_indoor,4/14/2023,0.52,head
vegetable,lettuce,little_gem,4/14/2023,0.84,twin
vegetable,mixed_babyleaf_salad,pillow_pack,4/14/2023,6.88,kg
vegetable,onion,bulb_brown,4/14/2023,1.36,kg
vegetable,onion,bulb_red,4/14/2023,0.74,kg
vegetable,onion,saladspring,4/14/2023,0.5,kg
vegetable,swede,swede,4/14/2023,0.26,kg
vegetable,turnip,turnip,4/14/2023,1.25,kg
vegetable,parsnips,all_varieties,4/14/2023,1.21,kg
vegetable,rhubarb,forced,4/14/2023,4.74,kg
vegetable,rhubarb,outdoor,4/14/2023,3.08,kg
vegetable,tomatoes,round,4/14/2023,2.55,kg
cut_flowers,tulips,tulips,4/14/2023,0.25,stem
fruit,apples,bramleys_seedling,4/7/2023,1.16,kg
fruit,apples,coxs_orange_group,4/7/2023,1.36,kg
fruit,apples,braeburn,4/7/2023,1.07,kg
fruit,apples,gala,4/7/2023,1.08,kg
fruit,apples,other_late_season,4/7/2023,1.14,kg
fruit,pears,conference,4/7/2023,1.24,kg
vegetable,asparagus,asparagus,4/7/2023,15.6,kg
vegetable,beetroot,beetroot,4/7/2023,0.64,kg
vegetable,brussels_sprouts,brussels_sprouts,4/7/2023,1.17,kg
vegetable,pak_choi,pak_choi,4/7/2023,3.72,kg
vegetable,curly_kale,curly_kale,4/7/2023,4.69,kg
vegetable,cabbage,red,4/7/2023,0.87,kg
vegetable,cabbage,savoy,4/7/2023,0.97,head
vegetable,spring_greens,prepacked,4/7/2023,2.23,kg
vegetable,cabbage,white,4/7/2023,0.82,kg
vegetable,cabbage,round_green_other,4/7/2023,1,head
vegetable,carrots,topped_washed,4/7/2023,0.85,kg
vegetable,cauliflower,all,4/7/2023,1.33,head
vegetable,celeriac,celeriac,4/7/2023,0.8,kg
vegetable,cucumbers,cucumbers,4/7/2023,1.07,kg
vegetable,leeks,trimmed,4/7/2023,1.81,kg
vegetable,lettuce,butterhead_indoor,4/7/2023,0.55,head
vegetable,lettuce,little_gem,4/7/2023,0.92,twin
vegetable,mixed_babyleaf_salad,pillow_pack,4/7/2023,7.13,kg
vegetable,onion,bulb_brown,4/7/2023,1.19,kg
vegetable,onion,bulb_red,4/7/2023,0.81,kg
vegetable,swede,swede,4/7/2023,0.27,kg
vegetable,parsnips,all_varieties,4/7/2023,1.21,kg
vegetable,rhubarb,forced,4/7/2023,4.89,kg
vegetable,rhubarb,outdoor,4/7/2023,3.09,kg
vegetable,tomatoes,round,4/7/2023,2.93,kg
cut_flowers,tulips,tulips,4/7/2023,0.25,stem
fruit,apples,bramleys_seedling,3/31/2023,1.11,kg
fruit,apples,coxs_orange_group,3/31/2023,1.2,kg
fruit,apples,braeburn,3/31/2023,1.08,kg
fruit,apples,gala,3/31/2023,1,kg
fruit,apples,other_late_season,3/31/2023,1.11,kg
fruit,pears,conference,3/31/2023,1.31,kg
fruit,strawberries,strawberries,3/31/2023,10.76,kg
vegetable,asparagus,asparagus,3/31/2023,17.87,kg
vegetable,beetroot,beetroot,3/31/2023,0.61,kg
vegetable,brussels_sprouts,brussels_sprouts,3/31/2023,1.22,kg
vegetable,pak_choi,pak_choi,3/31/2023,3.8,kg
vegetable,curly_kale,curly_kale,3/31/2023,4.46,kg
vegetable,cabbage,red,3/31/2023,0.91,kg
vegetable,cabbage,savoy,3/31/2023,0.8,head
vegetable,spring_greens,prepacked,3/31/2023,2.15,kg
vegetable,cabbage,white,3/31/2023,0.82,kg
vegetable,cabbage,round_green_other,3/31/2023,0.9,head
vegetable,carrots,topped_washed,3/31/2023,0.87,kg
vegetable,cauliflower,all,3/31/2023,0.96,head
vegetable,celeriac,celeriac,3/31/2023,0.85,kg
vegetable,cucumbers,cucumbers,3/31/2023,1.07,kg
vegetable,leeks,trimmed,3/31/2023,1.83,kg
vegetable,lettuce,butterhead_indoor,3/31/2023,0.53,head
vegetable,lettuce,little_gem,3/31/2023,0.82,twin
vegetable,mixed_babyleaf_salad,pillow_pack,3/31/2023,7.15,kg
vegetable,onion,bulb_brown,3/31/2023,1.14,kg
vegetable,onion,bulb_red,3/31/2023,0.81,kg
vegetable,swede,swede,3/31/2023,0.26,kg
vegetable,parsnips,all_varieties,3/31/2023,1.21,kg
vegetable,rhubarb,forced,3/31/2023,5.06,kg
vegetable,rhubarb,outdoor,3/31/2023,3.39,kg
vegetable,tomatoes,round,3/31/2023,3,kg
cut_flowers,tulips,tulips,3/31/2023,0.25,stem
fruit,apples,bramleys_seedling,3/24/2023,1.14,kg
fruit,apples,coxs_orange_group,3/24/2023,1.13,kg
fruit,apples,braeburn,3/24/2023,1.04,kg
fruit,apples,gala,3/24/2023,1,kg
fruit,apples,other_late_season,3/24/2023,1.04,kg
fruit,pears,conference,3/24/2023,1.33,kg
vegetable,asparagus,asparagus,3/24/2023,20,kg
vegetable,beetroot,beetroot,3/24/2023,0.64,kg
vegetable,brussels_sprouts,brussels_sprouts,3/24/2023,1.38,kg
vegetable,pak_choi,pak_choi,3/24/2023,3.52,kg
vegetable,curly_kale,curly_kale,3/24/2023,4.84,kg
vegetable,cabbage,red,3/24/2023,0.85,kg
vegetable,cabbage,savoy,3/24/2023,0.83,head
vegetable,spring_greens,prepacked,3/24/2023,2.57,kg
vegetable,cabbage,white,3/24/2023,0.75,kg
vegetable,cabbage,round_green_other,3/24/2023,0.98,head
vegetable,carrots,topped_washed,3/24/2023,0.84,kg
vegetable,cauliflower,all,3/24/2023,1.02,head
vegetable,celeriac,celeriac,3/24/2023,0.84,kg
vegetable,cucumbers,cucumbers,3/24/2023,1.02,kg
vegetable,leeks,trimmed,3/24/2023,1.89,kg
vegetable,lettuce,butterhead_indoor,3/24/2023,0.53,head
vegetable,lettuce,little_gem,3/24/2023,0.79,twin
vegetable,onion,bulb_brown,3/24/2023,1.21,kg
vegetable,onion,bulb_red,3/24/2023,0.83,kg
vegetable,swede,swede,3/24/2023,0.26,kg
vegetable,parsnips,all_varieties,3/24/2023,1.2,kg
vegetable,rhubarb,forced,3/24/2023,4.76,kg
vegetable,rhubarb,outdoor,3/24/2023,3.67,kg
cut_flowers,tulips,tulips,3/24/2023,0.25,stem
fruit,apples,bramleys_seedling,3/17/2023,1.15,kg
fruit,apples,coxs_orange_group,3/17/2023,1.11,kg
fruit,apples,egremont_russet,3/17/2023,1.25,kg
fruit,apples,braeburn,3/17/2023,1.08,kg
fruit,apples,gala,3/17/2023,1.08,kg
fruit,apples,other_late_season,3/17/2023,1.21,kg
fruit,pears,conference,3/17/2023,1.31,kg
fruit,pears,other,3/17/2023,1.45,kg
vegetable,beetroot,beetroot,3/17/2023,0.65,kg
vegetable,brussels_sprouts,brussels_sprouts,3/17/2023,1.34,kg
vegetable,pak_choi,pak_choi,3/17/2023,3.42,kg
vegetable,curly_kale,curly_kale,3/17/2023,4.48,kg
vegetable,cabbage,red,3/17/2023,0.83,kg
vegetable,cabbage,savoy,3/17/2023,0.81,head
vegetable,spring_greens,prepacked,3/17/2023,2.45,kg
vegetable,cabbage,white,3/17/2023,0.7,kg
vegetable,cabbage,round_green_other,3/17/2023,0.9,head
vegetable,carrots,topped_washed,3/17/2023,0.81,kg
vegetable,cauliflower,all,3/17/2023,1.5,head
vegetable,celeriac,celeriac,3/17/2023,0.81,kg
vegetable,leeks,trimmed,3/17/2023,1.87,kg
vegetable,lettuce,butterhead_indoor,3/17/2023,0.54,head
vegetable,lettuce,little_gem,3/17/2023,0.87,twin
vegetable,onion,bulb_brown,3/17/2023,1.2,kg
vegetable,onion,bulb_red,3/17/2023,0.74,kg
vegetable,swede,swede,3/17/2023,0.28,kg
vegetable,parsnips,all_varieties,3/17/2023,1.2,kg
vegetable,rhubarb,forced,3/17/2023,4.41,kg
vegetable,rhubarb,outdoor,3/17/2023,3.59,kg
cut_flowers,tulips,tulips,3/17/2023,0.25,stem
fruit,apples,bramleys_seedling,3/10/2023,1.08,kg
fruit,apples,coxs_orange_group,3/10/2023,1.02,kg
fruit,apples,egremont_russet,3/10/2023,1.42,kg
fruit,apples,braeburn,3/10/2023,0.98,kg
fruit,apples,gala,3/10/2023,1.05,kg
fruit,apples,other_late_season,3/10/2023,1.02,kg
fruit,pears,conference,3/10/2023,1.24,kg
fruit,pears,other,3/10/2023,0.6,kg
vegetable,beetroot,beetroot,3/10/2023,0.64,kg
vegetable,brussels_sprouts,brussels_sprouts,3/10/2023,1.3,kg
vegetable,pak_choi,pak_choi,3/10/2023,3.72,kg
vegetable,curly_kale,curly_kale,3/10/2023,4.36,kg
vegetable,cabbage,red,3/10/2023,0.8,kg
vegetable,cabbage,savoy,3/10/2023,0.75,head
vegetable,spring_greens,prepacked,3/10/2023,2.36,kg
vegetable,cabbage,white,3/10/2023,0.63,kg
vegetable,cabbage,round_green_other,3/10/2023,0.62,head
vegetable,carrots,topped_washed,3/10/2023,0.74,kg
vegetable,cauliflower,all,3/10/2023,1.39,head
vegetable,celeriac,celeriac,3/10/2023,0.8,kg
vegetable,cucumbers,cucumbers,3/10/2023,2.35,kg
vegetable,leeks,trimmed,3/10/2023,1.69,kg
vegetable,lettuce,butterhead_indoor,3/10/2023,0.56,head
vegetable,lettuce,little_gem,3/10/2023,0.98,twin
vegetable,onion,bulb_brown,3/10/2023,1.24,kg
vegetable,onion,bulb_red,3/10/2023,0.79,kg
vegetable,swede,swede,3/10/2023,0.28,kg
vegetable,turnip,turnip,3/10/2023,1,kg
vegetable,parsnips,all_varieties,3/10/2023,1.21,kg
vegetable,rhubarb,forced,3/10/2023,4.92,kg
cut_flowers,tulips,tulips,3/10/2023,0.25,stem
fruit,apples,bramleys_seedling,3/3/2023,1.03,kg
fruit,apples,coxs_orange_group,3/3/2023,1.01,kg
fruit,apples,egremont_russet,3/3/2023,1.69,kg
fruit,apples,braeburn,3/3/2023,1.07,kg
fruit,apples,gala,3/3/2023,1.04,kg
fruit,apples,other_late_season,3/3/2023,1.06,kg
fruit,pears,conference,3/3/2023,1.16,kg
fruit,pears,doyenne_du_comice,3/3/2023,0.93,kg
fruit,pears,other,3/3/2023,0.77,kg
vegetable,beetroot,beetroot,3/3/2023,0.6,kg
vegetable,brussels_sprouts,brussels_sprouts,3/3/2023,1.2,kg
vegetable,pak_choi,pak_choi,3/3/2023,3.69,kg
vegetable,curly_kale,curly_kale,3/3/2023,4.49,kg
vegetable,cabbage,red,3/3/2023,0.8,kg
vegetable,cabbage,savoy,3/3/2023,0.95,head
vegetable,spring_greens,prepacked,3/3/2023,2.28,kg
vegetable,cabbage,white,3/3/2023,0.57,kg
vegetable,cabbage,round_green_other,3/3/2023,0.62,head
vegetable,carrots,topped_washed,3/3/2023,0.73,kg
vegetable,cauliflower,all,3/3/2023,1.29,head
vegetable,celeriac,celeriac,3/3/2023,0.78,kg
vegetable,leeks,trimmed,3/3/2023,1.64,kg
vegetable,lettuce,butterhead_indoor,3/3/2023,0.56,head
vegetable,lettuce,little_gem,3/3/2023,0.89,twin
vegetable,onion,bulb_brown,3/3/2023,1.13,kg
vegetable,onion,bulb_red,3/3/2023,0.76,kg
vegetable,swede,swede,3/3/2023,0.26,kg
vegetable,turnip,turnip,3/3/2023,0.9,kg
vegetable,parsnips,all_varieties,3/3/2023,1.21,kg
vegetable,rhubarb,forced,3/3/2023,4.88,kg
cut_flowers,tulips,tulips,3/3/2023,0.25,stem
fruit,apples,bramleys_seedling,2/24/2023,1.08,kg
fruit,apples,coxs_orange_group,2/24/2023,1.08,kg
fruit,apples,egremont_russet,2/24/2023,1.73,kg
fruit,apples,braeburn,2/24/2023,1.05,kg
fruit,apples,gala,2/24/2023,1.03,kg
fruit,apples,other_late_season,2/24/2023,1.12,kg
fruit,pears,conference,2/24/2023,1.22,kg
fruit,pears,doyenne_du_comice,2/24/2023,1.03,kg
vegetable,beetroot,beetroot,2/24/2023,0.6,kg
vegetable,brussels_sprouts,brussels_sprouts,2/24/2023,1.13,kg
vegetable,pak_choi,pak_choi,2/24/2023,3.87,kg
vegetable,curly_kale,curly_kale,2/24/2023,4.34,kg
vegetable,cabbage,red,2/24/2023,0.83,kg
vegetable,cabbage,savoy,2/24/2023,0.78,head
vegetable,spring_greens,prepacked,2/24/2023,1.65,kg
vegetable,cabbage,white,2/24/2023,0.57,kg
vegetable,cabbage,round_green_other,2/24/2023,0.62,head
vegetable,carrots,topped_washed,2/24/2023,0.62,kg
vegetable,cauliflower,all,2/24/2023,1.14,head
vegetable,celeriac,celeriac,2/24/2023,0.77,kg
vegetable,leeks,trimmed,2/24/2023,1.59,kg
vegetable,lettuce,butterhead_indoor,2/24/2023,0.56,head
vegetable,lettuce,little_gem,2/24/2023,1,twin
vegetable,onion,bulb_brown,2/24/2023,0.89,kg
vegetable,onion,bulb_red,2/24/2023,0.69,kg
vegetable,swede,swede,2/24/2023,0.26,kg
vegetable,turnip,turnip,2/24/2023,0.85,kg
vegetable,parsnips,all_varieties,2/24/2023,1.16,kg
vegetable,rhubarb,forced,2/24/2023,5.23,kg
cut_flowers,tulips,tulips,2/24/2023,0.24,stem
fruit,apples,bramleys_seedling,2/17/2023,1.06,kg
fruit,apples,coxs_orange_group,2/17/2023,1.04,kg
fruit,apples,egremont_russet,2/17/2023,1.38,kg
fruit,apples,braeburn,2/17/2023,1.08,kg
fruit,apples,gala,2/17/2023,1.09,kg
fruit,apples,other_late_season,2/17/2023,1.17,kg
fruit,pears,conference,2/17/2023,1.15,kg
fruit,pears,doyenne_du_comice,2/17/2023,1.01,kg
vegetable,beetroot,beetroot,2/17/2023,0.6,kg
vegetable,brussels_sprouts,brussels_sprouts,2/17/2023,1.2,kg
vegetable,pak_choi,pak_choi,2/17/2023,3.9,kg
vegetable,curly_kale,curly_kale,2/17/2023,4.11,kg
vegetable,cabbage,red,2/17/2023,0.81,kg
vegetable,cabbage,savoy,2/17/2023,0.72,head
vegetable,spring_greens,prepacked,2/17/2023,2.05,kg
vegetable,cabbage,white,2/17/2023,0.53,kg
vegetable,cabbage,round_green_other,2/17/2023,0.43,head
vegetable,carrots,topped_washed,2/17/2023,0.56,kg
vegetable,cauliflower,all,2/17/2023,1.17,head
vegetable,celeriac,celeriac,2/17/2023,0.77,kg
vegetable,cucumbers,cucumbers,2/17/2023,3,kg
vegetable,leeks,trimmed,2/17/2023,1.59,kg
vegetable,lettuce,butterhead_indoor,2/17/2023,0.58,head
vegetable,lettuce,little_gem,2/17/2023,0.96,twin
vegetable,onion,bulb_brown,2/17/2023,0.85,kg
vegetable,onion,bulb_red,2/17/2023,0.73,kg
vegetable,swede,swede,2/17/2023,0.26,kg
vegetable,turnip,turnip,2/17/2023,0.93,kg
vegetable,parsnips,all_varieties,2/17/2023,1.17,kg
vegetable,rhubarb,forced,2/17/2023,5.65,kg
cut_flowers,tulips,tulips,2/17/2023,0.25,stem
fruit,apples,bramleys_seedling,2/10/2023,1.14,kg
fruit,apples,coxs_orange_group,2/10/2023,0.97,kg
fruit,apples,egremont_russet,2/10/2023,1.5,kg
fruit,apples,braeburn,2/10/2023,1.04,kg
fruit,apples,gala,2/10/2023,1.07,kg
fruit,apples,other_late_season,2/10/2023,1.13,kg
fruit,pears,conference,2/10/2023,1.15,kg
fruit,pears,doyenne_du_comice,2/10/2023,1.01,kg
vegetable,beetroot,beetroot,2/10/2023,0.57,kg
vegetable,brussels_sprouts,brussels_sprouts,2/10/2023,1.21,kg
vegetable,pak_choi,pak_choi,2/10/2023,3.69,kg
vegetable,curly_kale,curly_kale,2/10/2023,3.87,kg
vegetable,cabbage,red,2/10/2023,0.79,kg
vegetable,cabbage,savoy,2/10/2023,0.64,head
vegetable,spring_greens,prepacked,2/10/2023,2.07,kg
vegetable,cabbage,white,2/10/2023,0.53,kg
vegetable,cabbage,round_green_other,2/10/2023,0.4,head
vegetable,carrots,topped_washed,2/10/2023,0.57,kg
vegetable,cauliflower,all,2/10/2023,2.23,head
vegetable,celeriac,celeriac,2/10/2023,0.78,kg
vegetable,leeks,trimmed,2/10/2023,1.58,kg
vegetable,lettuce,butterhead_indoor,2/10/2023,0.54,head
vegetable,lettuce,little_gem,2/10/2023,0.89,twin
vegetable,onion,bulb_brown,2/10/2023,0.8,kg
vegetable,onion,bulb_red,2/10/2023,0.71,kg
vegetable,swede,swede,2/10/2023,0.26,kg
vegetable,turnip,turnip,2/10/2023,1.38,kg
vegetable,parsnips,all_varieties,2/10/2023,1.19,kg
vegetable,rhubarb,forced,2/10/2023,5.82,kg
cut_flowers,tulips,tulips,2/10/2023,0.25,stem
fruit,apples,bramleys_seedling,2/3/2023,1.19,kg
fruit,apples,coxs_orange_group,2/3/2023,1.07,kg
fruit,apples,egremont_russet,2/3/2023,1.49,kg
fruit,apples,braeburn,2/3/2023,1.11,kg
fruit,apples,gala,2/3/2023,1.1,kg
fruit,apples,other_late_season,2/3/2023,1,kg
fruit,pears,conference,2/3/2023,1.24,kg
fruit,pears,doyenne_du_comice,2/3/2023,0.97,kg
vegetable,beetroot,beetroot,2/3/2023,0.59,kg
vegetable,brussels_sprouts,brussels_sprouts,2/3/2023,1.2,kg
vegetable,pak_choi,pak_choi,2/3/2023,3.68,kg
vegetable,curly_kale,curly_kale,2/3/2023,3.88,kg
vegetable,cabbage,red,2/3/2023,0.83,kg
vegetable,cabbage,savoy,2/3/2023,0.68,head
vegetable,spring_greens,prepacked,2/3/2023,1.88,kg
vegetable,cabbage,white,2/3/2023,0.52,kg
vegetable,cabbage,round_green_other,2/3/2023,0.58,head
vegetable,calabrese,calabrese,2/3/2023,2.33,kg
vegetable,carrots,topped_washed,2/3/2023,0.57,kg
vegetable,cauliflower,all,2/3/2023,2.02,head
vegetable,celeriac,celeriac,2/3/2023,0.75,kg
vegetable,leeks,trimmed,2/3/2023,1.56,kg
vegetable,lettuce,butterhead_indoor,2/3/2023,0.52,head
vegetable,lettuce,little_gem,2/3/2023,0.84,twin
vegetable,onion,bulb_brown,2/3/2023,0.74,kg
vegetable,onion,bulb_red,2/3/2023,0.72,kg
vegetable,swede,swede,2/3/2023,0.26,kg
vegetable,turnip,turnip,2/3/2023,1.37,kg
vegetable,parsnips,all_varieties,2/3/2023,1.24,kg
vegetable,rhubarb,forced,2/3/2023,5.89,kg
cut_flowers,tulips,tulips,2/3/2023,0.25,stem
fruit,apples,bramleys_seedling,1/27/2023,1.18,kg
fruit,apples,coxs_orange_group,1/27/2023,1.05,kg
fruit,apples,egremont_russet,1/27/2023,1.52,kg
fruit,apples,braeburn,1/27/2023,1.1,kg
fruit,apples,gala,1/27/2023,1.1,kg
fruit,apples,other_late_season,1/27/2023,1.38,kg
fruit,pears,conference,1/27/2023,1.05,kg
fruit,pears,doyenne_du_comice,1/27/2023,1.05,kg
vegetable,beetroot,beetroot,1/27/2023,0.56,kg
vegetable,brussels_sprouts,brussels_sprouts,1/27/2023,1.19,kg
vegetable,pak_choi,pak_choi,1/27/2023,3.67,kg
vegetable,curly_kale,curly_kale,1/27/2023,3.9,kg
vegetable,cabbage,red,1/27/2023,0.8,kg
vegetable,cabbage,savoy,1/27/2023,0.67,head
vegetable,spring_greens,prepacked,1/27/2023,1.87,kg
vegetable,cabbage,white,1/27/2023,0.51,kg
vegetable,cabbage,round_green_other,1/27/2023,0.55,head
vegetable,carrots,topped_washed,1/27/2023,0.57,kg
vegetable,cauliflower,all,1/27/2023,1.94,head
vegetable,celeriac,celeriac,1/27/2023,0.83,kg
vegetable,leeks,trimmed,1/27/2023,1.63,kg
vegetable,lettuce,butterhead_indoor,1/27/2023,0.49,head
vegetable,lettuce,little_gem,1/27/2023,0.82,twin
vegetable,onion,bulb_brown,1/27/2023,0.7,kg
vegetable,onion,bulb_red,1/27/2023,0.67,kg
vegetable,swede,swede,1/27/2023,0.25,kg
vegetable,turnip,turnip,1/27/2023,1.47,kg
vegetable,parsnips,all_varieties,1/27/2023,1.19,kg
vegetable,rhubarb,forced,1/27/2023,5.97,kg
cut_flowers,tulips,tulips,1/27/2023,0.25,stem
fruit,apples,bramleys_seedling,1/20/2023,1.2,kg
fruit,apples,coxs_orange_group,1/20/2023,1.08,kg
fruit,apples,egremont_russet,1/20/2023,1.5,kg
fruit,apples,braeburn,1/20/2023,1.12,kg
fruit,apples,gala,1/20/2023,1.1,kg
fruit,apples,other_late_season,1/20/2023,1.2,kg
fruit,pears,conference,1/20/2023,1.11,kg
fruit,pears,doyenne_du_comice,1/20/2023,1.04,kg
vegetable,beetroot,beetroot,1/20/2023,0.58,kg
vegetable,brussels_sprouts,brussels_sprouts,1/20/2023,1.18,kg
vegetable,pak_choi,pak_choi,1/20/2023,3.68,kg
vegetable,curly_kale,curly_kale,1/20/2023,3.82,kg
vegetable,cabbage,red,1/20/2023,0.73,kg
vegetable,cabbage,savoy,1/20/2023,0.69,head
vegetable,spring_greens,prepacked,1/20/2023,1.66,kg
vegetable,cabbage,white,1/20/2023,0.5,kg
vegetable,cabbage,round_green_other,1/20/2023,0.58,head
vegetable,carrots,topped_washed,1/20/2023,0.57,kg
vegetable,cauliflower,all,1/20/2023,1.28,head
vegetable,celeriac,celeriac,1/20/2023,0.76,kg
vegetable,leeks,trimmed,1/20/2023,1.67,kg
vegetable,lettuce,butterhead_indoor,1/20/2023,0.48,head
vegetable,lettuce,little_gem,1/20/2023,0.8,twin
vegetable,onion,bulb_brown,1/20/2023,0.71,kg
vegetable,onion,bulb_red,1/20/2023,0.65,kg
vegetable,swede,swede,1/20/2023,0.25,kg
vegetable,turnip,turnip,1/20/2023,1.47,kg
vegetable,parsnips,all_varieties,1/20/2023,1.27,kg
vegetable,rhubarb,forced,1/20/2023,6,kg
fruit,apples,bramleys_seedling,1/13/2023,1.17,kg
fruit,apples,coxs_orange_group,1/13/2023,1.12,kg
fruit,apples,egremont_russet,1/13/2023,1.3,kg
fruit,apples,braeburn,1/13/2023,1.05,kg
fruit,apples,gala,1/13/2023,1.01,kg
fruit,apples,other_late_season,1/13/2023,1.16,kg
fruit,pears,conference,1/13/2023,1.06,kg
fruit,pears,doyenne_du_comice,1/13/2023,0.91,kg
vegetable,beetroot,beetroot,1/13/2023,0.62,kg
vegetable,brussels_sprouts,brussels_sprouts,1/13/2023,1.2,kg
vegetable,pak_choi,pak_choi,1/13/2023,3.76,kg
vegetable,curly_kale,curly_kale,1/13/2023,3.78,kg
vegetable,cabbage,red,1/13/2023,0.63,kg
vegetable,cabbage,savoy,1/13/2023,0.66,head
vegetable,spring_greens,prepacked,1/13/2023,1.56,kg
vegetable,cabbage,white,1/13/2023,0.5,kg
vegetable,cabbage,round_green_other,1/13/2023,0.67,head
vegetable,carrots,topped_washed,1/13/2023,0.56,kg
vegetable,cauliflower,all,1/13/2023,0.97,head
vegetable,celeriac,celeriac,1/13/2023,0.75,kg
vegetable,leeks,trimmed,1/13/2023,1.71,kg
vegetable,lettuce,butterhead_indoor,1/13/2023,0.47,head
vegetable,lettuce,little_gem,1/13/2023,0.86,twin
vegetable,onion,bulb_brown,1/13/2023,0.78,kg
vegetable,onion,bulb_red,1/13/2023,0.66,kg
vegetable,swede,swede,1/13/2023,0.25,kg
vegetable,turnip,turnip,1/13/2023,1.5,kg
vegetable,parsnips,all_varieties,1/13/2023,1.2,kg
vegetable,rhubarb,forced,1/13/2023,5.4,kg
cut_flowers,tulips,tulips,1/13/2023,0.06,stem
fruit,apples,bramleys_seedling,12/23/2022,1.15,kg
fruit,apples,coxs_orange_group,12/23/2022,1.01,kg
fruit,apples,egremont_russet,12/23/2022,1.27,kg
fruit,apples,braeburn,12/23/2022,0.99,kg
fruit,apples,gala,12/23/2022,0.99,kg
fruit,pears,conference,12/23/2022,1.31,kg
fruit,pears,doyenne_du_comice,12/23/2022,0.96,kg
vegetable,beetroot,beetroot,12/23/2022,0.55,kg
vegetable,brussels_sprouts,brussels_sprouts,12/23/2022,1.31,kg
vegetable,pak_choi,pak_choi,12/23/2022,3.67,kg
vegetable,curly_kale,curly_kale,12/23/2022,3.66,kg
vegetable,cabbage,red,12/23/2022,0.6,kg
vegetable,cabbage,savoy,12/23/2022,0.64,head
vegetable,spring_greens,prepacked,12/23/2022,1.7,kg
vegetable,cabbage,white,12/23/2022,0.53,kg
vegetable,cabbage,round_green_other,12/23/2022,0.49,head
vegetable,carrots,topped_washed,12/23/2022,0.53,kg
vegetable,cauliflower,all,12/23/2022,1.18,head
vegetable,celeriac,celeriac,12/23/2022,0.75,kg
vegetable,chinese_leaf,chinese_leaf,12/23/2022,1.22,kg
vegetable,leeks,trimmed,12/23/2022,1.59,kg
vegetable,lettuce,butterhead_indoor,12/23/2022,0.48,head
vegetable,lettuce,little_gem,12/23/2022,0.93,twin
vegetable,onion,bulb_brown,12/23/2022,0.62,kg
vegetable,onion,bulb_red,12/23/2022,0.63,kg
vegetable,swede,swede,12/23/2022,0.26,kg
vegetable,turnip,turnip,12/23/2022,1.4,kg
vegetable,parsnips,all_varieties,12/23/2022,1.25,kg
vegetable,tomatoes,vine,12/23/2022,1.15,kg
cut_flowers,tulips,tulips,12/23/2022,0.24,stem
fruit,apples,bramleys_seedling,12/16/2022,1.17,kg
fruit,apples,coxs_orange_group,12/16/2022,1.06,kg
fruit,apples,egremont_russet,12/16/2022,1.16,kg
fruit,apples,braeburn,12/16/2022,1.08,kg
fruit,apples,gala,12/16/2022,0.92,kg
fruit,pears,conference,12/16/2022,0.88,kg
fruit,pears,doyenne_du_comice,12/16/2022,1.11,kg
vegetable,beetroot,beetroot,12/16/2022,0.63,kg
vegetable,brussels_sprouts,brussels_sprouts,12/16/2022,1.17,kg
vegetable,pak_choi,pak_choi,12/16/2022,3.4,kg
vegetable,curly_kale,curly_kale,12/16/2022,3.81,kg
vegetable,cabbage,red,12/16/2022,0.68,kg
vegetable,cabbage,savoy,12/16/2022,0.72,head
vegetable,cabbage,white,12/16/2022,0.56,kg
vegetable,cabbage,round_green_other,12/16/2022,0.54,head
vegetable,carrots,topped_washed,12/16/2022,0.55,kg
vegetable,cauliflower,all,12/16/2022,1.5,head
vegetable,leeks,trimmed,12/16/2022,1.77,kg
vegetable,onion,bulb_brown,12/16/2022,0.84,kg
vegetable,onion,bulb_red,12/16/2022,0.8,kg
vegetable,swede,swede,12/16/2022,0.26,kg
vegetable,parsnips,all_varieties,12/16/2022,1.35,kg
vegetable,tomatoes,vine,12/16/2022,1,kg
fruit,apples,bramleys_seedling,12/9/2022,1.17,kg
fruit,apples,coxs_orange_group,12/9/2022,1.06,kg
fruit,apples,egremont_russet,12/9/2022,1.14,kg
fruit,apples,braeburn,12/9/2022,1.08,kg
fruit,apples,gala,12/9/2022,0.92,kg
fruit,pears,conference,12/9/2022,1,kg
fruit,pears,doyenne_du_comice,12/9/2022,1.11,kg
vegetable,beetroot,beetroot,12/9/2022,0.65,kg
vegetable,brussels_sprouts,brussels_sprouts,12/9/2022,1.16,kg
vegetable,pak_choi,pak_choi,12/9/2022,3.16,kg
vegetable,curly_kale,curly_kale,12/9/2022,3.2,kg
vegetable,cabbage,red,12/9/2022,0.65,kg
vegetable,cabbage,savoy,12/9/2022,0.59,head
vegetable,cabbage,summer_autumn_pointed,12/9/2022,0.48,kg
vegetable,cabbage,white,12/9/2022,0.56,kg
vegetable,cabbage,round_green_other,12/9/2022,0.54,head
vegetable,carrots,topped_washed,12/9/2022,0.55,kg
vegetable,cauliflower,all,12/9/2022,1.06,head
vegetable,celeriac,celeriac,12/9/2022,0.72,kg
vegetable,leeks,trimmed,12/9/2022,1.55,kg
vegetable,onion,bulb_brown,12/9/2022,0.85,kg
vegetable,onion,bulb_red,12/9/2022,0.77,kg
vegetable,swede,swede,12/9/2022,0.25,kg
vegetable,turnip,turnip,12/9/2022,2,kg
vegetable,parsnips,all_varieties,12/9/2022,1.35,kg
vegetable,tomatoes,vine,12/9/2022,1,kg
fruit,apples,bramleys_seedling,12/2/2022,1.1,kg
fruit,apples,coxs_orange_group,12/2/2022,1.01,kg
fruit,apples,egremont_russet,12/2/2022,1.1,kg
fruit,apples,braeburn,12/2/2022,1.02,kg
fruit,apples,gala,12/2/2022,0.98,kg
fruit,apples,other_late_season,12/2/2022,0.77,kg
fruit,pears,conference,12/2/2022,1.42,kg
fruit,pears,doyenne_du_comice,12/2/2022,0.99,kg
vegetable,beetroot,beetroot,12/2/2022,0.56,kg
vegetable,brussels_sprouts,brussels_sprouts,12/2/2022,1.15,kg
vegetable,pak_choi,pak_choi,12/2/2022,3.47,kg
vegetable,curly_kale,curly_kale,12/2/2022,3.62,kg
vegetable,cabbage,red,12/2/2022,0.59,kg
vegetable,cabbage,savoy,12/2/2022,0.61,head
vegetable,spring_greens,prepacked,12/2/2022,1.57,kg
vegetable,cabbage,summer_autumn_pointed,12/2/2022,0.63,kg
vegetable,cabbage,white,12/2/2022,0.51,kg
vegetable,cabbage,round_green_other,12/2/2022,0.49,head
vegetable,calabrese,calabrese,12/2/2022,1.16,kg
vegetable,carrots,topped_washed,12/2/2022,0.51,kg
vegetable,cauliflower,all,12/2/2022,0.71,head
vegetable,celery,all_washed,12/2/2022,0.91,kg
vegetable,celeriac,celeriac,12/2/2022,0.76,kg
vegetable,chinese_leaf,chinese_leaf,12/2/2022,1.23,kg
vegetable,coriander,coriander,12/2/2022,4.79,kg
vegetable,leeks,trimmed,12/2/2022,1.48,kg
vegetable,lettuce,butterhead_indoor,12/2/2022,0.45,head
vegetable,lettuce,little_gem,12/2/2022,0.76,twin
vegetable,onion,bulb_brown,12/2/2022,0.57,kg
vegetable,onion,bulb_red,12/2/2022,0.6,kg
vegetable,swede,swede,12/2/2022,0.24,kg
vegetable,turnip,turnip,12/2/2022,1.26,kg
vegetable,parsnips,all_varieties,12/2/2022,1.21,kg
vegetable,spinach_leaf,loose_bunches,12/2/2022,1.93,kg
vegetable,tomatoes,round,12/2/2022,0.98,kg
vegetable,tomatoes,vine,12/2/2022,1.19,kg
fruit,apples,bramleys_seedling,11/25/2022,1.1,kg
fruit,apples,coxs_orange_group,11/25/2022,1,kg
fruit,apples,egremont_russet,11/25/2022,1.1,kg
fruit,apples,braeburn,11/25/2022,1.09,kg
fruit,apples,gala,11/25/2022,1.01,kg
fruit,apples,other_late_season,11/25/2022,0.86,kg
fruit,pears,conference,11/25/2022,0.96,kg
fruit,pears,doyenne_du_comice,11/25/2022,1.01,kg
fruit,strawberries,strawberries,11/25/2022,3.08,kg
vegetable,beetroot,beetroot,11/25/2022,0.54,kg
vegetable,brussels_sprouts,brussels_sprouts,11/25/2022,1.13,kg
vegetable,pak_choi,pak_choi,11/25/2022,3.61,kg
vegetable,curly_kale,curly_kale,11/25/2022,3.47,kg
vegetable,cabbage,red,11/25/2022,0.6,kg
vegetable,cabbage,savoy,11/25/2022,0.6,head
vegetable,spring_greens,prepacked,11/25/2022,1.64,kg
vegetable,cabbage,summer_autumn_pointed,11/25/2022,0.59,kg
vegetable,cabbage,white,11/25/2022,0.52,kg
vegetable,cabbage,round_green_other,11/25/2022,0.52,head
vegetable,calabrese,calabrese,11/25/2022,1.29,kg
vegetable,capsicum,green,11/25/2022,0.8,kg
vegetable,carrots,topped_washed,11/25/2022,0.53,kg
vegetable,cauliflower,all,11/25/2022,0.78,head
vegetable,celery,all_washed,11/25/2022,0.96,kg
vegetable,celeriac,celeriac,11/25/2022,0.85,kg
vegetable,chinese_leaf,chinese_leaf,11/25/2022,1.3,kg
vegetable,coriander,coriander,11/25/2022,4.03,kg
vegetable,cucumbers,cucumbers,11/25/2022,0.83,kg
vegetable,leeks,trimmed,11/25/2022,1.48,kg
vegetable,lettuce,butterhead_indoor,11/25/2022,0.45,head
vegetable,lettuce,little_gem,11/25/2022,0.77,twin
vegetable,onion,bulb_brown,11/25/2022,0.56,kg
vegetable,onion,bulb_red,11/25/2022,0.6,kg
vegetable,swede,swede,11/25/2022,0.23,kg
vegetable,turnip,turnip,11/25/2022,1.43,kg
vegetable,parsnips,all_varieties,11/25/2022,1.22,kg
vegetable,spinach_leaf,loose_bunches,11/25/2022,2,kg
vegetable,tomatoes,round,11/25/2022,0.69,kg
vegetable,tomatoes,vine,11/25/2022,1.44,kg
fruit,apples,bramleys_seedling,11/18/2022,1.2,kg
fruit,apples,coxs_orange_group,11/18/2022,1.03,kg
fruit,apples,egremont_russet,11/18/2022,1.21,kg
fruit,apples,braeburn,11/18/2022,1.12,kg
fruit,apples,gala,11/18/2022,1.01,kg
fruit,apples,other_late_season,11/18/2022,0.83,kg
fruit,pears,conference,11/18/2022,1.16,kg
fruit,pears,doyenne_du_comice,11/18/2022,1.05,kg
fruit,raspberries,raspberries,11/18/2022,2.42,kg
fruit,strawberries,strawberries,11/18/2022,1.98,kg
vegetable,beetroot,beetroot,11/18/2022,0.57,kg
vegetable,brussels_sprouts,brussels_sprouts,11/18/2022,1.09,kg
vegetable,pak_choi,pak_choi,11/18/2022,3.65,kg
vegetable,curly_kale,curly_kale,11/18/2022,3.4,kg
vegetable,cabbage,red,11/18/2022,0.66,kg
vegetable,cabbage,savoy,11/18/2022,0.61,head
vegetable,spring_greens,prepacked,11/18/2022,1.5,kg
vegetable,cabbage,summer_autumn_pointed,11/18/2022,0.6,kg
vegetable,cabbage,white,11/18/2022,0.57,kg
vegetable,cabbage,round_green_other,11/18/2022,0.55,head
vegetable,calabrese,calabrese,11/18/2022,1.31,kg
vegetable,carrots,topped_washed,11/18/2022,0.51,kg
vegetable,cauliflower,all,11/18/2022,0.73,head
vegetable,celery,all_washed,11/18/2022,0.89,kg
vegetable,celeriac,celeriac,11/18/2022,0.83,kg
vegetable,chinese_leaf,chinese_leaf,11/18/2022,1.28,kg
vegetable,coriander,coriander,11/18/2022,3.85,kg
vegetable,cucumbers,cucumbers,11/18/2022,1.16,kg
vegetable,leeks,trimmed,11/18/2022,1.49,kg
vegetable,lettuce,butterhead_indoor,11/18/2022,0.46,head
vegetable,lettuce,little_gem,11/18/2022,0.81,twin
vegetable,onion,bulb_brown,11/18/2022,0.58,kg
vegetable,onion,bulb_red,11/18/2022,0.61,kg
vegetable,swede,swede,11/18/2022,0.24,kg
vegetable,turnip,turnip,11/18/2022,1.35,kg
vegetable,parsnips,all_varieties,11/18/2022,1.24,kg
vegetable,spinach_leaf,loose_bunches,11/18/2022,2.11,kg
vegetable,tomatoes,round,11/18/2022,0.66,kg
vegetable,tomatoes,vine,11/18/2022,0.65,kg
vegetable,tomatoes,cherry,11/18/2022,2.02,kg
fruit,apples,bramleys_seedling,11/11/2022,1.12,kg
fruit,apples,coxs_orange_group,11/11/2022,1.01,kg
fruit,apples,egremont_russet,11/11/2022,1.14,kg
fruit,apples,braeburn,11/11/2022,1.09,kg
fruit,apples,gala,11/11/2022,0.97,kg
fruit,apples,other_late_season,11/11/2022,0.82,kg
fruit,pears,conference,11/11/2022,1,kg
fruit,pears,doyenne_du_comice,11/11/2022,1.03,kg
fruit,pears,other,11/11/2022,0.4,kg
fruit,strawberries,strawberries,11/11/2022,3.16,kg
vegetable,beetroot,beetroot,11/11/2022,0.57,kg
vegetable,brussels_sprouts,brussels_sprouts,11/11/2022,1.12,kg
vegetable,pak_choi,pak_choi,11/11/2022,3.51,kg
vegetable,curly_kale,curly_kale,11/11/2022,3.53,kg
vegetable,cabbage,red,11/11/2022,0.63,kg
vegetable,cabbage,savoy,11/11/2022,0.64,head
vegetable,spring_greens,prepacked,11/11/2022,1.46,kg
vegetable,cabbage,summer_autumn_pointed,11/11/2022,0.65,kg
vegetable,cabbage,white,11/11/2022,0.55,kg
vegetable,cabbage,round_green_other,11/11/2022,0.66,head
vegetable,calabrese,calabrese,11/11/2022,1.36,kg
vegetable,carrots,topped_washed,11/11/2022,0.53,kg
vegetable,cauliflower,all,11/11/2022,0.78,head
vegetable,celery,all_washed,11/11/2022,0.92,kg
vegetable,celeriac,celeriac,11/11/2022,0.89,kg
vegetable,chinese_leaf,chinese_leaf,11/11/2022,1.28,kg
vegetable,coriander,coriander,11/11/2022,3.23,kg
vegetable,cucumbers,cucumbers,11/11/2022,1.28,kg
vegetable,leeks,trimmed,11/11/2022,1.47,kg
vegetable,lettuce,butterhead_indoor,11/11/2022,0.45,head
vegetable,lettuce,cos,11/11/2022,0.6,head
vegetable,lettuce,little_gem,11/11/2022,0.78,twin
vegetable,mixed_babyleaf_salad,pillow_pack,11/11/2022,6.6,kg
vegetable,onion,bulb_brown,11/11/2022,0.54,kg
vegetable,onion,bulb_red,11/11/2022,0.62,kg
vegetable,swede,swede,11/11/2022,0.25,kg
vegetable,turnip,turnip,11/11/2022,1.58,kg
vegetable,parsnips,all_varieties,11/11/2022,1.27,kg
vegetable,spinach_leaf,loose_bunches,11/11/2022,2.12,kg
vegetable,tomatoes,round,11/11/2022,0.62,kg
vegetable,tomatoes,vine,11/11/2022,0.78,kg
fruit,apples,bramleys_seedling,11/4/2022,1.2,kg
fruit,apples,coxs_orange_group,11/4/2022,1.05,kg
fruit,apples,egremont_russet,11/4/2022,1.06,kg
fruit,apples,braeburn,11/4/2022,1.15,kg
fruit,apples,gala,11/4/2022,1.05,kg
fruit,apples,other_late_season,11/4/2022,1.09,kg
fruit,pears,conference,11/4/2022,1.07,kg
fruit,pears,doyenne_du_comice,11/4/2022,1.08,kg
fruit,raspberries,raspberries,11/4/2022,10,kg
fruit,strawberries,strawberries,11/4/2022,2.27,kg
vegetable,beans,runner_climbing,11/4/2022,2.4,kg
vegetable,beetroot,beetroot,11/4/2022,0.54,kg
vegetable,brussels_sprouts,brussels_sprouts,11/4/2022,1.07,kg
vegetable,pak_choi,pak_choi,11/4/2022,3.53,kg
vegetable,curly_kale,curly_kale,11/4/2022,3.46,kg
vegetable,cabbage,red,11/4/2022,0.7,kg
vegetable,cabbage,savoy,11/4/2022,0.66,head
vegetable,spring_greens,prepacked,11/4/2022,1.45,kg
vegetable,cabbage,summer_autumn_pointed,11/4/2022,0.58,kg
vegetable,cabbage,white,11/4/2022,0.6,kg
vegetable,cabbage,round_green_other,11/4/2022,0.61,head
vegetable,calabrese,calabrese,11/4/2022,1.58,kg
vegetable,capsicum,elongated,11/4/2022,1.6,kg
vegetable,carrots,topped_washed,11/4/2022,0.54,kg
vegetable,cauliflower,all,11/4/2022,0.84,head
vegetable,celery,all_washed,11/4/2022,0.97,kg
vegetable,celeriac,celeriac,11/4/2022,0.91,kg
vegetable,chinese_leaf,chinese_leaf,11/4/2022,1.29,kg
vegetable,coriander,coriander,11/4/2022,3.5,kg
vegetable,cucumbers,cucumbers,11/4/2022,0.75,kg
vegetable,leeks,trimmed,11/4/2022,1.43,kg
vegetable,lettuce,butterhead_indoor,11/4/2022,0.44,head
vegetable,lettuce,cos,11/4/2022,0.7,head
vegetable,lettuce,crisp_iceberg_type,11/4/2022,0.7,head
vegetable,lettuce,little_gem,11/4/2022,0.85,twin
vegetable,rocket,rocket,11/4/2022,6,kg
vegetable,mixed_babyleaf_salad,pillow_pack,11/4/2022,7.36,kg
vegetable,onion,bulb_brown,11/4/2022,0.56,kg
vegetable,onion,bulb_red,11/4/2022,0.63,kg
vegetable,onion,saladspring,11/4/2022,0.45,kg
vegetable,swede,swede,11/4/2022,0.25,kg
vegetable,turnip,turnip,11/4/2022,1.67,kg
vegetable,parsnips,all_varieties,11/4/2022,1.26,kg
vegetable,spinach_leaf,loose_bunches,11/4/2022,2.2,kg
vegetable,tomatoes,round,11/4/2022,0.85,kg
vegetable,tomatoes,cherry,11/4/2022,1,kg
fruit,apples,bramleys_seedling,10/28/2022,1.25,kg
fruit,apples,coxs_orange_group,10/28/2022,1.1,kg
fruit,apples,egremont_russet,10/28/2022,1.09,kg
fruit,apples,braeburn,10/28/2022,1.28,kg
fruit,apples,gala,10/28/2022,1.06,kg
fruit,apples,other_late_season,10/28/2022,1.01,kg
fruit,pears,conference,10/28/2022,1.07,kg
fruit,pears,doyenne_du_comice,10/28/2022,1.19,kg
fruit,raspberries,raspberries,10/28/2022,4.78,kg
fruit,strawberries,strawberries,10/28/2022,2.57,kg
vegetable,beans,runner_climbing,10/28/2022,2.64,kg
vegetable,beetroot,beetroot,10/28/2022,0.62,kg
vegetable,brussels_sprouts,brussels_sprouts,10/28/2022,1.07,kg
vegetable,pak_choi,pak_choi,10/28/2022,3.43,kg
vegetable,curly_kale,curly_kale,10/28/2022,3.21,kg
vegetable,cabbage,red,10/28/2022,0.68,kg
vegetable,cabbage,savoy,10/28/2022,0.66,head
vegetable,spring_greens,prepacked,10/28/2022,1.37,kg
vegetable,cabbage,summer_autumn_pointed,10/28/2022,0.69,kg
vegetable,cabbage,white,10/28/2022,0.61,kg
vegetable,cabbage,round_green_other,10/28/2022,0.6,head
vegetable,calabrese,calabrese,10/28/2022,1.76,kg
vegetable,capsicum,red,10/28/2022,1.13,kg
vegetable,capsicum,yelloworange,10/28/2022,0.8,kg
vegetable,carrots,topped_washed,10/28/2022,0.54,kg
vegetable,cauliflower,all,10/28/2022,0.92,head
vegetable,celery,all_washed,10/28/2022,0.96,kg
vegetable,celeriac,celeriac,10/28/2022,0.96,kg
vegetable,chinese_leaf,chinese_leaf,10/28/2022,1.26,kg
vegetable,coriander,coriander,10/28/2022,3.15,kg
vegetable,cucumbers,cucumbers,10/28/2022,0.61,kg
vegetable,leeks,trimmed,10/28/2022,1.45,kg
vegetable,lettuce,butterhead_indoor,10/28/2022,0.46,head
vegetable,lettuce,cos,10/28/2022,0.7,head
vegetable,lettuce,crisp_iceberg_type,10/28/2022,0.81,head
vegetable,lettuce,little_gem,10/28/2022,0.8,twin
vegetable,rocket,rocket,10/28/2022,5.6,kg
vegetable,mixed_babyleaf_salad,pillow_pack,10/28/2022,6.1,kg
vegetable,onion,bulb_brown,10/28/2022,0.54,kg
vegetable,onion,bulb_red,10/28/2022,0.67,kg
vegetable,onion,saladspring,10/28/2022,0.41,kg
vegetable,swede,swede,10/28/2022,0.24,kg
vegetable,turnip,turnip,10/28/2022,1.66,kg
vegetable,parsnips,all_varieties,10/28/2022,1.28,kg
vegetable,spinach_leaf,loose_bunches,10/28/2022,2.16,kg
vegetable,sweetcorn,sweetcorn,10/28/2022,0.19,head
vegetable,tomatoes,round,10/28/2022,1,kg
vegetable,tomatoes,cherry,10/28/2022,0.7,kg
fruit,apples,bramleys_seedling,10/21/2022,1.24,kg
fruit,apples,coxs_orange_group,10/21/2022,1.08,kg
fruit,apples,egremont_russet,10/21/2022,1.16,kg
fruit,apples,braeburn,10/21/2022,1.37,kg
fruit,apples,gala,10/21/2022,1.09,kg
fruit,apples,other_late_season,10/21/2022,1.06,kg
fruit,currants,red,10/21/2022,12,kg
fruit,pears,conference,10/21/2022,1.12,kg
fruit,pears,doyenne_du_comice,10/21/2022,0.97,kg
fruit,pears,other,10/21/2022,0.88,kg
fruit,raspberries,raspberries,10/21/2022,8.65,kg
fruit,strawberries,strawberries,10/21/2022,2.59,kg
vegetable,beans,runner_climbing,10/21/2022,2.73,kg
vegetable,beetroot,beetroot,10/21/2022,0.62,kg
vegetable,brussels_sprouts,brussels_sprouts,10/21/2022,1,kg
vegetable,pak_choi,pak_choi,10/21/2022,3.54,kg
vegetable,curly_kale,curly_kale,10/21/2022,3.34,kg
vegetable,cabbage,red,10/21/2022,0.72,kg
vegetable,cabbage,savoy,10/21/2022,0.68,head
vegetable,spring_greens,prepacked,10/21/2022,1.29,kg
vegetable,cabbage,summer_autumn_pointed,10/21/2022,0.75,kg
vegetable,cabbage,white,10/21/2022,0.62,kg
vegetable,cabbage,round_green_other,10/21/2022,0.6,head
vegetable,calabrese,calabrese,10/21/2022,2.47,kg
vegetable,capsicum,red,10/21/2022,0.6,kg
vegetable,capsicum,elongated,10/21/2022,2,kg
vegetable,carrots,topped_washed,10/21/2022,0.55,kg
vegetable,cauliflower,all,10/21/2022,1.34,head
vegetable,celery,all_washed,10/21/2022,0.93,kg
vegetable,celeriac,celeriac,10/21/2022,0.9,kg
vegetable,chinese_leaf,chinese_leaf,10/21/2022,1.24,kg
vegetable,coriander,coriander,10/21/2022,3.24,kg
vegetable,courgettes,courgettes,10/21/2022,3.08,kg
vegetable,cucumbers,cucumbers,10/21/2022,1.13,kg
vegetable,leeks,trimmed,10/21/2022,1.5,kg
vegetable,lettuce,butterhead_indoor,10/21/2022,0.48,head
vegetable,lettuce,cos,10/21/2022,0.72,head
vegetable,lettuce,crisp_iceberg_type,10/21/2022,0.83,head
vegetable,lettuce,little_gem,10/21/2022,0.78,twin
vegetable,rocket,rocket,10/21/2022,5.68,kg
vegetable,mixed_babyleaf_salad,pillow_pack,10/21/2022,5.8,kg
vegetable,onion,bulb_brown,10/21/2022,0.57,kg
vegetable,onion,bulb_red,10/21/2022,0.69,kg
vegetable,onion,saladspring,10/21/2022,0.43,kg
vegetable,swede,swede,10/21/2022,0.25,kg
vegetable,turnip,turnip,10/21/2022,1.77,kg
vegetable,parsnips,all_varieties,10/21/2022,1.29,kg
vegetable,rhubarb,outdoor,10/21/2022,1.65,kg
vegetable,spinach_leaf,loose_bunches,10/21/2022,2.13,kg
vegetable,sweetcorn,sweetcorn,10/21/2022,0.19,head
vegetable,tomatoes,round,10/21/2022,1.61,kg
cut_flowers,gladioli,all_varieties,10/21/2022,0.2,stem
fruit,apples,bramleys_seedling,10/14/2022,1.25,kg
fruit,apples,coxs_orange_group,10/14/2022,1.12,kg
fruit,apples,egremont_russet,10/14/2022,1.17,kg
fruit,apples,braeburn,10/14/2022,1.4,kg
fruit,apples,gala,10/14/2022,1.14,kg
fruit,apples,other_mid_season,10/14/2022,1.05,kg
fruit,apples,other_late_season,10/14/2022,1.14,kg
fruit,blackberries,blackberries,10/14/2022,9.48,kg
fruit,currants,red,10/14/2022,9.33,kg
fruit,blueberries,blueberries,10/14/2022,8.19,kg
fruit,pears,conference,10/14/2022,1.24,kg
fruit,pears,doyenne_du_comice,10/14/2022,0.91,kg
fruit,plums,all_other,10/14/2022,2.19,kg
fruit,raspberries,raspberries,10/14/2022,11.14,kg
fruit,strawberries,strawberries,10/14/2022,2.9,kg
vegetable,beans,dwarf_french_or_kidney,10/14/2022,2.86,kg
vegetable,beans,runner_climbing,10/14/2022,2.36,kg
vegetable,beetroot,beetroot,10/14/2022,0.6,kg
vegetable,brussels_sprouts,brussels_sprouts,10/14/2022,1.11,kg
vegetable,pak_choi,pak_choi,10/14/2022,3.51,kg
vegetable,curly_kale,curly_kale,10/14/2022,3.53,kg
vegetable,cabbage,red,10/14/2022,0.71,kg
vegetable,cabbage,savoy,10/14/2022,0.68,head
vegetable,spring_greens,prepacked,10/14/2022,1.36,kg
vegetable,cabbage,summer_autumn_pointed,10/14/2022,0.68,kg
vegetable,cabbage,white,10/14/2022,0.64,kg
vegetable,cabbage,round_green_other,10/14/2022,0.6,head
vegetable,calabrese,calabrese,10/14/2022,2.62,kg
vegetable,capsicum,red,10/14/2022,0.73,kg
vegetable,capsicum,yelloworange,10/14/2022,2,kg
vegetable,carrots,topped_washed,10/14/2022,0.53,kg
vegetable,cauliflower,all,10/14/2022,1.48,head
vegetable,celery,all_washed,10/14/2022,0.94,kg
vegetable,celeriac,celeriac,10/14/2022,0.96,kg
vegetable,chinese_leaf,chinese_leaf,10/14/2022,1.23,kg
vegetable,coriander,coriander,10/14/2022,2.92,kg
vegetable,cucumbers,cucumbers,10/14/2022,1.23,kg
vegetable,leeks,trimmed,10/14/2022,1.43,kg
vegetable,lettuce,butterhead_indoor,10/14/2022,0.47,head
vegetable,lettuce,cos,10/14/2022,0.71,head
vegetable,lettuce,crisp_iceberg_type,10/14/2022,0.85,head
vegetable,lettuce,little_gem,10/14/2022,0.75,twin
vegetable,rocket,rocket,10/14/2022,5.38,kg
vegetable,mixed_babyleaf_salad,pillow_pack,10/14/2022,5.64,kg
vegetable,onion,bulb_brown,10/14/2022,0.56,kg
vegetable,onion,bulb_red,10/14/2022,0.69,kg
vegetable,onion,saladspring,10/14/2022,0.42,kg
vegetable,swede,swede,10/14/2022,0.25,kg
vegetable,turnip,turnip,10/14/2022,1.67,kg
vegetable,parsnips,all_varieties,10/14/2022,1.29,kg
vegetable,rhubarb,outdoor,10/14/2022,1.65,kg
vegetable,spinach_leaf,loose_bunches,10/14/2022,2.14,kg
vegetable,sweetcorn,sweetcorn,10/14/2022,0.19,head
vegetable,tomatoes,round,10/14/2022,1.71,kg
cut_flowers,gladioli,all_varieties,10/14/2022,0.2,stem
fruit,apples,bramleys_seedling,10/7/2022,1.24,kg
fruit,apples,coxs_orange_group,10/7/2022,1.1,kg
fruit,apples,egremont_russet,10/7/2022,1.18,kg
fruit,apples,gala,10/7/2022,1.11,kg
fruit,apples,other_mid_season,10/7/2022,0.96,kg
fruit,apples,other_late_season,10/7/2022,1.14,kg
fruit,blackberries,blackberries,10/7/2022,12,kg
fruit,currants,red,10/7/2022,8,kg
fruit,pears,conference,10/7/2022,1.09,kg
fruit,pears,doyenne_du_comice,10/7/2022,0.82,kg
fruit,plums,all_other,10/7/2022,2.2,kg
fruit,raspberries,raspberries,10/7/2022,10.05,kg
fruit,strawberries,strawberries,10/7/2022,6.1,kg
vegetable,beans,dwarf_french_or_kidney,10/7/2022,3.21,kg
vegetable,beans,runner_climbing,10/7/2022,3.27,kg
vegetable,beetroot,beetroot,10/7/2022,0.59,kg
vegetable,brussels_sprouts,brussels_sprouts,10/7/2022,1.08,kg
vegetable,pak_choi,pak_choi,10/7/2022,3.45,kg
vegetable,curly_kale,curly_kale,10/7/2022,3.52,kg
vegetable,cabbage,red,10/7/2022,0.69,kg
vegetable,cabbage,savoy,10/7/2022,0.69,head
vegetable,spring_greens,prepacked,10/7/2022,1.34,kg
vegetable,cabbage,summer_autumn_pointed,10/7/2022,0.78,kg
vegetable,cabbage,white,10/7/2022,0.62,kg
vegetable,cabbage,round_green_other,10/7/2022,0.61,head
vegetable,calabrese,calabrese,10/7/2022,2.7,kg
vegetable,capsicum,elongated,10/7/2022,2,kg
vegetable,carrots,topped_washed,10/7/2022,0.53,kg
vegetable,cauliflower,all,10/7/2022,1.38,head
vegetable,celery,all_washed,10/7/2022,0.91,kg
vegetable,celeriac,celeriac,10/7/2022,0.92,kg
vegetable,chinese_leaf,chinese_leaf,10/7/2022,1.26,kg
vegetable,coriander,coriander,10/7/2022,3.14,kg
vegetable,cucumbers,cucumbers,10/7/2022,1.33,kg
vegetable,leeks,trimmed,10/7/2022,1.51,kg
vegetable,lettuce,butterhead_indoor,10/7/2022,0.47,head
vegetable,lettuce,cos,10/7/2022,0.71,head
vegetable,lettuce,crisp_iceberg_type,10/7/2022,0.84,head
vegetable,lettuce,little_gem,10/7/2022,0.76,twin
vegetable,rocket,rocket,10/7/2022,5.39,kg
vegetable,mixed_babyleaf_salad,pillow_pack,10/7/2022,5.82,kg
vegetable,onion,bulb_brown,10/7/2022,0.57,kg
vegetable,onion,bulb_red,10/7/2022,0.66,kg
vegetable,onion,saladspring,10/7/2022,0.42,kg
vegetable,swede,swede,10/7/2022,0.25,kg
vegetable,turnip,turnip,10/7/2022,1.59,kg
vegetable,parsnips,all_varieties,10/7/2022,1.27,kg
vegetable,rhubarb,outdoor,10/7/2022,1.67,kg
vegetable,spinach_leaf,loose_bunches,10/7/2022,2.21,kg
vegetable,sweetcorn,sweetcorn,10/7/2022,0.32,head
vegetable,tomatoes,round,10/7/2022,1.61,kg
vegetable,tomatoes,cherry,10/7/2022,3.73,kg
cut_flowers,gladioli,all_varieties,10/7/2022,0.18,stem
fruit,apples,bramleys_seedling,9/30/2022,1.38,kg
fruit,apples,coxs_orange_group,9/30/2022,1.23,kg
fruit,apples,egremont_russet,9/30/2022,1.2,kg
fruit,apples,gala,9/30/2022,1.18,kg
fruit,apples,other_early_season,9/30/2022,0.93,kg
fruit,apples,other_mid_season,9/30/2022,1.05,kg
fruit,blackberries,blackberries,9/30/2022,13.95,kg
fruit,currants,red,9/30/2022,8,kg
fruit,blueberries,blueberries,9/30/2022,10.82,kg
fruit,pears,conference,9/30/2022,1.17,kg
fruit,pears,other,9/30/2022,1.2,kg
fruit,plums,victoria,9/30/2022,3.01,kg
fruit,plums,all_other,9/30/2022,1.98,kg
fruit,raspberries,raspberries,9/30/2022,9.24,kg
fruit,strawberries,strawberries,9/30/2022,4.98,kg
vegetable,beans,dwarf_french_or_kidney,9/30/2022,3.35,kg
vegetable,beans,runner_climbing,9/30/2022,3.42,kg
vegetable,beetroot,beetroot,9/30/2022,0.63,kg
vegetable,brussels_sprouts,brussels_sprouts,9/30/2022,1.14,kg
vegetable,pak_choi,pak_choi,9/30/2022,3.44,kg
vegetable,curly_kale,curly_kale,9/30/2022,3.44,kg
vegetable,cabbage,red,9/30/2022,0.74,kg
vegetable,cabbage,savoy,9/30/2022,0.71,head
vegetable,spring_greens,prepacked,9/30/2022,1.28,kg
vegetable,cabbage,summer_autumn_pointed,9/30/2022,0.79,kg
vegetable,cabbage,white,9/30/2022,0.66,kg
vegetable,cabbage,round_green_other,9/30/2022,0.6,head
vegetable,calabrese,calabrese,9/30/2022,2.87,kg
vegetable,capsicum,elongated,9/30/2022,2.4,kg
vegetable,carrots,topped_washed,9/30/2022,0.52,kg
vegetable,cauliflower,all,9/30/2022,1.42,head
vegetable,celery,all_washed,9/30/2022,0.98,kg
vegetable,celeriac,celeriac,9/30/2022,0.99,kg
vegetable,chinese_leaf,chinese_leaf,9/30/2022,1.23,kg
vegetable,coriander,coriander,9/30/2022,3.12,kg
vegetable,cucumbers,cucumbers,9/30/2022,1.52,kg
vegetable,leeks,trimmed,9/30/2022,1.48,kg
vegetable,lettuce,butterhead_indoor,9/30/2022,0.47,head
vegetable,lettuce,cos,9/30/2022,0.73,head
vegetable,lettuce,crisp_iceberg_type,9/30/2022,0.86,head
vegetable,lettuce,little_gem,9/30/2022,0.77,twin
vegetable,rocket,rocket,9/30/2022,4.66,kg
vegetable,mixed_babyleaf_salad,pillow_pack,9/30/2022,5.82,kg
vegetable,onion,bulb_brown,9/30/2022,0.54,kg
vegetable,onion,bulb_red,9/30/2022,0.67,kg
vegetable,onion,saladspring,9/30/2022,0.42,kg
vegetable,swede,swede,9/30/2022,0.24,kg
vegetable,turnip,turnip,9/30/2022,1.52,kg
vegetable,parsnips,all_varieties,9/30/2022,1.22,kg
vegetable,rhubarb,outdoor,9/30/2022,1.69,kg
vegetable,spinach_leaf,loose_bunches,9/30/2022,2.21,kg
vegetable,sweetcorn,sweetcorn,9/30/2022,0.35,head
vegetable,tomatoes,round,9/30/2022,1.79,kg
vegetable,tomatoes,cherry,9/30/2022,3.73,kg
fruit,apples,bramleys_seedling,9/23/2022,1.44,kg
fruit,apples,coxs_orange_group,9/23/2022,1.27,kg
fruit,apples,egremont_russet,9/23/2022,1.28,kg
fruit,apples,gala,9/23/2022,1.22,kg
fruit,apples,other_early_season,9/23/2022,0.94,kg
fruit,apples,other_mid_season,9/23/2022,1.14,kg
fruit,blackberries,blackberries,9/23/2022,6.42,kg
fruit,currants,red,9/23/2022,9.68,kg
fruit,blueberries,blueberries,9/23/2022,5.3,kg
fruit,pears,conference,9/23/2022,1.13,kg
fruit,plums,victoria,9/23/2022,2.75,kg
fruit,plums,all_other,9/23/2022,2.53,kg
fruit,raspberries,raspberries,9/23/2022,8.76,kg
fruit,strawberries,strawberries,9/23/2022,4.59,kg
vegetable,beans,dwarf_french_or_kidney,9/23/2022,3,kg
vegetable,beans,runner_climbing,9/23/2022,3.97,kg
vegetable,beetroot,beetroot,9/23/2022,0.68,kg
vegetable,brussels_sprouts,brussels_sprouts,9/23/2022,1.05,kg
vegetable,pak_choi,pak_choi,9/23/2022,3.34,kg
vegetable,curly_kale,curly_kale,9/23/2022,3.64,kg
vegetable,cabbage,red,9/23/2022,0.79,kg
vegetable,cabbage,savoy,9/23/2022,0.71,head
vegetable,spring_greens,prepacked,9/23/2022,1.29,kg
vegetable,cabbage,summer_autumn_pointed,9/23/2022,0.74,kg
vegetable,cabbage,white,9/23/2022,0.68,kg
vegetable,cabbage,round_green_other,9/23/2022,0.45,head
vegetable,calabrese,calabrese,9/23/2022,2,kg
vegetable,carrots,topped_washed,9/23/2022,0.53,kg
vegetable,cauliflower,all,9/23/2022,1.49,head
vegetable,celery,all_washed,9/23/2022,0.96,kg
vegetable,celeriac,celeriac,9/23/2022,0.87,kg
vegetable,chinese_leaf,chinese_leaf,9/23/2022,1.3,kg
vegetable,coriander,coriander,9/23/2022,2.87,kg
vegetable,courgettes,courgettes,9/23/2022,1.78,kg
vegetable,cucumbers,cucumbers,9/23/2022,1.67,kg
vegetable,leeks,trimmed,9/23/2022,1.52,kg
vegetable,lettuce,butterhead_indoor,9/23/2022,0.45,head
vegetable,lettuce,cos,9/23/2022,0.82,head
vegetable,lettuce,crisp_iceberg_type,9/23/2022,0.82,head
vegetable,lettuce,little_gem,9/23/2022,0.77,twin
vegetable,rocket,rocket,9/23/2022,5.18,kg
vegetable,mixed_babyleaf_salad,pillow_pack,9/23/2022,5.6,kg
vegetable,onion,bulb_brown,9/23/2022,0.61,kg
vegetable,onion,bulb_red,9/23/2022,0.53,kg
vegetable,onion,saladspring,9/23/2022,0.42,kg
vegetable,swede,swede,9/23/2022,0.24,kg
vegetable,turnip,turnip,9/23/2022,1.46,kg
vegetable,parsnips,all_varieties,9/23/2022,1.36,kg
vegetable,rhubarb,outdoor,9/23/2022,1.64,kg
vegetable,spinach_leaf,loose_bunches,9/23/2022,2.02,kg
vegetable,sweetcorn,sweetcorn,9/23/2022,0.32,head
vegetable,tomatoes,round,9/23/2022,1.05,kg
vegetable,tomatoes,vine,9/23/2022,1.59,kg
cut_flowers,gladioli,all_varieties,9/23/2022,0.2,stem
fruit,apples,bramleys_seedling,9/16/2022,1.78,kg
fruit,apples,coxs_orange_group,9/16/2022,1.42,kg
fruit,apples,egremont_russet,9/16/2022,1.34,kg
fruit,apples,gala,9/16/2022,1.33,kg
fruit,apples,other_early_season,9/16/2022,0.9,kg
fruit,apples,other_mid_season,9/16/2022,1.54,kg
fruit,blackberries,blackberries,9/16/2022,18.85,kg
fruit,currants,red,9/16/2022,8.88,kg
fruit,blueberries,blueberries,9/16/2022,7.3,kg
fruit,pears,conference,9/16/2022,1.09,kg
fruit,plums,victoria,9/16/2022,2.5,kg
fruit,plums,all_other,9/16/2022,2.2,kg
fruit,raspberries,raspberries,9/16/2022,5.61,kg
fruit,strawberries,strawberries,9/16/2022,4.96,kg
vegetable,beans,dwarf_french_or_kidney,9/16/2022,3.11,kg
vegetable,beans,runner_climbing,9/16/2022,4.15,kg
vegetable,beetroot,beetroot,9/16/2022,0.7,kg
vegetable,brussels_sprouts,brussels_sprouts,9/16/2022,1.22,kg
vegetable,pak_choi,pak_choi,9/16/2022,3.41,kg
vegetable,curly_kale,curly_kale,9/16/2022,3.48,kg
vegetable,cabbage,red,9/16/2022,0.61,kg
vegetable,cabbage,savoy,9/16/2022,0.69,head
vegetable,spring_greens,prepacked,9/16/2022,1.44,kg
vegetable,cabbage,summer_autumn_pointed,9/16/2022,0.75,kg
vegetable,cabbage,white,9/16/2022,0.63,kg
vegetable,cabbage,round_green_other,9/16/2022,0.65,head
vegetable,calabrese,calabrese,9/16/2022,1.88,kg
vegetable,capsicum,red,9/16/2022,0.8,kg
vegetable,capsicum,elongated,9/16/2022,1,kg
vegetable,carrots,topped_washed,9/16/2022,0.56,kg
vegetable,cauliflower,all,9/16/2022,1.25,head
vegetable,celery,all_washed,9/16/2022,1,kg
vegetable,celeriac,celeriac,9/16/2022,0.87,kg
vegetable,chinese_leaf,chinese_leaf,9/16/2022,1.27,kg
vegetable,coriander,coriander,9/16/2022,2.91,kg
vegetable,courgettes,courgettes,9/16/2022,1.79,kg
vegetable,cucumbers,cucumbers,9/16/2022,1.7,kg
vegetable,leeks,trimmed,9/16/2022,1.59,kg
vegetable,lettuce,butterhead_indoor,9/16/2022,0.51,head
vegetable,lettuce,cos,9/16/2022,0.83,head
vegetable,lettuce,crisp_iceberg_type,9/16/2022,0.68,head
vegetable,lettuce,little_gem,9/16/2022,0.73,twin
vegetable,rocket,rocket,9/16/2022,5.53,kg
vegetable,mixed_babyleaf_salad,pillow_pack,9/16/2022,5.52,kg
vegetable,onion,bulb_brown,9/16/2022,0.56,kg
vegetable,onion,bulb_red,9/16/2022,0.53,kg
vegetable,onion,saladspring,9/16/2022,0.41,kg
vegetable,swede,swede,9/16/2022,0.26,kg
vegetable,turnip,turnip,9/16/2022,1.45,kg
vegetable,parsnips,all_varieties,9/16/2022,1.41,kg
vegetable,peas,shelling_all_varieties,9/16/2022,3.14,kg
vegetable,rhubarb,outdoor,9/16/2022,1.62,kg
vegetable,spinach_leaf,loose_bunches,9/16/2022,1.88,kg
vegetable,sweetcorn,sweetcorn,9/16/2022,0.35,head
vegetable,tomatoes,round,9/16/2022,0.99,kg
vegetable,tomatoes,vine,9/16/2022,1.58,kg
cut_flowers,gladioli,all_varieties,9/16/2022,0.2,stem
fruit,apples,bramleys_seedling,9/9/2022,1.49,kg
fruit,apples,coxs_orange_group,9/9/2022,1.54,kg
fruit,apples,egremont_russet,9/9/2022,1.23,kg
fruit,apples,gala,9/9/2022,1.25,kg
fruit,apples,other_early_season,9/9/2022,1.14,kg
fruit,apples,other_mid_season,9/9/2022,1.07,kg
fruit,blackberries,blackberries,9/9/2022,9.98,kg
fruit,currants,red,9/9/2022,4.4,kg
fruit,blueberries,blueberries,9/9/2022,5.43,kg
fruit,pears,conference,9/9/2022,1.13,kg
fruit,plums,victoria,9/9/2022,1.97,kg
fruit,plums,all_other,9/9/2022,2.07,kg
fruit,raspberries,raspberries,9/9/2022,4.99,kg
fruit,strawberries,strawberries,9/9/2022,3.42,kg
vegetable,beans,broad,9/9/2022,1.71,kg
vegetable,beans,dwarf_french_or_kidney,9/9/2022,2.99,kg
vegetable,beans,runner_climbing,9/9/2022,4.17,kg
vegetable,beetroot,beetroot,9/9/2022,0.65,kg
vegetable,brussels_sprouts,brussels_sprouts,9/9/2022,0.41,kg
vegetable,pak_choi,pak_choi,9/9/2022,3.2,kg
vegetable,curly_kale,curly_kale,9/9/2022,3.96,kg
vegetable,cabbage,red,9/9/2022,0.93,kg
vegetable,cabbage,savoy,9/9/2022,0.73,head
vegetable,spring_greens,prepacked,9/9/2022,1.58,kg
vegetable,cabbage,summer_autumn_pointed,9/9/2022,0.72,kg
vegetable,cabbage,white,9/9/2022,0.73,kg
vegetable,cabbage,round_green_other,9/9/2022,0.65,head
vegetable,calabrese,calabrese,9/9/2022,1.85,kg
vegetable,capsicum,red,9/9/2022,1,kg
vegetable,capsicum,elongated,9/9/2022,1.6,kg
vegetable,carrots,topped_washed,9/9/2022,0.55,kg
vegetable,cauliflower,all,9/9/2022,1.31,head
vegetable,celery,all_washed,9/9/2022,0.97,kg
vegetable,celeriac,celeriac,9/9/2022,0.84,kg
vegetable,chinese_leaf,chinese_leaf,9/9/2022,1.27,kg
vegetable,coriander,coriander,9/9/2022,3.06,kg
vegetable,courgettes,courgettes,9/9/2022,1.44,kg
vegetable,cucumbers,cucumbers,9/9/2022,1.56,kg
vegetable,leeks,trimmed,9/9/2022,1.46,kg
vegetable,lettuce,butterhead_indoor,9/9/2022,0.47,head
vegetable,lettuce,cos,9/9/2022,0.74,head
vegetable,lettuce,crisp_iceberg_type,9/9/2022,0.79,head
vegetable,lettuce,little_gem,9/9/2022,0.75,twin
vegetable,rocket,rocket,9/9/2022,5.27,kg
vegetable,mixed_babyleaf_salad,pillow_pack,9/9/2022,5.51,kg
vegetable,onion,bulb_brown,9/9/2022,0.54,kg
vegetable,onion,bulb_red,9/9/2022,0.57,kg
vegetable,onion,saladspring,9/9/2022,0.37,kg
vegetable,swede,swede,9/9/2022,0.25,kg
vegetable,turnip,turnip,9/9/2022,1.34,kg
vegetable,parsnips,all_varieties,9/9/2022,1.46,kg
vegetable,peas,shelling_all_varieties,9/9/2022,2.86,kg
vegetable,rhubarb,outdoor,9/9/2022,1.48,kg
vegetable,spinach_leaf,loose_bunches,9/9/2022,1.76,kg
vegetable,sweetcorn,sweetcorn,9/9/2022,0.34,head
vegetable,tomatoes,round,9/9/2022,0.81,kg
vegetable,tomatoes,vine,9/9/2022,1.01,kg
vegetable,tomatoes,cherry,9/9/2022,0.75,kg
vegetable,tomatoes,plum,9/9/2022,1.3,kg
cut_flowers,gladioli,all_varieties,9/9/2022,0.18,stem
fruit,apples,bramleys_seedling,9/2/2022,1.66,kg
fruit,apples,coxs_orange_group,9/2/2022,1.47,kg
fruit,apples,gala,9/2/2022,1.3,kg
fruit,apples,other_early_season,9/2/2022,1.13,kg
fruit,blackberries,blackberries,9/2/2022,6.25,kg
fruit,currants,black,9/2/2022,5.62,kg
fruit,currants,red,9/2/2022,5.34,kg
fruit,blueberries,blueberries,9/2/2022,4.78,kg
fruit,gooseberries,gooseberries,9/2/2022,15.26,kg
fruit,pears,conference,9/2/2022,1.23,kg
fruit,plums,victoria,9/2/2022,1.77,kg
fruit,plums,all_other,9/2/2022,2.29,kg
fruit,raspberries,raspberries,9/2/2022,5.21,kg
fruit,strawberries,strawberries,9/2/2022,3.52,kg
vegetable,beans,broad,9/2/2022,2.28,kg
vegetable,beans,dwarf_french_or_kidney,9/2/2022,3.01,kg
vegetable,beans,runner_climbing,9/2/2022,4.66,kg
vegetable,beetroot,beetroot,9/2/2022,0.68,kg
vegetable,brussels_sprouts,brussels_sprouts,9/2/2022,0.68,kg
vegetable,pak_choi,pak_choi,9/2/2022,2.87,kg
vegetable,curly_kale,curly_kale,9/2/2022,4.07,kg
vegetable,cabbage,red,9/2/2022,0.82,kg
vegetable,cabbage,savoy,9/2/2022,0.7,head
vegetable,spring_greens,prepacked,9/2/2022,1.53,kg
vegetable,cabbage,summer_autumn_pointed,9/2/2022,0.77,kg
vegetable,cabbage,white,9/2/2022,0.72,kg
vegetable,cabbage,round_green_other,9/2/2022,0.63,head
vegetable,calabrese,calabrese,9/2/2022,2.16,kg
vegetable,capsicum,red,9/2/2022,1.1,kg
vegetable,capsicum,elongated,9/2/2022,2.49,kg
vegetable,carrots,topped_washed,9/2/2022,0.53,kg
vegetable,cauliflower,all,9/2/2022,0.84,head
vegetable,celery,all_washed,9/2/2022,0.91,kg
vegetable,celeriac,celeriac,9/2/2022,0.9,kg
vegetable,chinese_leaf,chinese_leaf,9/2/2022,1.16,kg
vegetable,coriander,coriander,9/2/2022,2.73,kg
vegetable,courgettes,courgettes,9/2/2022,1.33,kg
vegetable,cucumbers,cucumbers,9/2/2022,1.51,kg
vegetable,leeks,trimmed,9/2/2022,1.36,kg
vegetable,lettuce,butterhead_indoor,9/2/2022,0.46,head
vegetable,lettuce,cos,9/2/2022,0.74,head
vegetable,lettuce,crisp_iceberg_type,9/2/2022,0.79,head
vegetable,lettuce,little_gem,9/2/2022,0.75,twin
vegetable,rocket,rocket,9/2/2022,5.43,kg
vegetable,mixed_babyleaf_salad,pillow_pack,9/2/2022,5.51,kg
vegetable,onion,bulb_brown,9/2/2022,0.51,kg
vegetable,onion,bulb_red,9/2/2022,0.7,kg
vegetable,onion,saladspring,9/2/2022,0.37,kg
vegetable,swede,swede,9/2/2022,0.23,kg
vegetable,turnip,turnip,9/2/2022,1.1,kg
vegetable,parsnips,all_varieties,9/2/2022,1.43,kg
vegetable,peas,shelling_all_varieties,9/2/2022,2.94,kg
vegetable,rhubarb,outdoor,9/2/2022,1.55,kg
vegetable,spinach_leaf,loose_bunches,9/2/2022,1.86,kg
vegetable,sweetcorn,sweetcorn,9/2/2022,0.32,head
vegetable,tomatoes,round,9/2/2022,0.87,kg
vegetable,tomatoes,vine,9/2/2022,1.1,kg
fruit,apples,bramleys_seedling,8/26/2022,1.54,kg
fruit,apples,other_early_season,8/26/2022,1.08,kg
fruit,blackberries,blackberries,8/26/2022,4.39,kg
fruit,currants,black,8/26/2022,5.1,kg
fruit,currants,red,8/26/2022,5.1,kg
fruit,blueberries,blueberries,8/26/2022,4.51,kg
fruit,gooseberries,gooseberries,8/26/2022,15.26,kg
fruit,pears,other,8/26/2022,0.8,kg
fruit,plums,victoria,8/26/2022,1.99,kg
fruit,plums,all_other,8/26/2022,2.28,kg
fruit,raspberries,raspberries,8/26/2022,4.8,kg
fruit,strawberries,strawberries,8/26/2022,1.93,kg
vegetable,beans,broad,8/26/2022,1.87,kg
vegetable,beans,dwarf_french_or_kidney,8/26/2022,2.94,kg
vegetable,beans,runner_climbing,8/26/2022,4.63,kg
vegetable,beetroot,beetroot,8/26/2022,0.66,kg
vegetable,brussels_sprouts,brussels_sprouts,8/26/2022,0.12,kg
vegetable,pak_choi,pak_choi,8/26/2022,3,kg
vegetable,curly_kale,curly_kale,8/26/2022,3.77,kg
vegetable,cabbage,red,8/26/2022,0.84,kg
vegetable,cabbage,savoy,8/26/2022,0.71,head
vegetable,spring_greens,prepacked,8/26/2022,2.57,kg
vegetable,cabbage,summer_autumn_pointed,8/26/2022,0.72,kg
vegetable,cabbage,white,8/26/2022,0.7,kg
vegetable,cabbage,round_green_other,8/26/2022,0.65,head
vegetable,calabrese,calabrese,8/26/2022,2.53,kg
vegetable,capsicum,green,8/26/2022,1.3,kg
vegetable,capsicum,red,8/26/2022,1.3,kg
vegetable,capsicum,elongated,8/26/2022,1.44,kg
vegetable,carrots,topped_washed,8/26/2022,0.53,kg
vegetable,cauliflower,all,8/26/2022,0.91,head
vegetable,celery,all_washed,8/26/2022,0.88,kg
vegetable,celeriac,celeriac,8/26/2022,0.89,kg
vegetable,chinese_leaf,chinese_leaf,8/26/2022,1.17,kg
vegetable,coriander,coriander,8/26/2022,2.76,kg
vegetable,courgettes,courgettes,8/26/2022,1.25,kg
vegetable,cucumbers,cucumbers,8/26/2022,1.39,kg
vegetable,leeks,trimmed,8/26/2022,1.37,kg
vegetable,lettuce,butterhead_indoor,8/26/2022,0.48,head
vegetable,lettuce,cos,8/26/2022,0.78,head
vegetable,lettuce,crisp_iceberg_type,8/26/2022,0.8,head
vegetable,lettuce,little_gem,8/26/2022,0.76,twin
vegetable,rocket,rocket,8/26/2022,5.46,kg
vegetable,mixed_babyleaf_salad,pillow_pack,8/26/2022,5.37,kg
vegetable,onion,bulb_brown,8/26/2022,0.37,kg
vegetable,onion,bulb_red,8/26/2022,0.64,kg
vegetable,onion,saladspring,8/26/2022,0.36,kg
vegetable,swede,swede,8/26/2022,0.23,kg
vegetable,turnip,turnip,8/26/2022,1.26,kg
vegetable,parsnips,all_varieties,8/26/2022,1.5,kg
vegetable,peas,shelling_all_varieties,8/26/2022,2.87,kg
vegetable,rhubarb,outdoor,8/26/2022,1.58,kg
vegetable,spinach_leaf,loose_bunches,8/26/2022,2.03,kg
vegetable,sweetcorn,sweetcorn,8/26/2022,0.33,head
vegetable,tomatoes,round,8/26/2022,1.02,kg
vegetable,tomatoes,vine,8/26/2022,1.1,kg
vegetable,tomatoes,cherry,8/26/2022,2.85,kg
vegetable,tomatoes,plum,8/26/2022,1,kg
cut_flowers,gladioli,all_varieties,8/26/2022,0.16,stem
fruit,apples,bramleys_seedling,8/19/2022,1.62,kg
fruit,apples,other_early_season,8/19/2022,0.97,kg
fruit,blackberries,blackberries,8/19/2022,3.47,kg
fruit,currants,black,8/19/2022,4.4,kg
fruit,currants,red,8/19/2022,4.4,kg
fruit,blueberries,blueberries,8/19/2022,3.2,kg
fruit,cherries,all,8/19/2022,5.49,kg
fruit,plums,victoria,8/19/2022,1.88,kg
fruit,plums,all_other,8/19/2022,1.71,kg
fruit,raspberries,raspberries,8/19/2022,5.91,kg
fruit,strawberries,strawberries,8/19/2022,1.79,kg
vegetable,beans,broad,8/19/2022,2.62,kg
vegetable,beans,dwarf_french_or_kidney,8/19/2022,3.2,kg
vegetable,beans,runner_climbing,8/19/2022,4.79,kg
vegetable,beetroot,beetroot,8/19/2022,0.66,kg
vegetable,pak_choi,pak_choi,8/19/2022,2.9,kg
vegetable,curly_kale,curly_kale,8/19/2022,3.74,kg
vegetable,cabbage,red,8/19/2022,0.77,kg
vegetable,cabbage,savoy,8/19/2022,0.75,head
vegetable,spring_greens,prepacked,8/19/2022,1.46,kg
vegetable,cabbage,summer_autumn_pointed,8/19/2022,0.75,kg
vegetable,cabbage,white,8/19/2022,0.65,kg
vegetable,cabbage,round_green_other,8/19/2022,0.61,head
vegetable,calabrese,calabrese,8/19/2022,3.8,kg
vegetable,capsicum,red,8/19/2022,0.97,kg
vegetable,capsicum,elongated,8/19/2022,2,kg
vegetable,carrots,topped_washed,8/19/2022,0.55,kg
vegetable,cauliflower,all,8/19/2022,0.87,head
vegetable,celery,all_washed,8/19/2022,0.93,kg
vegetable,celeriac,celeriac,8/19/2022,0.7,kg
vegetable,chinese_leaf,chinese_leaf,8/19/2022,1.2,kg
vegetable,coriander,coriander,8/19/2022,2.68,kg
vegetable,courgettes,courgettes,8/19/2022,1.26,kg
vegetable,cucumbers,cucumbers,8/19/2022,1.51,kg
vegetable,leeks,trimmed,8/19/2022,1.42,kg
vegetable,lettuce,butterhead_indoor,8/19/2022,0.47,head
vegetable,lettuce,cos,8/19/2022,0.68,head
vegetable,lettuce,crisp_iceberg_type,8/19/2022,0.88,head
vegetable,lettuce,little_gem,8/19/2022,0.79,twin
vegetable,rocket,rocket,8/19/2022,5.46,kg
vegetable,mixed_babyleaf_salad,pillow_pack,8/19/2022,5.3,kg
vegetable,onion,bulb_brown,8/19/2022,0.48,kg
vegetable,onion,bulb_red,8/19/2022,0.66,kg
vegetable,onion,saladspring,8/19/2022,0.38,kg
vegetable,swede,swede,8/19/2022,0.24,kg
vegetable,turnip,turnip,8/19/2022,1.42,kg
vegetable,parsnips,all_varieties,8/19/2022,1.54,kg
vegetable,peas,shelling_all_varieties,8/19/2022,3.2,kg
vegetable,rhubarb,outdoor,8/19/2022,1.58,kg
vegetable,spinach_leaf,loose_bunches,8/19/2022,1.92,kg
vegetable,sweetcorn,sweetcorn,8/19/2022,0.37,head
vegetable,tomatoes,round,8/19/2022,1.15,kg
vegetable,tomatoes,vine,8/19/2022,1.12,kg
vegetable,tomatoes,cherry,8/19/2022,1.92,kg
cut_flowers,gladioli,all_varieties,8/19/2022,0.18,stem
fruit,apples,bramleys_seedling,8/12/2022,1.77,kg
fruit,apples,other_early_season,8/12/2022,1.13,kg
fruit,apples,other_late_season,8/12/2022,0.58,kg
fruit,blackberries,blackberries,8/12/2022,6.08,kg
fruit,currants,black,8/12/2022,6.8,kg
fruit,currants,red,8/12/2022,6.67,kg
fruit,blueberries,blueberries,8/12/2022,5.06,kg
fruit,cherries,all,8/12/2022,6.04,kg
fruit,gooseberries,gooseberries,8/12/2022,13.08,kg
fruit,plums,victoria,8/12/2022,2.38,kg
fruit,plums,all_other,8/12/2022,1.82,kg
fruit,raspberries,raspberries,8/12/2022,6.63,kg
fruit,strawberries,strawberries,8/12/2022,1.77,kg
vegetable,beans,broad,8/12/2022,2.52,kg
vegetable,beans,dwarf_french_or_kidney,8/12/2022,2.62,kg
vegetable,beans,runner_climbing,8/12/2022,3.91,kg
vegetable,beetroot,beetroot,8/12/2022,0.65,kg
vegetable,pak_choi,pak_choi,8/12/2022,2.42,kg
vegetable,curly_kale,curly_kale,8/12/2022,3.75,kg
vegetable,cabbage,red,8/12/2022,0.78,kg
vegetable,cabbage,savoy,8/12/2022,0.75,head
vegetable,spring_greens,prepacked,8/12/2022,1.45,kg
vegetable,cabbage,summer_autumn_pointed,8/12/2022,0.75,kg
vegetable,cabbage,white,8/12/2022,0.62,kg
vegetable,cabbage,round_green_other,8/12/2022,0.62,head
vegetable,calabrese,calabrese,8/12/2022,3.68,kg
vegetable,carrots,topped_washed,8/12/2022,0.55,kg
vegetable,cauliflower,all,8/12/2022,1.08,head
vegetable,celery,all_washed,8/12/2022,0.95,kg
vegetable,celeriac,celeriac,8/12/2022,0.67,kg
vegetable,chinese_leaf,chinese_leaf,8/12/2022,1.17,kg
vegetable,coriander,coriander,8/12/2022,2.28,kg
vegetable,courgettes,courgettes,8/12/2022,1.23,kg
vegetable,cucumbers,cucumbers,8/12/2022,1.6,kg
vegetable,leeks,trimmed,8/12/2022,1.45,kg
vegetable,lettuce,butterhead_indoor,8/12/2022,0.44,head
vegetable,lettuce,cos,8/12/2022,0.67,head
vegetable,lettuce,crisp_iceberg_type,8/12/2022,0.66,head
vegetable,lettuce,little_gem,8/12/2022,0.8,twin
vegetable,rocket,rocket,8/12/2022,5.48,kg
vegetable,mixed_babyleaf_salad,pillow_pack,8/12/2022,5.51,kg
vegetable,onion,bulb_brown,8/12/2022,0.44,kg
vegetable,onion,bulb_red,8/12/2022,0.6,kg
vegetable,onion,saladspring,8/12/2022,0.38,kg
vegetable,swede,swede,8/12/2022,0.24,kg
vegetable,turnip,turnip,8/12/2022,1.27,kg
vegetable,parsnips,all_varieties,8/12/2022,1.58,kg
vegetable,peas,shelling_all_varieties,8/12/2022,3.03,kg
vegetable,rhubarb,outdoor,8/12/2022,1.52,kg
vegetable,spinach_leaf,loose_bunches,8/12/2022,1.85,kg
vegetable,sweetcorn,sweetcorn,8/12/2022,0.41,head
vegetable,tomatoes,round,8/12/2022,1.12,kg
vegetable,tomatoes,vine,8/12/2022,1.06,kg
vegetable,tomatoes,cherry,8/12/2022,3.73,kg
vegetable,tomatoes,plum,8/12/2022,1.13,kg
cut_flowers,gladioli,all_varieties,8/12/2022,0.18,stem
fruit,apples,bramleys_seedling,8/5/2022,1.77,kg
fruit,apples,other_early_season,8/5/2022,0.89,kg
fruit,apples,other_late_season,8/5/2022,1,kg
fruit,blackberries,blackberries,8/5/2022,4.55,kg
fruit,currants,black,8/5/2022,6.95,kg
fruit,currants,red,8/5/2022,9.52,kg
fruit,blueberries,blueberries,8/5/2022,5.44,kg
fruit,cherries,all,8/5/2022,5.36,kg
fruit,gooseberries,gooseberries,8/5/2022,5.14,kg
fruit,plums,victoria,8/5/2022,2.69,kg
fruit,plums,all_other,8/5/2022,2.38,kg
fruit,raspberries,raspberries,8/5/2022,6.42,kg
fruit,strawberries,strawberries,8/5/2022,1.74,kg
vegetable,beans,broad,8/5/2022,1.74,kg
vegetable,beans,dwarf_french_or_kidney,8/5/2022,2.92,kg
vegetable,beans,runner_climbing,8/5/2022,3.57,kg
vegetable,beetroot,beetroot,8/5/2022,0.66,kg
vegetable,pak_choi,pak_choi,8/5/2022,2.89,kg
vegetable,curly_kale,curly_kale,8/5/2022,3.79,kg
vegetable,cabbage,red,8/5/2022,0.79,kg
vegetable,cabbage,savoy,8/5/2022,0.71,head
vegetable,spring_greens,prepacked,8/5/2022,1.42,kg
vegetable,cabbage,summer_autumn_pointed,8/5/2022,0.71,kg
vegetable,cabbage,white,8/5/2022,0.54,kg
vegetable,cabbage,round_green_other,8/5/2022,0.65,head
vegetable,calabrese,calabrese,8/5/2022,3.25,kg
vegetable,capsicum,elongated,8/5/2022,2,kg
vegetable,carrots,topped_washed,8/5/2022,0.57,kg
vegetable,cauliflower,all,8/5/2022,1.34,head
vegetable,celery,all_washed,8/5/2022,0.98,kg
vegetable,celeriac,celeriac,8/5/2022,0.66,kg
vegetable,chinese_leaf,chinese_leaf,8/5/2022,1.24,kg
vegetable,coriander,coriander,8/5/2022,2.28,kg
vegetable,courgettes,courgettes,8/5/2022,1.31,kg
vegetable,cucumbers,cucumbers,8/5/2022,1.38,kg
vegetable,leeks,trimmed,8/5/2022,1.47,kg
vegetable,lettuce,butterhead_indoor,8/5/2022,0.45,head
vegetable,lettuce,cos,8/5/2022,0.72,head
vegetable,lettuce,crisp_iceberg_type,8/5/2022,0.63,head
vegetable,lettuce,little_gem,8/5/2022,0.8,twin
vegetable,rocket,rocket,8/5/2022,5.53,kg
vegetable,mixed_babyleaf_salad,pillow_pack,8/5/2022,5.25,kg
vegetable,onion,bulb_brown,8/5/2022,0.43,kg
vegetable,onion,saladspring,8/5/2022,0.39,kg
vegetable,swede,swede,8/5/2022,0.25,kg
vegetable,turnip,turnip,8/5/2022,1.46,kg
vegetable,parsnips,all_varieties,8/5/2022,1.59,kg
vegetable,peas,shelling_all_varieties,8/5/2022,3.29,kg
vegetable,rhubarb,outdoor,8/5/2022,1.6,kg
vegetable,spinach_leaf,loose_bunches,8/5/2022,2.19,kg
vegetable,sweetcorn,sweetcorn,8/5/2022,0.43,head
vegetable,tomatoes,round,8/5/2022,1.08,kg
vegetable,tomatoes,vine,8/5/2022,1.01,kg
vegetable,tomatoes,cherry,8/5/2022,1,kg
vegetable,tomatoes,plum,8/5/2022,1.5,kg
cut_flowers,gladioli,all_varieties,8/5/2022,0.28,stem
fruit,apples,bramleys_seedling,7/29/2022,3.51,kg
fruit,apples,braeburn,7/29/2022,0.85,kg
fruit,apples,gala,7/29/2022,1,kg
fruit,apples,other_late_season,7/29/2022,0.82,kg
fruit,blackberries,blackberries,7/29/2022,6.93,kg
fruit,currants,black,7/29/2022,8.44,kg
fruit,currants,red,7/29/2022,7.06,kg
fruit,blueberries,blueberries,7/29/2022,6.96,kg
fruit,cherries,all,7/29/2022,9.85,kg
fruit,gooseberries,gooseberries,7/29/2022,7.54,kg
fruit,plums,all_other,7/29/2022,2.49,kg
fruit,raspberries,raspberries,7/29/2022,6.54,kg
fruit,strawberries,strawberries,7/29/2022,1.95,kg
vegetable,beans,broad,7/29/2022,1.74,kg
vegetable,beans,dwarf_french_or_kidney,7/29/2022,3.06,kg
vegetable,beans,runner_climbing,7/29/2022,3.37,kg
vegetable,beetroot,beetroot,7/29/2022,0.65,kg
vegetable,pak_choi,pak_choi,7/29/2022,2.98,kg
vegetable,curly_kale,curly_kale,7/29/2022,3.94,kg
vegetable,cabbage,red,7/29/2022,0.83,kg
vegetable,cabbage,savoy,7/29/2022,0.65,head
vegetable,spring_greens,prepacked,7/29/2022,1.37,kg
vegetable,cabbage,summer_autumn_pointed,7/29/2022,0.66,kg
vegetable,cabbage,white,7/29/2022,0.48,kg
vegetable,cabbage,round_green_other,7/29/2022,0.56,head
vegetable,calabrese,calabrese,7/29/2022,2.53,kg
vegetable,capsicum,green,7/29/2022,1.1,kg
vegetable,capsicum,red,7/29/2022,1.08,kg
vegetable,carrots,topped_washed,7/29/2022,0.56,kg
vegetable,cauliflower,all,7/29/2022,0.88,head
vegetable,celery,all_washed,7/29/2022,0.94,kg
vegetable,celeriac,celeriac,7/29/2022,0.68,kg
vegetable,chinese_leaf,chinese_leaf,7/29/2022,1.19,kg
vegetable,coriander,coriander,7/29/2022,2.03,kg
vegetable,courgettes,courgettes,7/29/2022,1.27,kg
vegetable,cucumbers,cucumbers,7/29/2022,1.29,kg
vegetable,leeks,trimmed,7/29/2022,1.41,kg
vegetable,lettuce,butterhead_indoor,7/29/2022,0.44,head
vegetable,lettuce,cos,7/29/2022,0.69,head
vegetable,lettuce,crisp_iceberg_type,7/29/2022,0.63,head
vegetable,lettuce,little_gem,7/29/2022,0.74,twin
vegetable,rocket,rocket,7/29/2022,5.48,kg
vegetable,mixed_babyleaf_salad,pillow_pack,7/29/2022,5.24,kg
vegetable,onion,bulb_brown,7/29/2022,0.41,kg
vegetable,onion,bulb_red,7/29/2022,0.87,kg
vegetable,onion,saladspring,7/29/2022,0.39,kg
vegetable,swede,swede,7/29/2022,0.25,kg
vegetable,turnip,turnip,7/29/2022,1.46,kg
vegetable,parsnips,all_varieties,7/29/2022,1.5,kg
vegetable,peas,shelling_all_varieties,7/29/2022,2.78,kg
vegetable,rhubarb,outdoor,7/29/2022,1.54,kg
vegetable,spinach_leaf,loose_bunches,7/29/2022,2.21,kg
vegetable,sweetcorn,sweetcorn,7/29/2022,0.43,head
vegetable,tomatoes,round,7/29/2022,1.18,kg
vegetable,tomatoes,vine,7/29/2022,1.38,kg
vegetable,tomatoes,cherry,7/29/2022,2.17,kg
vegetable,tomatoes,plum,7/29/2022,2,kg
cut_flowers,gladioli,all_varieties,7/29/2022,0.28,stem
fruit,apples,bramleys_seedling,7/22/2022,1.92,kg
fruit,apples,braeburn,7/22/2022,1,kg
fruit,apples,gala,7/22/2022,1,kg
fruit,apples,other_late_season,7/22/2022,0.96,kg
fruit,blackberries,blackberries,7/22/2022,6.9,kg
fruit,currants,black,7/22/2022,7.5,kg
fruit,currants,red,7/22/2022,7.25,kg
fruit,blueberries,blueberries,7/22/2022,7.82,kg
fruit,cherries,all,7/22/2022,4.16,kg
fruit,gooseberries,gooseberries,7/22/2022,7.46,kg
fruit,plums,all_other,7/22/2022,3.12,kg
fruit,raspberries,raspberries,7/22/2022,9.03,kg
fruit,strawberries,strawberries,7/22/2022,3.47,kg
vegetable,beans,broad,7/22/2022,1.75,kg
vegetable,beans,dwarf_french_or_kidney,7/22/2022,2.59,kg
vegetable,beans,runner_climbing,7/22/2022,3.61,kg
vegetable,beetroot,beetroot,7/22/2022,0.7,kg
vegetable,pak_choi,pak_choi,7/22/2022,2.81,kg
vegetable,curly_kale,curly_kale,7/22/2022,3.9,kg
vegetable,cabbage,red,7/22/2022,0.85,kg
vegetable,cabbage,savoy,7/22/2022,0.68,head
vegetable,spring_greens,prepacked,7/22/2022,1.38,kg
vegetable,cabbage,summer_autumn_pointed,7/22/2022,0.67,kg
vegetable,cabbage,white,7/22/2022,0.46,kg
vegetable,cabbage,round_green_other,7/22/2022,0.55,head
vegetable,calabrese,calabrese,7/22/2022,2.26,kg
vegetable,capsicum,green,7/22/2022,0.85,kg
vegetable,capsicum,red,7/22/2022,0.94,kg
vegetable,carrots,topped_washed,7/22/2022,0.55,kg
vegetable,cauliflower,all,7/22/2022,0.66,head
vegetable,celery,all_washed,7/22/2022,0.93,kg
vegetable,celeriac,celeriac,7/22/2022,0.67,kg
vegetable,chinese_leaf,chinese_leaf,7/22/2022,1.08,kg
vegetable,coriander,coriander,7/22/2022,1.73,kg
vegetable,courgettes,courgettes,7/22/2022,1.23,kg
vegetable,cucumbers,cucumbers,7/22/2022,1.24,kg
vegetable,leeks,trimmed,7/22/2022,1.49,kg
vegetable,lettuce,butterhead_indoor,7/22/2022,0.43,head
vegetable,lettuce,cos,7/22/2022,0.69,head
vegetable,lettuce,crisp_iceberg_type,7/22/2022,0.58,head
vegetable,lettuce,little_gem,7/22/2022,0.7,twin
vegetable,rocket,rocket,7/22/2022,5.13,kg
vegetable,mixed_babyleaf_salad,pillow_pack,7/22/2022,5.29,kg
vegetable,onion,bulb_brown,7/22/2022,0.36,kg
vegetable,onion,bulb_red,7/22/2022,0.93,kg
vegetable,onion,saladspring,7/22/2022,0.38,kg
vegetable,swede,swede,7/22/2022,0.25,kg
vegetable,turnip,turnip,7/22/2022,1.29,kg
vegetable,parsnips,all_varieties,7/22/2022,1.54,kg
vegetable,peas,shelling_all_varieties,7/22/2022,2.41,kg
vegetable,rhubarb,outdoor,7/22/2022,1.4,kg
vegetable,spinach_leaf,loose_bunches,7/22/2022,1.87,kg
vegetable,tomatoes,round,7/22/2022,1.24,kg
vegetable,tomatoes,vine,7/22/2022,1.06,kg
vegetable,tomatoes,cherry,7/22/2022,1.05,kg
vegetable,tomatoes,plum,7/22/2022,2,kg
cut_flowers,gladioli,all_varieties,7/22/2022,0.28,stem
fruit,apples,bramleys_seedling,7/15/2022,1.88,kg
fruit,apples,braeburn,7/15/2022,1.12,kg
fruit,apples,gala,7/15/2022,0.94,kg
fruit,apples,other_late_season,7/15/2022,0.93,kg
fruit,blackberries,blackberries,7/15/2022,4.14,kg
fruit,blueberries,blueberries,7/15/2022,6.58,kg
fruit,cherries,all,7/15/2022,5.13,kg
fruit,gooseberries,gooseberries,7/15/2022,6.65,kg
fruit,plums,all_other,7/15/2022,2.33,kg
fruit,raspberries,raspberries,7/15/2022,7.48,kg
fruit,strawberries,strawberries,7/15/2022,4.39,kg
vegetable,beans,broad,7/15/2022,1.73,kg
vegetable,beans,dwarf_french_or_kidney,7/15/2022,2.59,kg
vegetable,beans,runner_climbing,7/15/2022,5,kg
vegetable,beetroot,beetroot,7/15/2022,0.61,kg
vegetable,pak_choi,pak_choi,7/15/2022,2.81,kg
vegetable,curly_kale,curly_kale,7/15/2022,3.95,kg
vegetable,cabbage,red,7/15/2022,0.84,kg
vegetable,cabbage,savoy,7/15/2022,0.68,head
vegetable,spring_greens,prepacked,7/15/2022,1.29,kg
vegetable,cabbage,summer_autumn_pointed,7/15/2022,0.63,kg
vegetable,cabbage,white,7/15/2022,0.47,kg
vegetable,cabbage,round_green_other,7/15/2022,0.51,head
vegetable,calabrese,calabrese,7/15/2022,2.28,kg
vegetable,capsicum,green,7/15/2022,0.93,kg
vegetable,capsicum,red,7/15/2022,1.05,kg
vegetable,capsicum,elongated,7/15/2022,2,kg
vegetable,capsicum,yelloworange,7/15/2022,0.95,kg
vegetable,carrots,topped_washed,7/15/2022,0.54,kg
vegetable,cauliflower,all,7/15/2022,0.73,head
vegetable,celery,all_washed,7/15/2022,0.93,kg
vegetable,celeriac,celeriac,7/15/2022,0.65,kg
vegetable,chinese_leaf,chinese_leaf,7/15/2022,1.1,kg
vegetable,coriander,coriander,7/15/2022,1.66,kg
vegetable,courgettes,courgettes,7/15/2022,1.32,kg
vegetable,cucumbers,cucumbers,7/15/2022,1.2,kg
vegetable,leeks,trimmed,7/15/2022,1.55,kg
vegetable,lettuce,butterhead_indoor,7/15/2022,0.43,head
vegetable,lettuce,cos,7/15/2022,0.69,head
vegetable,lettuce,crisp_iceberg_type,7/15/2022,0.55,head
vegetable,lettuce,little_gem,7/15/2022,0.72,twin
vegetable,rocket,rocket,7/15/2022,5.17,kg
vegetable,mixed_babyleaf_salad,pillow_pack,7/15/2022,5.2,kg
vegetable,onion,bulb_brown,7/15/2022,0.46,kg
vegetable,onion,saladspring,7/15/2022,0.39,kg
vegetable,swede,swede,7/15/2022,0.24,kg
vegetable,turnip,turnip,7/15/2022,1.31,kg
vegetable,parsnips,all_varieties,7/15/2022,1.57,kg
vegetable,peas,shelling_all_varieties,7/15/2022,2.6,kg
vegetable,rhubarb,outdoor,7/15/2022,1.38,kg
vegetable,spinach_leaf,loose_bunches,7/15/2022,1.72,kg
vegetable,tomatoes,round,7/15/2022,0.86,kg
vegetable,tomatoes,vine,7/15/2022,0.86,kg
vegetable,tomatoes,cherry,7/15/2022,2.67,kg
cut_flowers,gladioli,all_varieties,7/15/2022,0.28,stem
fruit,apples,bramleys_seedling,7/8/2022,1.84,kg
fruit,apples,braeburn,7/8/2022,1.05,kg
fruit,apples,gala,7/8/2022,1,kg
fruit,apples,other_late_season,7/8/2022,1.02,kg
fruit,blackberries,blackberries,7/8/2022,4.33,kg
fruit,blueberries,blueberries,7/8/2022,6.73,kg
fruit,cherries,all,7/8/2022,4.19,kg
fruit,gooseberries,gooseberries,7/8/2022,6.78,kg
fruit,raspberries,raspberries,7/8/2022,6,kg
fruit,strawberries,strawberries,7/8/2022,4.57,kg
vegetable,asparagus,asparagus,7/8/2022,8.5,kg
vegetable,beans,broad,7/8/2022,1.75,kg
vegetable,beans,dwarf_french_or_kidney,7/8/2022,2.81,kg
vegetable,beans,runner_climbing,7/8/2022,6.61,kg
vegetable,beetroot,beetroot,7/8/2022,0.63,kg
vegetable,pak_choi,pak_choi,7/8/2022,2.91,kg
vegetable,curly_kale,curly_kale,7/8/2022,4.11,kg
vegetable,cabbage,red,7/8/2022,0.88,kg
vegetable,cabbage,savoy,7/8/2022,0.65,head
vegetable,spring_greens,prepacked,7/8/2022,1.29,kg
vegetable,cabbage,summer_autumn_pointed,7/8/2022,0.62,kg
vegetable,cabbage,white,7/8/2022,0.45,kg
vegetable,cabbage,round_green_other,7/8/2022,0.51,head
vegetable,calabrese,calabrese,7/8/2022,2.31,kg
vegetable,capsicum,green,7/8/2022,1.3,kg
vegetable,capsicum,red,7/8/2022,1.7,kg
vegetable,capsicum,yelloworange,7/8/2022,1.5,kg
vegetable,carrots,topped_washed,7/8/2022,0.56,kg
vegetable,cauliflower,all,7/8/2022,1.02,head
vegetable,celery,all_washed,7/8/2022,0.93,kg
vegetable,celeriac,celeriac,7/8/2022,0.7,kg
vegetable,chinese_leaf,chinese_leaf,7/8/2022,1.1,kg
vegetable,coriander,coriander,7/8/2022,2.22,kg
vegetable,courgettes,courgettes,7/8/2022,1.36,kg
vegetable,cucumbers,cucumbers,7/8/2022,1.11,kg
vegetable,leeks,trimmed,7/8/2022,1.59,kg
vegetable,lettuce,butterhead_indoor,7/8/2022,0.43,head
vegetable,lettuce,cos,7/8/2022,0.69,head
vegetable,lettuce,crisp_iceberg_type,7/8/2022,0.48,head
vegetable,lettuce,little_gem,7/8/2022,0.71,twin
vegetable,rocket,rocket,7/8/2022,5.1,kg
vegetable,mixed_babyleaf_salad,pillow_pack,7/8/2022,5.2,kg
vegetable,onion,bulb_brown,7/8/2022,0.52,kg
vegetable,onion,bulb_red,7/8/2022,0.75,kg
vegetable,onion,saladspring,7/8/2022,0.39,kg
vegetable,swede,swede,7/8/2022,0.25,kg
vegetable,turnip,turnip,7/8/2022,1.28,kg
vegetable,peas,shelling_all_varieties,7/8/2022,2.83,kg
vegetable,rhubarb,outdoor,7/8/2022,1.32,kg
vegetable,spinach_leaf,loose_bunches,7/8/2022,1.52,kg
vegetable,tomatoes,round,7/8/2022,0.9,kg
vegetable,tomatoes,vine,7/8/2022,0.91,kg
vegetable,tomatoes,cherry,7/8/2022,2.8,kg
cut_flowers,gladioli,all_varieties,7/8/2022,0.28,stem
fruit,apples,bramleys_seedling,7/1/2022,1.86,kg
fruit,apples,braeburn,7/1/2022,1.06,kg
fruit,apples,gala,7/1/2022,1.04,kg
fruit,apples,other_late_season,7/1/2022,0.99,kg
fruit,blackberries,blackberries,7/1/2022,2.38,kg
fruit,blueberries,blueberries,7/1/2022,9.77,kg
fruit,cherries,all,7/1/2022,4.5,kg
fruit,gooseberries,gooseberries,7/1/2022,7.3,kg
fruit,raspberries,raspberries,7/1/2022,6.46,kg
fruit,strawberries,strawberries,7/1/2022,3.96,kg
vegetable,asparagus,asparagus,7/1/2022,8.35,kg
vegetable,beans,broad,7/1/2022,1.72,kg
vegetable,beans,runner_climbing,7/1/2022,6.24,kg
vegetable,beetroot,beetroot,7/1/2022,0.56,kg
vegetable,pak_choi,pak_choi,7/1/2022,2.78,kg
vegetable,curly_kale,curly_kale,7/1/2022,3.96,kg
vegetable,cabbage,red,7/1/2022,0.93,kg
vegetable,cabbage,savoy,7/1/2022,0.69,head
vegetable,spring_greens,prepacked,7/1/2022,1.29,kg
vegetable,cabbage,summer_autumn_pointed,7/1/2022,0.62,kg
vegetable,cabbage,white,7/1/2022,0.45,kg
vegetable,cabbage,round_green_other,7/1/2022,0.52,head
vegetable,calabrese,calabrese,7/1/2022,2.14,kg
vegetable,capsicum,green,7/1/2022,1.43,kg
vegetable,capsicum,red,7/1/2022,1.53,kg
vegetable,capsicum,elongated,7/1/2022,1.8,kg
vegetable,capsicum,yelloworange,7/1/2022,1.5,kg
vegetable,carrots,topped_washed,7/1/2022,0.49,kg
vegetable,cauliflower,all,7/1/2022,1.01,head
vegetable,celery,all_washed,7/1/2022,0.97,kg
vegetable,celeriac,celeriac,7/1/2022,0.67,kg
vegetable,chinese_leaf,chinese_leaf,7/1/2022,1.1,kg
vegetable,coriander,coriander,7/1/2022,2.07,kg
vegetable,courgettes,courgettes,7/1/2022,1.44,kg
vegetable,cucumbers,cucumbers,7/1/2022,1.01,kg
vegetable,leeks,trimmed,7/1/2022,1.61,kg
vegetable,lettuce,butterhead_indoor,7/1/2022,0.44,head
vegetable,lettuce,cos,7/1/2022,0.7,head
vegetable,lettuce,crisp_iceberg_type,7/1/2022,0.53,head
vegetable,lettuce,little_gem,7/1/2022,0.71,twin
vegetable,rocket,rocket,7/1/2022,5.26,kg
vegetable,mixed_babyleaf_salad,pillow_pack,7/1/2022,5.2,kg
vegetable,onion,bulb_brown,7/1/2022,0.47,kg
vegetable,onion,bulb_red,7/1/2022,0.7,kg
vegetable,onion,saladspring,7/1/2022,0.37,kg
vegetable,swede,swede,7/1/2022,0.26,kg
vegetable,turnip,turnip,7/1/2022,1.17,kg
vegetable,parsnips,all_varieties,7/1/2022,1.36,kg
vegetable,peas,shelling_all_varieties,7/1/2022,2.53,kg
vegetable,rhubarb,outdoor,7/1/2022,1.66,kg
vegetable,spinach_leaf,loose_bunches,7/1/2022,1.74,kg
vegetable,tomatoes,round,7/1/2022,1.07,kg
vegetable,tomatoes,vine,7/1/2022,1.28,kg
vegetable,tomatoes,cherry,7/1/2022,2.67,kg
fruit,apples,bramleys_seedling,6/24/2022,1.88,kg
fruit,apples,braeburn,6/24/2022,1.04,kg
fruit,apples,gala,6/24/2022,1.09,kg
fruit,apples,other_late_season,6/24/2022,0.97,kg
fruit,blackberries,blackberries,6/24/2022,2.38,kg
fruit,blueberries,blueberries,6/24/2022,10.34,kg
fruit,cherries,all,6/24/2022,5.03,kg
fruit,gooseberries,gooseberries,6/24/2022,6.63,kg
fruit,raspberries,raspberries,6/24/2022,7.52,kg
fruit,strawberries,strawberries,6/24/2022,3.11,kg
vegetable,asparagus,asparagus,6/24/2022,8.64,kg
vegetable,beans,broad,6/24/2022,1.65,kg
vegetable,beans,runner_climbing,6/24/2022,7.47,kg
vegetable,beetroot,beetroot,6/24/2022,0.53,kg
vegetable,pak_choi,pak_choi,6/24/2022,2.7,kg
vegetable,curly_kale,curly_kale,6/24/2022,3.9,kg
vegetable,cabbage,red,6/24/2022,0.93,kg
vegetable,cabbage,savoy,6/24/2022,0.69,head
vegetable,spring_greens,prepacked,6/24/2022,1.45,kg
vegetable,cabbage,summer_autumn_pointed,6/24/2022,0.65,kg
vegetable,cabbage,white,6/24/2022,0.46,kg
vegetable,cabbage,round_green_other,6/24/2022,0.51,head
vegetable,calabrese,calabrese,6/24/2022,2.35,kg
vegetable,capsicum,green,6/24/2022,1.43,kg
vegetable,capsicum,red,6/24/2022,1.82,kg
vegetable,capsicum,yelloworange,6/24/2022,1.64,kg
vegetable,carrots,topped_washed,6/24/2022,0.54,kg
vegetable,cauliflower,all,6/24/2022,0.95,head
vegetable,celery,all_washed,6/24/2022,1.03,kg
vegetable,celeriac,celeriac,6/24/2022,0.64,kg
vegetable,chinese_leaf,chinese_leaf,6/24/2022,1.22,kg
vegetable,coriander,coriander,6/24/2022,2.06,kg
vegetable,courgettes,courgettes,6/24/2022,1.56,kg
vegetable,cucumbers,cucumbers,6/24/2022,1.04,kg
vegetable,leeks,trimmed,6/24/2022,1.59,kg
vegetable,lettuce,butterhead_indoor,6/24/2022,0.43,head
vegetable,lettuce,cos,6/24/2022,0.72,head
vegetable,lettuce,crisp_iceberg_type,6/24/2022,0.55,head
vegetable,lettuce,little_gem,6/24/2022,0.71,twin
vegetable,rocket,rocket,6/24/2022,5.42,kg
vegetable,mixed_babyleaf_salad,pillow_pack,6/24/2022,5.13,kg
vegetable,onion,bulb_brown,6/24/2022,0.47,kg
vegetable,onion,bulb_red,6/24/2022,0.74,kg
vegetable,onion,saladspring,6/24/2022,0.37,kg
vegetable,swede,swede,6/24/2022,0.25,kg
vegetable,turnip,turnip,6/24/2022,1.12,kg
vegetable,peas,shelling_all_varieties,6/24/2022,2.25,kg
vegetable,rhubarb,outdoor,6/24/2022,1.64,kg
vegetable,spinach_leaf,loose_bunches,6/24/2022,1.7,kg
vegetable,tomatoes,round,6/24/2022,1.11,kg
vegetable,tomatoes,vine,6/24/2022,1.15,kg
vegetable,tomatoes,cherry,6/24/2022,2.67,kg
fruit,apples,bramleys_seedling,6/17/2022,2.11,kg
fruit,apples,coxs_orange_group,6/17/2022,0.8,kg
fruit,apples,braeburn,6/17/2022,0.7,kg
fruit,apples,gala,6/17/2022,1.14,kg
fruit,apples,other_late_season,6/17/2022,0.96,kg
fruit,blackberries,blackberries,6/17/2022,2.38,kg
fruit,blueberries,blueberries,6/17/2022,10,kg
fruit,cherries,all,6/17/2022,4.52,kg
fruit,gooseberries,gooseberries,6/17/2022,6.65,kg
fruit,raspberries,raspberries,6/17/2022,10.18,kg
fruit,strawberries,strawberries,6/17/2022,3.03,kg
vegetable,asparagus,asparagus,6/17/2022,7.92,kg
vegetable,beans,broad,6/17/2022,1.87,kg
vegetable,beetroot,beetroot,6/17/2022,0.51,kg
vegetable,pak_choi,pak_choi,6/17/2022,2.85,kg
vegetable,curly_kale,curly_kale,6/17/2022,3.9,kg
vegetable,cabbage,red,6/17/2022,0.91,kg
vegetable,cabbage,savoy,6/17/2022,0.63,head
vegetable,spring_greens,prepacked,6/17/2022,1.4,kg
vegetable,cabbage,summer_autumn_pointed,6/17/2022,0.74,kg
vegetable,cabbage,white,6/17/2022,0.46,kg
vegetable,cabbage,round_green_other,6/17/2022,0.57,head
vegetable,calabrese,calabrese,6/17/2022,2.37,kg
vegetable,capsicum,green,6/17/2022,1.59,kg
vegetable,capsicum,red,6/17/2022,1.59,kg
vegetable,capsicum,yelloworange,6/17/2022,1.99,kg
vegetable,carrots,topped_washed,6/17/2022,0.55,kg
vegetable,cauliflower,all,6/17/2022,0.86,head
vegetable,celery,all_washed,6/17/2022,1.01,kg
vegetable,celeriac,celeriac,6/17/2022,0.67,kg
vegetable,chinese_leaf,chinese_leaf,6/17/2022,1.14,kg
vegetable,coriander,coriander,6/17/2022,2.33,kg
vegetable,courgettes,courgettes,6/17/2022,1.41,kg
vegetable,cucumbers,cucumbers,6/17/2022,0.94,kg
vegetable,lettuce,butterhead_indoor,6/17/2022,0.43,head
vegetable,lettuce,cos,6/17/2022,0.7,head
vegetable,lettuce,crisp_iceberg_type,6/17/2022,0.52,head
vegetable,lettuce,little_gem,6/17/2022,0.75,twin
vegetable,rocket,rocket,6/17/2022,5.35,kg
vegetable,mixed_babyleaf_salad,pillow_pack,6/17/2022,5.1,kg
vegetable,onion,bulb_brown,6/17/2022,0.48,kg
vegetable,onion,bulb_red,6/17/2022,0.76,kg
vegetable,onion,saladspring,6/17/2022,0.38,kg
vegetable,swede,swede,6/17/2022,0.24,kg
vegetable,turnip,turnip,6/17/2022,1.21,kg
vegetable,parsnips,all_varieties,6/17/2022,0.95,kg
vegetable,peas,shelling_all_varieties,6/17/2022,2.39,kg
vegetable,rhubarb,outdoor,6/17/2022,1.66,kg
vegetable,spinach_leaf,loose_bunches,6/17/2022,1.6,kg
vegetable,tomatoes,round,6/17/2022,0.96,kg
vegetable,tomatoes,vine,6/17/2022,1.12,kg
vegetable,tomatoes,cherry,6/17/2022,2.69,kg
fruit,apples,bramleys_seedling,6/10/2022,2.04,kg
fruit,apples,coxs_orange_group,6/10/2022,0.9,kg
fruit,apples,braeburn,6/10/2022,0.98,kg
fruit,apples,gala,6/10/2022,1.05,kg
fruit,apples,other_late_season,6/10/2022,1.02,kg
fruit,blackberries,blackberries,6/10/2022,2.05,kg
fruit,gooseberries,gooseberries,6/10/2022,18.17,kg
fruit,pears,conference,6/10/2022,0.55,kg
fruit,raspberries,raspberries,6/10/2022,8.14,kg
fruit,strawberries,strawberries,6/10/2022,3.59,kg
vegetable,asparagus,asparagus,6/10/2022,10.21,kg
vegetable,beans,broad,6/10/2022,1.96,kg
vegetable,beetroot,beetroot,6/10/2022,0.54,kg
vegetable,pak_choi,pak_choi,6/10/2022,3.13,kg
vegetable,curly_kale,curly_kale,6/10/2022,4.04,kg
vegetable,cabbage,red,6/10/2022,0.9,kg
vegetable,cabbage,savoy,6/10/2022,0.64,head
vegetable,spring_greens,prepacked,6/10/2022,1.22,kg
vegetable,cabbage,summer_autumn_pointed,6/10/2022,0.79,kg
vegetable,cabbage,white,6/10/2022,0.45,kg
vegetable,cabbage,round_green_other,6/10/2022,0.63,head
vegetable,calabrese,calabrese,6/10/2022,3.05,kg
vegetable,capsicum,green,6/10/2022,0.78,kg
vegetable,capsicum,red,6/10/2022,1.02,kg
vegetable,capsicum,yelloworange,6/10/2022,1.8,kg
vegetable,carrots,topped_washed,6/10/2022,0.54,kg
vegetable,cauliflower,all,6/10/2022,1.43,head
vegetable,celeriac,celeriac,6/10/2022,0.68,kg
vegetable,chinese_leaf,chinese_leaf,6/10/2022,1.19,kg
vegetable,coriander,coriander,6/10/2022,2.38,kg
vegetable,cucumbers,cucumbers,6/10/2022,0.93,kg
vegetable,lettuce,butterhead_indoor,6/10/2022,0.43,head
vegetable,lettuce,cos,6/10/2022,0.78,head
vegetable,lettuce,crisp_iceberg_type,6/10/2022,0.53,head
vegetable,lettuce,little_gem,6/10/2022,0.71,twin
vegetable,rocket,rocket,6/10/2022,5.54,kg
vegetable,mixed_babyleaf_salad,pillow_pack,6/10/2022,5.32,kg
vegetable,onion,bulb_brown,6/10/2022,0.58,kg
vegetable,onion,bulb_red,6/10/2022,0.99,kg
vegetable,onion,saladspring,6/10/2022,0.4,kg
vegetable,turnip,turnip,6/10/2022,2.2,kg
vegetable,parsnips,all_varieties,6/10/2022,0.97,kg
vegetable,peas,shelling_all_varieties,6/10/2022,2.51,kg
vegetable,rhubarb,forced,6/10/2022,5.21,kg
vegetable,rhubarb,outdoor,6/10/2022,1.72,kg
vegetable,spinach_leaf,loose_bunches,6/10/2022,1.74,kg
vegetable,tomatoes,round,6/10/2022,1.17,kg
vegetable,tomatoes,vine,6/10/2022,1.15,kg
vegetable,tomatoes,cherry,6/10/2022,0.8,kg
fruit,apples,bramleys_seedling,5/27/2022,2.02,kg
fruit,apples,braeburn,5/27/2022,1.05,kg
fruit,apples,gala,5/27/2022,1.07,kg
fruit,apples,other_late_season,5/27/2022,0.93,kg
fruit,pears,conference,5/27/2022,0.66,kg
fruit,pears,doyenne_du_comice,5/27/2022,1.29,kg
fruit,raspberries,raspberries,5/27/2022,11.48,kg
fruit,strawberries,strawberries,5/27/2022,1.47,kg
vegetable,asparagus,asparagus,5/27/2022,7.67,kg
vegetable,beans,broad,5/27/2022,2.24,kg
vegetable,beetroot,beetroot,5/27/2022,0.63,kg
vegetable,pak_choi,pak_choi,5/27/2022,3.07,kg
vegetable,curly_kale,curly_kale,5/27/2022,4.08,kg
vegetable,cabbage,red,5/27/2022,0.87,kg
vegetable,cabbage,savoy,5/27/2022,0.72,head
vegetable,spring_greens,prepacked,5/27/2022,1.2,kg
vegetable,cabbage,summer_autumn_pointed,5/27/2022,0.72,kg
vegetable,cabbage,white,5/27/2022,0.43,kg
vegetable,cabbage,round_green_other,5/27/2022,0.64,head
vegetable,calabrese,calabrese,5/27/2022,1.63,kg
vegetable,capsicum,red,5/27/2022,2,kg
vegetable,carrots,topped_washed,5/27/2022,0.45,kg
vegetable,cauliflower,all,5/27/2022,0.57,head
vegetable,celeriac,celeriac,5/27/2022,0.69,kg
vegetable,chinese_leaf,chinese_leaf,5/27/2022,1.33,kg
vegetable,coriander,coriander,5/27/2022,2.09,kg
vegetable,cucumbers,cucumbers,5/27/2022,0.96,kg
vegetable,lettuce,butterhead_indoor,5/27/2022,0.47,head
vegetable,lettuce,cos,5/27/2022,0.79,head
vegetable,lettuce,crisp_iceberg_type,5/27/2022,0.5,head
vegetable,lettuce,little_gem,5/27/2022,0.75,twin
vegetable,rocket,rocket,5/27/2022,5.18,kg
vegetable,mixed_babyleaf_salad,pillow_pack,5/27/2022,5.45,kg
vegetable,onion,bulb_brown,5/27/2022,0.49,kg
vegetable,onion,bulb_red,5/27/2022,0.72,kg
vegetable,onion,saladspring,5/27/2022,0.43,kg
vegetable,swede,swede,5/27/2022,0.25,kg
vegetable,turnip,turnip,5/27/2022,2.2,kg
vegetable,parsnips,all_varieties,5/27/2022,1.01,kg
vegetable,peas,shelling_all_varieties,5/27/2022,4,kg
vegetable,rhubarb,forced,5/27/2022,5.17,kg
vegetable,rhubarb,outdoor,5/27/2022,1.8,kg
vegetable,spinach_leaf,loose_bunches,5/27/2022,1.35,kg
vegetable,tomatoes,round,5/27/2022,0.89,kg
vegetable,tomatoes,vine,5/27/2022,1.32,kg
vegetable,tomatoes,cherry,5/27/2022,1.39,kg
fruit,apples,bramleys_seedling,5/20/2022,2.08,kg
fruit,apples,egremont_russet,5/20/2022,1.25,kg
fruit,apples,braeburn,5/20/2022,1.07,kg
fruit,apples,gala,5/20/2022,1.09,kg
fruit,apples,other_late_season,5/20/2022,0.93,kg
fruit,blackberries,blackberries,5/20/2022,3.96,kg
fruit,pears,conference,5/20/2022,0.55,kg
fruit,pears,doyenne_du_comice,5/20/2022,1.29,kg
fruit,raspberries,raspberries,5/20/2022,11.31,kg
fruit,strawberries,strawberries,5/20/2022,2.81,kg
vegetable,asparagus,asparagus,5/20/2022,7.09,kg
vegetable,beetroot,beetroot,5/20/2022,0.52,kg
vegetable,pak_choi,pak_choi,5/20/2022,3.06,kg
vegetable,curly_kale,curly_kale,5/20/2022,3.94,kg
vegetable,cabbage,red,5/20/2022,0.84,kg
vegetable,spring_greens,prepacked,5/20/2022,1.22,kg
vegetable,cabbage,summer_autumn_pointed,5/20/2022,0.65,kg
vegetable,cabbage,white,5/20/2022,0.44,kg
vegetable,cabbage,round_green_other,5/20/2022,0.61,head
vegetable,calabrese,calabrese,5/20/2022,2.06,kg
vegetable,capsicum,red,5/20/2022,1.74,kg
vegetable,capsicum,elongated,5/20/2022,1.6,kg
vegetable,capsicum,yelloworange,5/20/2022,2.1,kg
vegetable,carrots,topped_washed,5/20/2022,0.44,kg
vegetable,cauliflower,all,5/20/2022,0.6,head
vegetable,celeriac,celeriac,5/20/2022,0.69,kg
vegetable,chinese_leaf,chinese_leaf,5/20/2022,1.62,kg
vegetable,coriander,coriander,5/20/2022,2.29,kg
vegetable,cucumbers,cucumbers,5/20/2022,0.94,kg
vegetable,leeks,trimmed,5/20/2022,1.16,kg
vegetable,lettuce,butterhead_indoor,5/20/2022,0.5,head
vegetable,lettuce,cos,5/20/2022,0.81,head
vegetable,lettuce,crisp_iceberg_type,5/20/2022,0.55,head
vegetable,lettuce,little_gem,5/20/2022,0.72,twin
vegetable,rocket,rocket,5/20/2022,5.39,kg
vegetable,mixed_babyleaf_salad,pillow_pack,5/20/2022,5.48,kg
vegetable,onion,bulb_brown,5/20/2022,0.42,kg
vegetable,onion,bulb_red,5/20/2022,0.75,kg
vegetable,onion,saladspring,5/20/2022,0.43,kg
vegetable,swede,swede,5/20/2022,0.25,kg
vegetable,parsnips,all_varieties,5/20/2022,0.98,kg
vegetable,rhubarb,forced,5/20/2022,5,kg
vegetable,rhubarb,outdoor,5/20/2022,1.71,kg
vegetable,spinach_leaf,loose_bunches,5/20/2022,1.55,kg
vegetable,tomatoes,round,5/20/2022,0.94,kg
vegetable,tomatoes,vine,5/20/2022,1.41,kg
fruit,apples,bramleys_seedling,5/13/2022,2.07,kg
fruit,apples,egremont_russet,5/13/2022,0.7,kg
fruit,apples,braeburn,5/13/2022,0.98,kg
fruit,apples,gala,5/13/2022,1.09,kg
fruit,apples,other_late_season,5/13/2022,0.98,kg
fruit,pears,conference,5/13/2022,0.66,kg
fruit,strawberries,strawberries,5/13/2022,3.78,kg
vegetable,asparagus,asparagus,5/13/2022,7.81,kg
vegetable,beetroot,beetroot,5/13/2022,0.54,kg
vegetable,pak_choi,pak_choi,5/13/2022,3.2,kg
vegetable,curly_kale,curly_kale,5/13/2022,3.95,kg
vegetable,cabbage,red,5/13/2022,0.84,kg
vegetable,spring_greens,prepacked,5/13/2022,1.23,kg
vegetable,cabbage,summer_autumn_pointed,5/13/2022,0.62,kg
vegetable,cabbage,white,5/13/2022,0.46,kg
vegetable,cabbage,round_green_other,5/13/2022,0.49,head
vegetable,capsicum,elongated,5/13/2022,1.6,kg
vegetable,carrots,topped_washed,5/13/2022,0.43,kg
vegetable,cauliflower,all,5/13/2022,0.59,head
vegetable,celeriac,celeriac,5/13/2022,0.69,kg
vegetable,cucumbers,cucumbers,5/13/2022,0.94,kg
vegetable,leeks,trimmed,5/13/2022,1.06,kg
vegetable,lettuce,butterhead_indoor,5/13/2022,0.58,head
vegetable,lettuce,cos,5/13/2022,0.92,head
vegetable,lettuce,crisp_iceberg_type,5/13/2022,0.63,head
vegetable,lettuce,little_gem,5/13/2022,0.82,twin
vegetable,rocket,rocket,5/13/2022,4.83,kg
vegetable,onion,bulb_brown,5/13/2022,0.41,kg
vegetable,onion,bulb_red,5/13/2022,0.59,kg
vegetable,onion,saladspring,5/13/2022,0.44,kg
vegetable,swede,swede,5/13/2022,0.24,kg
vegetable,parsnips,all_varieties,5/13/2022,0.99,kg
vegetable,rhubarb,forced,5/13/2022,5.16,kg
vegetable,rhubarb,outdoor,5/13/2022,1.84,kg
vegetable,spinach_leaf,loose_bunches,5/13/2022,1.86,kg
vegetable,tomatoes,round,5/13/2022,0.86,kg
vegetable,tomatoes,vine,5/13/2022,1.58,kg
vegetable,tomatoes,cherry,5/13/2022,3.2,kg
fruit,apples,bramleys_seedling,5/6/2022,1.98,kg
fruit,apples,egremont_russet,5/6/2022,0.89,kg
fruit,apples,braeburn,5/6/2022,1.04,kg
fruit,apples,gala,5/6/2022,1.03,kg
fruit,apples,other_late_season,5/6/2022,0.96,kg
fruit,pears,conference,5/6/2022,0.66,kg
fruit,strawberries,strawberries,5/6/2022,4.12,kg
vegetable,asparagus,asparagus,5/6/2022,8.99,kg
vegetable,beetroot,beetroot,5/6/2022,0.54,kg
vegetable,pak_choi,pak_choi,5/6/2022,3.24,kg
vegetable,curly_kale,curly_kale,5/6/2022,3.98,kg
vegetable,cabbage,red,5/6/2022,0.84,kg
vegetable,spring_greens,prepacked,5/6/2022,1.2,kg
vegetable,cabbage,summer_autumn_pointed,5/6/2022,0.66,kg
vegetable,cabbage,white,5/6/2022,0.46,kg
vegetable,cabbage,round_green_other,5/6/2022,0.45,head
vegetable,capsicum,green,5/6/2022,2,kg
vegetable,capsicum,red,5/6/2022,1.8,kg
vegetable,capsicum,elongated,5/6/2022,1.6,kg
vegetable,capsicum,yelloworange,5/6/2022,1.8,kg
vegetable,carrots,topped_washed,5/6/2022,0.48,kg
vegetable,cauliflower,all,5/6/2022,0.61,head
vegetable,celeriac,celeriac,5/6/2022,0.72,kg
vegetable,cucumbers,cucumbers,5/6/2022,0.92,kg
vegetable,leeks,trimmed,5/6/2022,1.09,kg
vegetable,lettuce,butterhead_indoor,5/6/2022,0.57,head
vegetable,lettuce,cos,5/6/2022,1.07,head
vegetable,lettuce,crisp_iceberg_type,5/6/2022,0.6,head
vegetable,lettuce,little_gem,5/6/2022,0.87,twin
vegetable,rocket,rocket,5/6/2022,5.26,kg
vegetable,onion,bulb_brown,5/6/2022,0.4,kg
vegetable,onion,bulb_red,5/6/2022,0.56,kg
vegetable,onion,saladspring,5/6/2022,0.49,kg
vegetable,swede,swede,5/6/2022,0.24,kg
vegetable,parsnips,all_varieties,5/6/2022,1,kg
vegetable,rhubarb,forced,5/6/2022,4.8,kg
vegetable,rhubarb,outdoor,5/6/2022,1.87,kg
vegetable,spinach_leaf,loose_bunches,5/6/2022,1.76,kg
vegetable,tomatoes,round,5/6/2022,0.76,kg
vegetable,tomatoes,vine,5/6/2022,1.65,kg
fruit,apples,bramleys_seedling,4/29/2022,1.88,kg
fruit,apples,egremont_russet,4/29/2022,0.92,kg
fruit,apples,braeburn,4/29/2022,1.03,kg
fruit,apples,gala,4/29/2022,1.03,kg
fruit,apples,other_late_season,4/29/2022,0.98,kg
fruit,pears,conference,4/29/2022,0.88,kg
fruit,strawberries,strawberries,4/29/2022,4.64,kg
vegetable,asparagus,asparagus,4/29/2022,9.57,kg
vegetable,beetroot,beetroot,4/29/2022,0.55,kg
vegetable,brussels_sprouts,brussels_sprouts,4/29/2022,0.58,kg
vegetable,pak_choi,pak_choi,4/29/2022,3.37,kg
vegetable,curly_kale,curly_kale,4/29/2022,4.02,kg
vegetable,cabbage,red,4/29/2022,0.79,kg
vegetable,cabbage,savoy,4/29/2022,0.57,head
vegetable,spring_greens,prepacked,4/29/2022,1.23,kg
vegetable,cabbage,summer_autumn_pointed,4/29/2022,0.69,kg
vegetable,cabbage,white,4/29/2022,0.46,kg
vegetable,cabbage,round_green_other,4/29/2022,0.45,head
vegetable,capsicum,green,4/29/2022,2,kg
vegetable,capsicum,red,4/29/2022,1.8,kg
vegetable,capsicum,yelloworange,4/29/2022,1.8,kg
vegetable,carrots,topped_washed,4/29/2022,0.46,kg
vegetable,cauliflower,all,4/29/2022,0.62,head
vegetable,celeriac,celeriac,4/29/2022,0.66,kg
vegetable,cucumbers,cucumbers,4/29/2022,0.94,kg
vegetable,leeks,trimmed,4/29/2022,1.06,kg
vegetable,lettuce,butterhead_indoor,4/29/2022,0.57,head
vegetable,lettuce,little_gem,4/29/2022,0.93,twin
vegetable,onion,bulb_brown,4/29/2022,0.36,kg
vegetable,onion,bulb_red,4/29/2022,0.55,kg
vegetable,onion,saladspring,4/29/2022,0.51,kg
vegetable,swede,swede,4/29/2022,0.23,kg
vegetable,parsnips,all_varieties,4/29/2022,1.05,kg
vegetable,rhubarb,forced,4/29/2022,4.99,kg
vegetable,rhubarb,outdoor,4/29/2022,1.57,kg
vegetable,tomatoes,round,4/29/2022,0.93,kg
vegetable,tomatoes,vine,4/29/2022,1.7,kg
vegetable,tomatoes,cherry,4/29/2022,4,kg
cut_flowers,tulips,tulips,4/29/2022,0.25,stem
fruit,apples,bramleys_seedling,4/22/2022,2.03,kg
fruit,apples,egremont_russet,4/22/2022,0.97,kg
fruit,apples,braeburn,4/22/2022,1,kg
fruit,apples,gala,4/22/2022,1.04,kg
fruit,apples,other_late_season,4/22/2022,1.01,kg
fruit,pears,conference,4/22/2022,1,kg
fruit,strawberries,strawberries,4/22/2022,5.69,kg
vegetable,asparagus,asparagus,4/22/2022,10.31,kg
vegetable,beetroot,beetroot,4/22/2022,0.55,kg
vegetable,brussels_sprouts,brussels_sprouts,4/22/2022,0.58,kg
vegetable,pak_choi,pak_choi,4/22/2022,3.22,kg
vegetable,curly_kale,curly_kale,4/22/2022,3.65,kg
vegetable,cabbage,red,4/22/2022,0.77,kg
vegetable,cabbage,savoy,4/22/2022,0.6,head
vegetable,spring_greens,prepacked,4/22/2022,1.26,kg
vegetable,cabbage,summer_autumn_pointed,4/22/2022,0.73,kg
vegetable,cabbage,white,4/22/2022,0.45,kg
vegetable,cabbage,round_green_other,4/22/2022,0.45,head
vegetable,capsicum,elongated,4/22/2022,1.6,kg
vegetable,capsicum,yelloworange,4/22/2022,1.8,kg
vegetable,carrots,topped_washed,4/22/2022,0.41,kg
vegetable,cauliflower,all,4/22/2022,0.63,head
vegetable,celeriac,celeriac,4/22/2022,0.66,kg
vegetable,cucumbers,cucumbers,4/22/2022,1.26,kg
vegetable,leeks,trimmed,4/22/2022,1.11,kg
vegetable,lettuce,butterhead_indoor,4/22/2022,0.57,head
vegetable,lettuce,little_gem,4/22/2022,1.01,twin
vegetable,onion,bulb_brown,4/22/2022,0.38,kg
vegetable,onion,bulb_red,4/22/2022,0.56,kg
vegetable,onion,saladspring,4/22/2022,0.51,kg
vegetable,swede,swede,4/22/2022,0.26,kg
vegetable,parsnips,all_varieties,4/22/2022,0.98,kg
vegetable,rhubarb,forced,4/22/2022,4.09,kg
vegetable,rhubarb,outdoor,4/22/2022,1.89,kg
vegetable,tomatoes,round,4/22/2022,1.47,kg
vegetable,tomatoes,vine,4/22/2022,2.05,kg
cut_flowers,tulips,tulips,4/22/2022,0.3,stem
fruit,apples,bramleys_seedling,4/15/2022,1.82,kg
fruit,apples,egremont_russet,4/15/2022,0.97,kg
fruit,apples,braeburn,4/15/2022,0.92,kg
fruit,apples,gala,4/15/2022,1.13,kg
fruit,apples,other_late_season,4/15/2022,0.97,kg
fruit,pears,conference,4/15/2022,0.88,kg
fruit,strawberries,strawberries,4/15/2022,8.42,kg
vegetable,asparagus,asparagus,4/15/2022,11.39,kg
vegetable,beetroot,beetroot,4/15/2022,0.55,kg
vegetable,brussels_sprouts,brussels_sprouts,4/15/2022,0.67,kg
vegetable,pak_choi,pak_choi,4/15/2022,3.2,kg
vegetable,curly_kale,curly_kale,4/15/2022,3.41,kg
vegetable,cabbage,red,4/15/2022,0.72,kg
vegetable,cabbage,savoy,4/15/2022,0.6,head
vegetable,spring_greens,prepacked,4/15/2022,1.27,kg
vegetable,cabbage,summer_autumn_pointed,4/15/2022,0.9,kg
vegetable,cabbage,white,4/15/2022,0.46,kg
vegetable,cabbage,round_green_other,4/15/2022,0.45,head
vegetable,carrots,topped_washed,4/15/2022,0.41,kg
vegetable,cauliflower,all,4/15/2022,0.72,head
vegetable,celeriac,celeriac,4/15/2022,0.69,kg
vegetable,cucumbers,cucumbers,4/15/2022,1.95,kg
vegetable,leeks,trimmed,4/15/2022,1.16,kg
vegetable,lettuce,butterhead_indoor,4/15/2022,0.57,head
vegetable,lettuce,little_gem,4/15/2022,0.97,twin
vegetable,onion,bulb_brown,4/15/2022,0.37,kg
vegetable,onion,bulb_red,4/15/2022,0.55,kg
vegetable,onion,saladspring,4/15/2022,0.52,kg
vegetable,swede,swede,4/15/2022,0.23,kg
vegetable,parsnips,all_varieties,4/15/2022,0.99,kg
vegetable,rhubarb,forced,4/15/2022,4.37,kg
vegetable,rhubarb,outdoor,4/15/2022,2.06,kg
vegetable,tomatoes,round,4/15/2022,2.43,kg
cut_flowers,tulips,tulips,4/15/2022,0.3,stem
fruit,apples,bramleys_seedling,4/8/2022,1.83,kg
fruit,apples,coxs_orange_group,4/8/2022,0.67,kg
fruit,apples,egremont_russet,4/8/2022,1.14,kg
fruit,apples,braeburn,4/8/2022,1.03,kg
fruit,apples,gala,4/8/2022,1.06,kg
fruit,apples,other_late_season,4/8/2022,0.94,kg
fruit,pears,conference,4/8/2022,0.85,kg
fruit,pears,doyenne_du_comice,4/8/2022,1.35,kg
fruit,strawberries,strawberries,4/8/2022,12.16,kg
vegetable,asparagus,asparagus,4/8/2022,12.68,kg
vegetable,beetroot,beetroot,4/8/2022,0.53,kg
vegetable,brussels_sprouts,brussels_sprouts,4/8/2022,0.64,kg
vegetable,pak_choi,pak_choi,4/8/2022,3,kg
vegetable,curly_kale,curly_kale,4/8/2022,3.41,kg
vegetable,cabbage,red,4/8/2022,0.72,kg
vegetable,cabbage,savoy,4/8/2022,0.56,head
vegetable,spring_greens,prepacked,4/8/2022,1.34,kg
vegetable,cabbage,white,4/8/2022,0.47,kg
vegetable,cabbage,round_green_other,4/8/2022,0.49,head
vegetable,capsicum,red,4/8/2022,2.2,kg
vegetable,carrots,topped_washed,4/8/2022,0.45,kg
vegetable,cauliflower,all,4/8/2022,0.64,head
vegetable,celeriac,celeriac,4/8/2022,0.67,kg
vegetable,cucumbers,cucumbers,4/8/2022,1.23,kg
vegetable,leeks,trimmed,4/8/2022,1.11,kg
vegetable,lettuce,butterhead_indoor,4/8/2022,0.55,head
vegetable,lettuce,little_gem,4/8/2022,0.9,twin
vegetable,onion,bulb_brown,4/8/2022,0.37,kg
vegetable,onion,bulb_red,4/8/2022,0.55,kg
vegetable,onion,saladspring,4/8/2022,0.4,kg
vegetable,swede,swede,4/8/2022,0.24,kg
vegetable,parsnips,all_varieties,4/8/2022,0.98,kg
vegetable,rhubarb,forced,4/8/2022,3.53,kg
vegetable,rhubarb,outdoor,4/8/2022,2.71,kg
vegetable,tomatoes,round,4/8/2022,2.45,kg
cut_flowers,tulips,tulips,4/8/2022,0.25,stem
fruit,apples,bramleys_seedling,4/1/2022,1.94,kg
fruit,apples,coxs_orange_group,4/1/2022,1.22,kg
fruit,apples,egremont_russet,4/1/2022,1.14,kg
fruit,apples,braeburn,4/1/2022,1.02,kg
fruit,apples,gala,4/1/2022,1.04,kg
fruit,apples,other_late_season,4/1/2022,0.9,kg
fruit,pears,conference,4/1/2022,1,kg
fruit,pears,doyenne_du_comice,4/1/2022,1.15,kg
vegetable,asparagus,asparagus,4/1/2022,17.42,kg
vegetable,beetroot,beetroot,4/1/2022,0.53,kg
vegetable,brussels_sprouts,brussels_sprouts,4/1/2022,0.68,kg
vegetable,pak_choi,pak_choi,4/1/2022,3.25,kg
vegetable,curly_kale,curly_kale,4/1/2022,3.42,kg
vegetable,cabbage,red,4/1/2022,0.68,kg
vegetable,cabbage,savoy,4/1/2022,0.5,head
vegetable,spring_greens,prepacked,4/1/2022,1.48,kg
vegetable,cabbage,white,4/1/2022,0.42,kg
vegetable,cabbage,round_green_other,4/1/2022,0.49,head
vegetable,capsicum,red,4/1/2022,1.96,kg
vegetable,carrots,topped_washed,4/1/2022,0.44,kg
vegetable,cauliflower,all,4/1/2022,0.56,head
vegetable,celeriac,celeriac,4/1/2022,0.71,kg
vegetable,cucumbers,cucumbers,4/1/2022,1.27,kg
vegetable,leeks,trimmed,4/1/2022,1.11,kg
vegetable,lettuce,butterhead_indoor,4/1/2022,0.54,head
vegetable,lettuce,little_gem,4/1/2022,0.88,twin
vegetable,onion,bulb_brown,4/1/2022,0.43,kg
vegetable,onion,bulb_red,4/1/2022,0.56,kg
vegetable,swede,swede,4/1/2022,0.25,kg
vegetable,parsnips,all_varieties,4/1/2022,0.98,kg
vegetable,rhubarb,forced,4/1/2022,3.65,kg
vegetable,rhubarb,outdoor,4/1/2022,2.74,kg
vegetable,tomatoes,round,4/1/2022,2.63,kg
cut_flowers,tulips,tulips,4/1/2022,0.25,stem
fruit,apples,bramleys_seedling,3/25/2022,1.95,kg
fruit,apples,coxs_orange_group,3/25/2022,1.15,kg
fruit,apples,egremont_russet,3/25/2022,1.07,kg
fruit,apples,braeburn,3/25/2022,1.03,kg
fruit,apples,gala,3/25/2022,1.08,kg
fruit,apples,other_late_season,3/25/2022,0.9,kg
fruit,pears,doyenne_du_comice,3/25/2022,1.12,kg
vegetable,asparagus,asparagus,3/25/2022,17.12,kg
vegetable,beetroot,beetroot,3/25/2022,0.51,kg
vegetable,brussels_sprouts,brussels_sprouts,3/25/2022,0.71,kg
vegetable,pak_choi,pak_choi,3/25/2022,3.06,kg
vegetable,curly_kale,curly_kale,3/25/2022,3.29,kg
vegetable,cabbage,red,3/25/2022,0.69,kg
vegetable,cabbage,savoy,3/25/2022,0.49,head
vegetable,spring_greens,prepacked,3/25/2022,1.31,kg
vegetable,cabbage,white,3/25/2022,0.44,kg
vegetable,cabbage,round_green_other,3/25/2022,0.46,head
vegetable,carrots,topped_washed,3/25/2022,0.46,kg
vegetable,cauliflower,all,3/25/2022,0.65,head
vegetable,celeriac,celeriac,3/25/2022,0.7,kg
vegetable,cucumbers,cucumbers,3/25/2022,1.32,kg
vegetable,leeks,trimmed,3/25/2022,1.15,kg
vegetable,lettuce,butterhead_indoor,3/25/2022,0.46,head
vegetable,lettuce,little_gem,3/25/2022,0.75,twin
vegetable,onion,bulb_brown,3/25/2022,0.43,kg
vegetable,onion,bulb_red,3/25/2022,0.58,kg
vegetable,swede,swede,3/25/2022,0.24,kg
vegetable,parsnips,all_varieties,3/25/2022,1,kg
vegetable,rhubarb,forced,3/25/2022,4.61,kg
vegetable,rhubarb,outdoor,3/25/2022,3.16,kg
fruit,apples,bramleys_seedling,3/18/2022,1.95,kg
fruit,apples,coxs_orange_group,3/18/2022,1.17,kg
fruit,apples,egremont_russet,3/18/2022,1.03,kg
fruit,apples,braeburn,3/18/2022,1.05,kg
fruit,apples,gala,3/18/2022,1.08,kg
fruit,apples,other_late_season,3/18/2022,0.86,kg
fruit,pears,conference,3/18/2022,0.72,kg
fruit,pears,doyenne_du_comice,3/18/2022,1.09,kg
fruit,strawberries,strawberries,3/18/2022,2.4,kg
vegetable,beetroot,beetroot,3/18/2022,0.52,kg
vegetable,brussels_sprouts,brussels_sprouts,3/18/2022,0.75,kg
vegetable,pak_choi,pak_choi,3/18/2022,3.15,kg
vegetable,curly_kale,curly_kale,3/18/2022,3.29,kg
vegetable,cabbage,red,3/18/2022,0.64,kg
vegetable,cabbage,savoy,3/18/2022,0.51,head
vegetable,spring_greens,prepacked,3/18/2022,1.43,kg
vegetable,cabbage,white,3/18/2022,0.42,kg
vegetable,cabbage,round_green_other,3/18/2022,0.48,head
vegetable,capsicum,green,3/18/2022,1.91,kg
vegetable,carrots,topped_washed,3/18/2022,0.45,kg
vegetable,cauliflower,all,3/18/2022,0.71,head
vegetable,celeriac,celeriac,3/18/2022,0.76,kg
vegetable,cucumbers,cucumbers,3/18/2022,1.24,kg
vegetable,leeks,trimmed,3/18/2022,1.11,kg
vegetable,lettuce,butterhead_indoor,3/18/2022,0.47,head
vegetable,lettuce,little_gem,3/18/2022,0.77,twin
vegetable,onion,bulb_brown,3/18/2022,0.45,kg
vegetable,onion,bulb_red,3/18/2022,0.63,kg
vegetable,swede,swede,3/18/2022,0.24,kg
vegetable,parsnips,all_varieties,3/18/2022,1.03,kg
vegetable,rhubarb,forced,3/18/2022,4.51,kg
vegetable,rhubarb,outdoor,3/18/2022,3.29,kg
cut_flowers,tulips,tulips,3/18/2022,0.3,stem
fruit,apples,bramleys_seedling,3/11/2022,2.05,kg
fruit,apples,coxs_orange_group,3/11/2022,1.22,kg
fruit,apples,egremont_russet,3/11/2022,1.14,kg
fruit,apples,braeburn,3/11/2022,1.05,kg
fruit,apples,gala,3/11/2022,1.03,kg
fruit,apples,other_late_season,3/11/2022,0.85,kg
fruit,pears,conference,3/11/2022,0.77,kg
fruit,pears,doyenne_du_comice,3/11/2022,1.24,kg
vegetable,beetroot,beetroot,3/11/2022,0.52,kg
vegetable,brussels_sprouts,brussels_sprouts,3/11/2022,0.78,kg
vegetable,pak_choi,pak_choi,3/11/2022,3.17,kg
vegetable,curly_kale,curly_kale,3/11/2022,3.17,kg
vegetable,cabbage,red,3/11/2022,0.59,kg
vegetable,cabbage,savoy,3/11/2022,0.51,head
vegetable,spring_greens,prepacked,3/11/2022,1.04,kg
vegetable,cabbage,white,3/11/2022,0.41,kg
vegetable,cabbage,round_green_other,3/11/2022,0.46,head
vegetable,carrots,topped_washed,3/11/2022,0.42,kg
vegetable,cauliflower,all,3/11/2022,0.7,head
vegetable,celeriac,celeriac,3/11/2022,0.81,kg
vegetable,cucumbers,cucumbers,3/11/2022,1.35,kg
vegetable,leeks,trimmed,3/11/2022,1.12,kg
vegetable,lettuce,butterhead_indoor,3/11/2022,0.44,head
vegetable,lettuce,little_gem,3/11/2022,0.78,twin
vegetable,onion,bulb_brown,3/11/2022,0.39,kg
vegetable,onion,bulb_red,3/11/2022,0.59,kg
vegetable,swede,swede,3/11/2022,0.24,kg
vegetable,turnip,turnip,3/11/2022,0.63,kg
vegetable,parsnips,all_varieties,3/11/2022,1,kg
vegetable,rhubarb,forced,3/11/2022,4.35,kg
vegetable,rhubarb,outdoor,3/11/2022,3.07,kg
cut_flowers,tulips,tulips,3/11/2022,0.29,stem
fruit,apples,bramleys_seedling,3/4/2022,1.89,kg
fruit,apples,coxs_orange_group,3/4/2022,1.17,kg
fruit,apples,egremont_russet,3/4/2022,1.16,kg
fruit,apples,braeburn,3/4/2022,1.07,kg
fruit,apples,gala,3/4/2022,1.06,kg
fruit,apples,other_late_season,3/4/2022,1.11,kg
fruit,pears,conference,3/4/2022,0.88,kg
fruit,pears,doyenne_du_comice,3/4/2022,1.03,kg
vegetable,beetroot,beetroot,3/4/2022,0.5,kg
vegetable,brussels_sprouts,brussels_sprouts,3/4/2022,0.77,kg
vegetable,pak_choi,pak_choi,3/4/2022,3.21,kg
vegetable,curly_kale,curly_kale,3/4/2022,3.17,kg
vegetable,cabbage,red,3/4/2022,0.56,kg
vegetable,cabbage,savoy,3/4/2022,0.52,head
vegetable,spring_greens,prepacked,3/4/2022,1.05,kg
vegetable,cabbage,white,3/4/2022,0.38,kg
vegetable,cabbage,round_green_other,3/4/2022,0.47,head
vegetable,capsicum,red,3/4/2022,0.95,kg
vegetable,carrots,topped_washed,3/4/2022,0.44,kg
vegetable,cauliflower,all,3/4/2022,0.7,head
vegetable,celeriac,celeriac,3/4/2022,0.81,kg
vegetable,cucumbers,cucumbers,3/4/2022,1.32,kg
vegetable,leeks,trimmed,3/4/2022,1.11,kg
vegetable,lettuce,butterhead_indoor,3/4/2022,0.47,head
vegetable,lettuce,little_gem,3/4/2022,0.79,twin
vegetable,onion,bulb_brown,3/4/2022,0.41,kg
vegetable,onion,bulb_red,3/4/2022,0.56,kg
vegetable,swede,swede,3/4/2022,0.24,kg
vegetable,turnip,turnip,3/4/2022,1.07,kg
vegetable,parsnips,all_varieties,3/4/2022,0.99,kg
vegetable,rhubarb,forced,3/4/2022,5.34,kg
vegetable,rhubarb,outdoor,3/4/2022,4.01,kg
cut_flowers,tulips,tulips,3/4/2022,0.29,stem
fruit,apples,bramleys_seedling,2/25/2022,1.9,kg
fruit,apples,coxs_orange_group,2/25/2022,1.5,kg
fruit,apples,egremont_russet,2/25/2022,1.18,kg
fruit,apples,braeburn,2/25/2022,1.09,kg
fruit,apples,gala,2/25/2022,1.07,kg
fruit,apples,other_late_season,2/25/2022,0.82,kg
fruit,pears,conference,2/25/2022,1.11,kg
fruit,pears,doyenne_du_comice,2/25/2022,1.13,kg
vegetable,beetroot,beetroot,2/25/2022,0.49,kg
vegetable,brussels_sprouts,brussels_sprouts,2/25/2022,0.79,kg
vegetable,pak_choi,pak_choi,2/25/2022,4.07,kg
vegetable,curly_kale,curly_kale,2/25/2022,3.2,kg
vegetable,cabbage,red,2/25/2022,0.57,kg
vegetable,cabbage,savoy,2/25/2022,0.5,head
vegetable,spring_greens,prepacked,2/25/2022,1.07,kg
vegetable,cabbage,white,2/25/2022,0.41,kg
vegetable,cabbage,round_green_other,2/25/2022,0.47,head
vegetable,capsicum,red,2/25/2022,0.95,kg
vegetable,carrots,topped_washed,2/25/2022,0.43,kg
vegetable,cauliflower,all,2/25/2022,0.75,head
vegetable,celeriac,celeriac,2/25/2022,0.81,kg
vegetable,cucumbers,cucumbers,2/25/2022,1,kg
vegetable,leeks,trimmed,2/25/2022,1.07,kg
vegetable,lettuce,butterhead_indoor,2/25/2022,0.47,head
vegetable,lettuce,little_gem,2/25/2022,0.82,twin
vegetable,onion,bulb_brown,2/25/2022,0.4,kg
vegetable,onion,bulb_red,2/25/2022,0.61,kg
vegetable,swede,swede,2/25/2022,0.24,kg
vegetable,turnip,turnip,2/25/2022,1.05,kg
vegetable,parsnips,all_varieties,2/25/2022,1.04,kg
vegetable,rhubarb,forced,2/25/2022,5.22,kg
vegetable,rhubarb,outdoor,2/25/2022,5.51,kg
cut_flowers,tulips,tulips,2/25/2022,0.28,stem
fruit,apples,bramleys_seedling,2/18/2022,1.97,kg
fruit,apples,coxs_orange_group,2/18/2022,1.33,kg
fruit,apples,egremont_russet,2/18/2022,1.17,kg
fruit,apples,braeburn,2/18/2022,1.08,kg
fruit,apples,gala,2/18/2022,1.05,kg
fruit,apples,other_late_season,2/18/2022,1.59,kg
fruit,pears,conference,2/18/2022,1.03,kg
fruit,pears,doyenne_du_comice,2/18/2022,1.1,kg
vegetable,beetroot,beetroot,2/18/2022,0.49,kg
vegetable,brussels_sprouts,brussels_sprouts,2/18/2022,0.83,kg
vegetable,pak_choi,pak_choi,2/18/2022,3.74,kg
vegetable,curly_kale,curly_kale,2/18/2022,3.24,kg
vegetable,cabbage,red,2/18/2022,0.6,kg
vegetable,cabbage,savoy,2/18/2022,0.49,head
vegetable,spring_greens,prepacked,2/18/2022,1.04,kg
vegetable,cabbage,white,2/18/2022,0.41,kg
vegetable,cabbage,round_green_other,2/18/2022,0.46,head
vegetable,capsicum,red,2/18/2022,0.9,kg
vegetable,carrots,topped_washed,2/18/2022,0.45,kg
vegetable,cauliflower,all,2/18/2022,0.74,head
vegetable,celeriac,celeriac,2/18/2022,0.76,kg
vegetable,leeks,trimmed,2/18/2022,1.18,kg
vegetable,lettuce,butterhead_indoor,2/18/2022,0.47,head
vegetable,lettuce,little_gem,2/18/2022,0.8,twin
vegetable,onion,bulb_brown,2/18/2022,0.4,kg
vegetable,onion,bulb_red,2/18/2022,0.63,kg
vegetable,swede,swede,2/18/2022,0.24,kg
vegetable,turnip,turnip,2/18/2022,1.02,kg
vegetable,parsnips,all_varieties,2/18/2022,1.04,kg
vegetable,rhubarb,forced,2/18/2022,5.02,kg
cut_flowers,tulips,tulips,2/18/2022,0.28,stem
fruit,apples,bramleys_seedling,2/11/2022,1.97,kg
fruit,apples,coxs_orange_group,2/11/2022,1.28,kg
fruit,apples,egremont_russet,2/11/2022,1.14,kg
fruit,apples,braeburn,2/11/2022,1.04,kg
fruit,apples,gala,2/11/2022,1.05,kg
fruit,apples,other_late_season,2/11/2022,1.29,kg
fruit,pears,conference,2/11/2022,1.12,kg
fruit,pears,doyenne_du_comice,2/11/2022,1.09,kg
vegetable,beetroot,beetroot,2/11/2022,0.5,kg
vegetable,brussels_sprouts,brussels_sprouts,2/11/2022,0.84,kg
vegetable,pak_choi,pak_choi,2/11/2022,3.38,kg
vegetable,curly_kale,curly_kale,2/11/2022,3.45,kg
vegetable,cabbage,red,2/11/2022,0.61,kg
vegetable,cabbage,savoy,2/11/2022,0.48,head
vegetable,spring_greens,prepacked,2/11/2022,1.01,kg
vegetable,cabbage,white,2/11/2022,0.42,kg
vegetable,cabbage,round_green_other,2/11/2022,0.47,head
vegetable,carrots,topped_washed,2/11/2022,0.48,kg
vegetable,cauliflower,all,2/11/2022,0.82,head
vegetable,celeriac,celeriac,2/11/2022,0.69,kg
vegetable,chinese_leaf,chinese_leaf,2/11/2022,0.97,kg
vegetable,leeks,trimmed,2/11/2022,1.2,kg
vegetable,lettuce,butterhead_indoor,2/11/2022,0.47,head
vegetable,lettuce,little_gem,2/11/2022,0.8,twin
vegetable,onion,bulb_brown,2/11/2022,0.46,kg
vegetable,onion,bulb_red,2/11/2022,0.56,kg
vegetable,swede,swede,2/11/2022,0.24,kg
vegetable,turnip,turnip,2/11/2022,1.09,kg
vegetable,parsnips,all_varieties,2/11/2022,1.04,kg
vegetable,rhubarb,forced,2/11/2022,5.04,kg
cut_flowers,tulips,tulips,2/11/2022,0.27,stem
fruit,apples,bramleys_seedling,2/4/2022,1.94,kg
fruit,apples,coxs_orange_group,2/4/2022,1.35,kg
fruit,apples,egremont_russet,2/4/2022,1.22,kg
fruit,apples,braeburn,2/4/2022,1.02,kg
fruit,apples,gala,2/4/2022,1.01,kg
fruit,apples,other_late_season,2/4/2022,1.23,kg
fruit,pears,conference,2/4/2022,1.17,kg
fruit,pears,doyenne_du_comice,2/4/2022,1.1,kg
vegetable,beetroot,beetroot,2/4/2022,0.53,kg
vegetable,brussels_sprouts,brussels_sprouts,2/4/2022,0.84,kg
vegetable,pak_choi,pak_choi,2/4/2022,3.38,kg
vegetable,curly_kale,curly_kale,2/4/2022,3.55,kg
vegetable,cabbage,red,2/4/2022,0.59,kg
vegetable,cabbage,savoy,2/4/2022,0.48,head
vegetable,spring_greens,prepacked,2/4/2022,1.13,kg
vegetable,cabbage,white,2/4/2022,0.42,kg
vegetable,cabbage,round_green_other,2/4/2022,0.47,head
vegetable,carrots,topped_washed,2/4/2022,0.48,kg
vegetable,cauliflower,all,2/4/2022,0.9,head
vegetable,celeriac,celeriac,2/4/2022,0.69,kg
vegetable,chinese_leaf,chinese_leaf,2/4/2022,0.97,kg
vegetable,cucumbers,cucumbers,2/4/2022,0.75,kg
vegetable,leeks,trimmed,2/4/2022,1.21,kg
vegetable,lettuce,butterhead_indoor,2/4/2022,0.47,head
vegetable,lettuce,little_gem,2/4/2022,0.85,twin
vegetable,onion,bulb_brown,2/4/2022,0.43,kg
vegetable,onion,bulb_red,2/4/2022,0.56,kg
vegetable,swede,swede,2/4/2022,0.24,kg
vegetable,turnip,turnip,2/4/2022,1.4,kg
vegetable,parsnips,all_varieties,2/4/2022,1.05,kg
vegetable,rhubarb,forced,2/4/2022,4.82,kg
cut_flowers,tulips,tulips,2/4/2022,0.27,stem
fruit,apples,bramleys_seedling,1/28/2022,1.93,kg
fruit,apples,coxs_orange_group,1/28/2022,1.2,kg
fruit,apples,egremont_russet,1/28/2022,1.21,kg
fruit,apples,braeburn,1/28/2022,1.03,kg
fruit,apples,gala,1/28/2022,1.03,kg
fruit,apples,other_late_season,1/28/2022,1.25,kg
fruit,pears,conference,1/28/2022,1.17,kg
fruit,pears,doyenne_du_comice,1/28/2022,1.05,kg
vegetable,beetroot,beetroot,1/28/2022,0.5,kg
vegetable,brussels_sprouts,brussels_sprouts,1/28/2022,0.84,kg
vegetable,pak_choi,pak_choi,1/28/2022,3,kg
vegetable,curly_kale,curly_kale,1/28/2022,3.12,kg
vegetable,cabbage,red,1/28/2022,0.59,kg
vegetable,cabbage,savoy,1/28/2022,0.47,head
vegetable,spring_greens,prepacked,1/28/2022,1.03,kg
vegetable,cabbage,white,1/28/2022,0.43,kg
vegetable,cabbage,round_green_other,1/28/2022,0.45,head
vegetable,carrots,topped_washed,1/28/2022,0.46,kg
vegetable,cauliflower,all,1/28/2022,0.79,head
vegetable,celeriac,celeriac,1/28/2022,0.69,kg
vegetable,chinese_leaf,chinese_leaf,1/28/2022,0.97,kg
vegetable,leeks,trimmed,1/28/2022,1.2,kg
vegetable,lettuce,butterhead_indoor,1/28/2022,0.46,head
vegetable,lettuce,little_gem,1/28/2022,0.78,twin
vegetable,onion,bulb_brown,1/28/2022,0.42,kg
vegetable,onion,bulb_red,1/28/2022,0.53,kg
vegetable,swede,swede,1/28/2022,0.23,kg
vegetable,turnip,turnip,1/28/2022,1.38,kg
vegetable,parsnips,all_varieties,1/28/2022,1.05,kg
vegetable,rhubarb,forced,1/28/2022,5.36,kg
cut_flowers,tulips,tulips,1/28/2022,0.22,stem
fruit,apples,bramleys_seedling,1/21/2022,2,kg
fruit,apples,coxs_orange_group,1/21/2022,1.23,kg
fruit,apples,egremont_russet,1/21/2022,1.29,kg
fruit,apples,braeburn,1/21/2022,1.02,kg
fruit,apples,gala,1/21/2022,1.04,kg
fruit,apples,other_late_season,1/21/2022,1.83,kg
fruit,pears,conference,1/21/2022,1.19,kg
fruit,pears,doyenne_du_comice,1/21/2022,1.08,kg
vegetable,beetroot,beetroot,1/21/2022,0.52,kg
vegetable,brussels_sprouts,brussels_sprouts,1/21/2022,0.85,kg
vegetable,pak_choi,pak_choi,1/21/2022,3.34,kg
vegetable,curly_kale,curly_kale,1/21/2022,3.03,kg
vegetable,cabbage,red,1/21/2022,0.55,kg
vegetable,cabbage,savoy,1/21/2022,0.47,head
vegetable,spring_greens,prepacked,1/21/2022,1.02,kg
vegetable,cabbage,white,1/21/2022,0.43,kg
vegetable,cabbage,round_green_other,1/21/2022,0.47,head
vegetable,carrots,topped_washed,1/21/2022,0.46,kg
vegetable,cauliflower,all,1/21/2022,0.69,head
vegetable,celeriac,celeriac,1/21/2022,0.69,kg
vegetable,chinese_leaf,chinese_leaf,1/21/2022,0.97,kg
vegetable,leeks,trimmed,1/21/2022,1.13,kg
vegetable,lettuce,butterhead_indoor,1/21/2022,0.47,head
vegetable,lettuce,little_gem,1/21/2022,0.79,twin
vegetable,onion,bulb_brown,1/21/2022,0.42,kg
vegetable,onion,bulb_red,1/21/2022,0.53,kg
vegetable,swede,swede,1/21/2022,0.23,kg
vegetable,turnip,turnip,1/21/2022,1.82,kg
vegetable,parsnips,all_varieties,1/21/2022,1.04,kg
vegetable,rhubarb,forced,1/21/2022,5.68,kg
cut_flowers,tulips,tulips,1/21/2022,0.22,stem
fruit,apples,bramleys_seedling,1/14/2022,1.91,kg
fruit,apples,coxs_orange_group,1/14/2022,1.18,kg
fruit,apples,egremont_russet,1/14/2022,1.13,kg
fruit,apples,braeburn,1/14/2022,0.96,kg
fruit,apples,gala,1/14/2022,1,kg
fruit,apples,other_late_season,1/14/2022,1.87,kg
fruit,pears,conference,1/14/2022,1.18,kg
fruit,pears,doyenne_du_comice,1/14/2022,1.07,kg
vegetable,beetroot,beetroot,1/14/2022,0.52,kg
vegetable,brussels_sprouts,brussels_sprouts,1/14/2022,0.84,kg
vegetable,pak_choi,pak_choi,1/14/2022,3.34,kg
vegetable,curly_kale,curly_kale,1/14/2022,3.37,kg
vegetable,cabbage,red,1/14/2022,0.57,kg
vegetable,cabbage,savoy,1/14/2022,0.47,head
vegetable,spring_greens,prepacked,1/14/2022,0.94,kg
vegetable,cabbage,white,1/14/2022,0.44,kg
vegetable,cabbage,round_green_other,1/14/2022,0.48,head
vegetable,carrots,topped_washed,1/14/2022,0.48,kg
vegetable,cauliflower,all,1/14/2022,0.68,head
vegetable,celeriac,celeriac,1/14/2022,0.71,kg
vegetable,chinese_leaf,chinese_leaf,1/14/2022,0.97,kg
vegetable,leeks,trimmed,1/14/2022,1.13,kg
vegetable,lettuce,butterhead_indoor,1/14/2022,0.46,head
vegetable,lettuce,little_gem,1/14/2022,0.81,twin
vegetable,onion,bulb_brown,1/14/2022,0.42,kg
vegetable,onion,bulb_red,1/14/2022,0.6,kg
vegetable,swede,swede,1/14/2022,0.24,kg
vegetable,turnip,turnip,1/14/2022,1.86,kg
vegetable,parsnips,all_varieties,1/14/2022,1.07,kg
vegetable,rhubarb,forced,1/14/2022,5.48,kg
cut_flowers,tulips,tulips,1/14/2022,0.29,stem
fruit,apples,bramleys_seedling,1/7/2022,1.9,kg
fruit,apples,coxs_orange_group,1/7/2022,1.07,kg
fruit,apples,egremont_russet,1/7/2022,0.96,kg
fruit,apples,braeburn,1/7/2022,0.97,kg
fruit,apples,gala,1/7/2022,0.95,kg
fruit,pears,conference,1/7/2022,1.3,kg
fruit,pears,doyenne_du_comice,1/7/2022,0.99,kg
vegetable,beetroot,beetroot,1/7/2022,0.54,kg
vegetable,brussels_sprouts,brussels_sprouts,1/7/2022,0.87,kg
vegetable,pak_choi,pak_choi,1/7/2022,3.25,kg
vegetable,curly_kale,curly_kale,1/7/2022,3.4,kg
vegetable,cabbage,red,1/7/2022,0.58,kg
vegetable,cabbage,savoy,1/7/2022,0.49,head
vegetable,spring_greens,prepacked,1/7/2022,0.94,kg
vegetable,cabbage,white,1/7/2022,0.46,kg
vegetable,cabbage,round_green_other,1/7/2022,0.48,head
vegetable,carrots,topped_washed,1/7/2022,0.47,kg
vegetable,cauliflower,all,1/7/2022,0.68,head
vegetable,celeriac,celeriac,1/7/2022,0.67,kg
vegetable,chinese_leaf,chinese_leaf,1/7/2022,0.96,kg
vegetable,leeks,trimmed,1/7/2022,1.15,kg
vegetable,lettuce,butterhead_indoor,1/7/2022,0.44,head
vegetable,lettuce,little_gem,1/7/2022,0.8,twin
vegetable,onion,bulb_brown,1/7/2022,0.46,kg
vegetable,onion,bulb_red,1/7/2022,0.62,kg
vegetable,swede,swede,1/7/2022,0.24,kg
vegetable,turnip,turnip,1/7/2022,1.87,kg
vegetable,parsnips,all_varieties,1/7/2022,1.05,kg
vegetable,rhubarb,forced,1/7/2022,4.94,kg
cut_flowers,tulips,tulips,1/7/2022,0.29,stem
fruit,apples,bramleys_seedling,12/17/2021,1.69,kg
fruit,apples,coxs_orange_group,12/17/2021,0.97,kg
fruit,apples,egremont_russet,12/17/2021,1.06,kg
fruit,apples,braeburn,12/17/2021,0.84,kg
fruit,apples,gala,12/17/2021,0.94,kg
fruit,apples,other_mid_season,12/17/2021,1.04,kg
fruit,apples,other_late_season,12/17/2021,1.01,kg
fruit,pears,conference,12/17/2021,0.77,kg
fruit,pears,doyenne_du_comice,12/17/2021,0.84,kg
vegetable,beetroot,beetroot,12/17/2021,0.54,kg
vegetable,brussels_sprouts,brussels_sprouts,12/17/2021,0.87,kg
vegetable,pak_choi,pak_choi,12/17/2021,2.94,kg
vegetable,curly_kale,curly_kale,12/17/2021,3.61,kg
vegetable,cabbage,red,12/17/2021,0.57,kg
vegetable,cabbage,savoy,12/17/2021,0.56,head
vegetable,spring_greens,prepacked,12/17/2021,0.96,kg
vegetable,cabbage,summer_autumn_pointed,12/17/2021,0.62,kg
vegetable,cabbage,white,12/17/2021,0.48,kg
vegetable,cabbage,round_green_other,12/17/2021,0.51,head
vegetable,carrots,topped_washed,12/17/2021,0.45,kg
vegetable,cauliflower,all,12/17/2021,1.15,head
vegetable,celery,all_washed,12/17/2021,0.78,kg
vegetable,celeriac,celeriac,12/17/2021,0.73,kg
vegetable,chinese_leaf,chinese_leaf,12/17/2021,0.97,kg
vegetable,leeks,trimmed,12/17/2021,1.15,kg
vegetable,lettuce,butterhead_indoor,12/17/2021,0.44,head
vegetable,lettuce,little_gem,12/17/2021,0.77,twin
vegetable,onion,bulb_brown,12/17/2021,0.4,kg
vegetable,onion,bulb_red,12/17/2021,0.56,kg
vegetable,swede,swede,12/17/2021,0.22,kg
vegetable,turnip,turnip,12/17/2021,1.28,kg
vegetable,parsnips,all_varieties,12/17/2021,1.13,kg
vegetable,tomatoes,vine,12/17/2021,1.26,kg
cut_flowers,tulips,tulips,12/17/2021,0.29,stem
fruit,apples,bramleys_seedling,12/10/2021,1.58,kg
fruit,apples,coxs_orange_group,12/10/2021,1.03,kg
fruit,apples,egremont_russet,12/10/2021,1.1,kg
fruit,apples,braeburn,12/10/2021,0.86,kg
fruit,apples,gala,12/10/2021,0.9,kg
fruit,apples,other_late_season,12/10/2021,1.03,kg
fruit,pears,conference,12/10/2021,0.93,kg
fruit,pears,doyenne_du_comice,12/10/2021,0.92,kg
fruit,pears,other,12/10/2021,0.87,kg
vegetable,beetroot,beetroot,12/10/2021,0.55,kg
vegetable,brussels_sprouts,brussels_sprouts,12/10/2021,0.92,kg
vegetable,pak_choi,pak_choi,12/10/2021,3.03,kg
vegetable,curly_kale,curly_kale,12/10/2021,3.66,kg
vegetable,cabbage,red,12/10/2021,0.57,kg
vegetable,cabbage,savoy,12/10/2021,0.56,head
vegetable,spring_greens,prepacked,12/10/2021,0.88,kg
vegetable,cabbage,summer_autumn_pointed,12/10/2021,0.62,kg
vegetable,cabbage,white,12/10/2021,0.47,kg
vegetable,cabbage,round_green_other,12/10/2021,0.51,head
vegetable,carrots,topped_washed,12/10/2021,0.46,kg
vegetable,cauliflower,all,12/10/2021,1.69,head
vegetable,celery,all_washed,12/10/2021,0.78,kg
vegetable,celeriac,celeriac,12/10/2021,0.75,kg
vegetable,chinese_leaf,chinese_leaf,12/10/2021,1.02,kg
vegetable,leeks,trimmed,12/10/2021,1.23,kg
vegetable,lettuce,butterhead_indoor,12/10/2021,0.44,head
vegetable,lettuce,little_gem,12/10/2021,0.77,twin
vegetable,onion,bulb_brown,12/10/2021,0.4,kg
vegetable,onion,bulb_red,12/10/2021,0.58,kg
vegetable,swede,swede,12/10/2021,0.23,kg
vegetable,turnip,turnip,12/10/2021,1.46,kg
vegetable,parsnips,all_varieties,12/10/2021,1.13,kg
vegetable,tomatoes,vine,12/10/2021,1.23,kg
cut_flowers,tulips,tulips,12/10/2021,0.29,stem
fruit,apples,bramleys_seedling,12/3/2021,1.54,kg
fruit,apples,coxs_orange_group,12/3/2021,1.03,kg
fruit,apples,egremont_russet,12/3/2021,1.17,kg
fruit,apples,braeburn,12/3/2021,0.88,kg
fruit,apples,gala,12/3/2021,0.96,kg
fruit,apples,other_late_season,12/3/2021,0.84,kg
fruit,pears,conference,12/3/2021,0.85,kg
fruit,pears,doyenne_du_comice,12/3/2021,0.95,kg
fruit,pears,other,12/3/2021,0.78,kg
vegetable,beetroot,beetroot,12/3/2021,0.56,kg
vegetable,brussels_sprouts,brussels_sprouts,12/3/2021,0.95,kg
vegetable,pak_choi,pak_choi,12/3/2021,2.87,kg
vegetable,curly_kale,curly_kale,12/3/2021,3.47,kg
vegetable,cabbage,red,12/3/2021,0.56,kg
vegetable,cabbage,savoy,12/3/2021,0.56,head
vegetable,spring_greens,prepacked,12/3/2021,0.87,kg
vegetable,cabbage,summer_autumn_pointed,12/3/2021,0.64,kg
vegetable,cabbage,white,12/3/2021,0.47,kg
vegetable,cabbage,round_green_other,12/3/2021,0.5,head
vegetable,carrots,topped_washed,12/3/2021,0.46,kg
vegetable,cauliflower,all,12/3/2021,1.49,head
vegetable,celery,all_washed,12/3/2021,0.78,kg
vegetable,celeriac,celeriac,12/3/2021,0.77,kg
vegetable,chinese_leaf,chinese_leaf,12/3/2021,0.95,kg
vegetable,coriander,coriander,12/3/2021,4.3,kg
vegetable,leeks,trimmed,12/3/2021,1.17,kg
vegetable,lettuce,butterhead_indoor,12/3/2021,0.45,head
vegetable,lettuce,little_gem,12/3/2021,0.81,twin
vegetable,onion,bulb_brown,12/3/2021,0.38,kg
vegetable,onion,bulb_red,12/3/2021,0.58,kg
vegetable,swede,swede,12/3/2021,0.23,kg
vegetable,turnip,turnip,12/3/2021,1.4,kg
vegetable,parsnips,all_varieties,12/3/2021,1.14,kg
vegetable,spinach_leaf,loose_bunches,12/3/2021,1.1,kg
cut_flowers,tulips,tulips,12/3/2021,0.3,stem
fruit,apples,bramleys_seedling,11/26/2021,1.59,kg
fruit,apples,coxs_orange_group,11/26/2021,1.2,kg
fruit,apples,egremont_russet,11/26/2021,1.24,kg
fruit,apples,braeburn,11/26/2021,1.06,kg
fruit,apples,gala,11/26/2021,1.01,kg
fruit,apples,other_mid_season,11/26/2021,0.8,kg
fruit,apples,other_late_season,11/26/2021,0.9,kg
fruit,pears,conference,11/26/2021,1.02,kg
fruit,pears,doyenne_du_comice,11/26/2021,1.02,kg
fruit,raspberries,raspberries,11/26/2021,4.8,kg
vegetable,beetroot,beetroot,11/26/2021,0.52,kg
vegetable,brussels_sprouts,brussels_sprouts,11/26/2021,0.91,kg
vegetable,pak_choi,pak_choi,11/26/2021,2.75,kg
vegetable,curly_kale,curly_kale,11/26/2021,3.12,kg
vegetable,cabbage,red,11/26/2021,0.57,kg
vegetable,cabbage,savoy,11/26/2021,0.51,head
vegetable,spring_greens,prepacked,11/26/2021,0.87,kg
vegetable,cabbage,summer_autumn_pointed,11/26/2021,0.6,kg
vegetable,cabbage,white,11/26/2021,0.47,kg
vegetable,cabbage,round_green_other,11/26/2021,0.47,head
vegetable,calabrese,calabrese,11/26/2021,1.5,kg
vegetable,capsicum,green,11/26/2021,1,kg
vegetable,capsicum,red,11/26/2021,0.75,kg
vegetable,carrots,topped_washed,11/26/2021,0.46,kg
vegetable,cauliflower,all,11/26/2021,1.03,head
vegetable,celery,all_washed,11/26/2021,0.76,kg
vegetable,celeriac,celeriac,11/26/2021,0.69,kg
vegetable,chinese_leaf,chinese_leaf,11/26/2021,0.95,kg
vegetable,coriander,coriander,11/26/2021,1.5,kg
vegetable,leeks,trimmed,11/26/2021,1.19,kg
vegetable,lettuce,butterhead_indoor,11/26/2021,0.45,head
vegetable,lettuce,little_gem,11/26/2021,0.83,twin
vegetable,onion,bulb_brown,11/26/2021,0.4,kg
vegetable,onion,bulb_red,11/26/2021,0.56,kg
vegetable,swede,swede,11/26/2021,0.23,kg
vegetable,turnip,turnip,11/26/2021,1.64,kg
vegetable,parsnips,all_varieties,11/26/2021,1.08,kg
vegetable,spinach_leaf,loose_bunches,11/26/2021,1.1,kg
fruit,apples,bramleys_seedling,11/19/2021,1.6,kg
fruit,apples,coxs_orange_group,11/19/2021,1.14,kg
fruit,apples,egremont_russet,11/19/2021,1.19,kg
fruit,apples,braeburn,11/19/2021,1.09,kg
fruit,apples,gala,11/19/2021,1.02,kg
fruit,apples,other_early_season,11/19/2021,1.06,kg
fruit,apples,other_late_season,11/19/2021,0.66,kg
fruit,pears,conference,11/19/2021,1.12,kg
fruit,pears,doyenne_du_comice,11/19/2021,1.06,kg
fruit,strawberries,strawberries,11/19/2021,8.75,kg
vegetable,beetroot,beetroot,11/19/2021,0.53,kg
vegetable,brussels_sprouts,brussels_sprouts,11/19/2021,0.95,kg
vegetable,pak_choi,pak_choi,11/19/2021,2.69,kg
vegetable,curly_kale,curly_kale,11/19/2021,3.22,kg
vegetable,cabbage,red,11/19/2021,0.56,kg
vegetable,cabbage,savoy,11/19/2021,0.52,head
vegetable,spring_greens,prepacked,11/19/2021,0.85,kg
vegetable,cabbage,summer_autumn_pointed,11/19/2021,0.6,kg
vegetable,cabbage,white,11/19/2021,0.47,kg
vegetable,cabbage,round_green_other,11/19/2021,0.47,head
vegetable,calabrese,calabrese,11/19/2021,1.47,kg
vegetable,capsicum,red,11/19/2021,1,kg
vegetable,capsicum,elongated,11/19/2021,1.7,kg
vegetable,carrots,topped_washed,11/19/2021,0.46,kg
vegetable,cauliflower,all,11/19/2021,0.95,head
vegetable,celery,all_washed,11/19/2021,0.78,kg
vegetable,celeriac,celeriac,11/19/2021,0.69,kg
vegetable,chinese_leaf,chinese_leaf,11/19/2021,0.89,kg
vegetable,coriander,coriander,11/19/2021,2.31,kg
vegetable,cucumbers,cucumbers,11/19/2021,0.9,kg
vegetable,leeks,trimmed,11/19/2021,1.22,kg
vegetable,lettuce,butterhead_indoor,11/19/2021,0.45,head
vegetable,lettuce,cos,11/19/2021,0.58,head
vegetable,lettuce,little_gem,11/19/2021,0.81,twin
vegetable,onion,bulb_brown,11/19/2021,0.43,kg
vegetable,onion,bulb_red,11/19/2021,0.57,kg
vegetable,swede,swede,11/19/2021,0.24,kg
vegetable,turnip,turnip,11/19/2021,1.54,kg
vegetable,parsnips,all_varieties,11/19/2021,1.09,kg
vegetable,spinach_leaf,loose_bunches,11/19/2021,1.21,kg
vegetable,tomatoes,round,11/19/2021,0.57,kg
vegetable,tomatoes,vine,11/19/2021,1.02,kg
vegetable,tomatoes,cherry,11/19/2021,3.3,kg
fruit,apples,bramleys_seedling,11/12/2021,1.49,kg
fruit,apples,coxs_orange_group,11/12/2021,1.09,kg
fruit,apples,egremont_russet,11/12/2021,1.14,kg
fruit,apples,braeburn,11/12/2021,1.01,kg
fruit,apples,gala,11/12/2021,1.01,kg
fruit,apples,other_early_season,11/12/2021,0.95,kg
fruit,pears,conference,11/12/2021,1.04,kg
fruit,pears,doyenne_du_comice,11/12/2021,1.08,kg
fruit,raspberries,raspberries,11/12/2021,4.4,kg
fruit,strawberries,strawberries,11/12/2021,6.24,kg
vegetable,beetroot,beetroot,11/12/2021,0.51,kg
vegetable,brussels_sprouts,brussels_sprouts,11/12/2021,0.98,kg
vegetable,pak_choi,pak_choi,11/12/2021,2.72,kg
vegetable,curly_kale,curly_kale,11/12/2021,3.26,kg
vegetable,cabbage,red,11/12/2021,0.55,kg
vegetable,cabbage,savoy,11/12/2021,0.5,head
vegetable,spring_greens,prepacked,11/12/2021,0.84,kg
vegetable,cabbage,summer_autumn_pointed,11/12/2021,0.55,kg
vegetable,cabbage,white,11/12/2021,0.46,kg
vegetable,cabbage,round_green_other,11/12/2021,0.46,head
vegetable,calabrese,calabrese,11/12/2021,1.49,kg
vegetable,carrots,topped_washed,11/12/2021,0.44,kg
vegetable,cauliflower,all,11/12/2021,0.83,head
vegetable,celery,all_washed,11/12/2021,0.76,kg
vegetable,celeriac,celeriac,11/12/2021,0.68,kg
vegetable,chinese_leaf,chinese_leaf,11/12/2021,0.94,kg
vegetable,coriander,coriander,11/12/2021,1.84,kg
vegetable,cucumbers,cucumbers,11/12/2021,0.83,kg
vegetable,leeks,trimmed,11/12/2021,1.2,kg
vegetable,lettuce,butterhead_indoor,11/12/2021,0.43,head
vegetable,lettuce,cos,11/12/2021,0.59,head
vegetable,lettuce,little_gem,11/12/2021,0.79,twin
vegetable,onion,bulb_brown,11/12/2021,0.42,kg
vegetable,onion,bulb_red,11/12/2021,0.55,kg
vegetable,swede,swede,11/12/2021,0.24,kg
vegetable,turnip,turnip,11/12/2021,1.48,kg
vegetable,parsnips,all_varieties,11/12/2021,1.08,kg
vegetable,rhubarb,outdoor,11/12/2021,1.54,kg
vegetable,spinach_leaf,loose_bunches,11/12/2021,1.19,kg
vegetable,tomatoes,round,11/12/2021,0.64,kg
vegetable,tomatoes,vine,11/12/2021,1,kg
vegetable,tomatoes,cherry,11/12/2021,3.06,kg
fruit,apples,bramleys_seedling,11/5/2021,1.56,kg
fruit,apples,coxs_orange_group,11/5/2021,1.09,kg
fruit,apples,egremont_russet,11/5/2021,1.18,kg
fruit,apples,braeburn,11/5/2021,1.2,kg
fruit,apples,gala,11/5/2021,1,kg
fruit,apples,other_early_season,11/5/2021,0.95,kg
fruit,blackberries,blackberries,11/5/2021,12,kg
fruit,pears,conference,11/5/2021,1.03,kg
fruit,pears,doyenne_du_comice,11/5/2021,1.04,kg
fruit,raspberries,raspberries,11/5/2021,3.84,kg
fruit,strawberries,strawberries,11/5/2021,1.86,kg
vegetable,beetroot,beetroot,11/5/2021,0.49,kg
vegetable,brussels_sprouts,brussels_sprouts,11/5/2021,0.99,kg
vegetable,pak_choi,pak_choi,11/5/2021,2.77,kg
vegetable,curly_kale,curly_kale,11/5/2021,3.15,kg
vegetable,cabbage,red,11/5/2021,0.55,kg
vegetable,cabbage,savoy,11/5/2021,0.49,head
vegetable,spring_greens,prepacked,11/5/2021,0.78,kg
vegetable,cabbage,summer_autumn_pointed,11/5/2021,0.58,kg
vegetable,cabbage,white,11/5/2021,0.47,kg
vegetable,cabbage,round_green_other,11/5/2021,0.47,head
vegetable,calabrese,calabrese,11/5/2021,1.48,kg
vegetable,capsicum,green,11/5/2021,1.02,kg
vegetable,capsicum,red,11/5/2021,1.02,kg
vegetable,carrots,topped_washed,11/5/2021,0.45,kg
vegetable,cauliflower,all,11/5/2021,0.67,head
vegetable,celery,all_washed,11/5/2021,0.71,kg
vegetable,celeriac,celeriac,11/5/2021,0.69,kg
vegetable,chinese_leaf,chinese_leaf,11/5/2021,0.95,kg
vegetable,coriander,coriander,11/5/2021,2.12,kg
vegetable,cucumbers,cucumbers,11/5/2021,0.63,kg
vegetable,leeks,trimmed,11/5/2021,1.21,kg
vegetable,lettuce,butterhead_indoor,11/5/2021,0.42,head
vegetable,lettuce,cos,11/5/2021,0.59,head
vegetable,lettuce,crisp_iceberg_type,11/5/2021,0.28,head
vegetable,lettuce,little_gem,11/5/2021,0.77,twin
vegetable,rocket,rocket,11/5/2021,5,kg
vegetable,mixed_babyleaf_salad,pillow_pack,11/5/2021,5,kg
vegetable,onion,bulb_brown,11/5/2021,0.42,kg
vegetable,onion,bulb_red,11/5/2021,0.57,kg
vegetable,swede,swede,11/5/2021,0.24,kg
vegetable,turnip,turnip,11/5/2021,1.77,kg
vegetable,parsnips,all_varieties,11/5/2021,1.07,kg
vegetable,rhubarb,outdoor,11/5/2021,1.54,kg
vegetable,spinach_leaf,loose_bunches,11/5/2021,1.19,kg
vegetable,tomatoes,round,11/5/2021,0.64,kg
vegetable,tomatoes,cherry,11/5/2021,3.06,kg
cut_flowers,gladioli,all_varieties,11/5/2021,0.31,stem
fruit,apples,bramleys_seedling,10/29/2021,1.51,kg
fruit,apples,coxs_orange_group,10/29/2021,1.24,kg
fruit,apples,egremont_russet,10/29/2021,1.27,kg
fruit,apples,braeburn,10/29/2021,1.12,kg
fruit,apples,gala,10/29/2021,1.03,kg
fruit,apples,other_early_season,10/29/2021,1.02,kg
fruit,apples,other_late_season,10/29/2021,1.01,kg
fruit,pears,conference,10/29/2021,1.01,kg
fruit,pears,doyenne_du_comice,10/29/2021,1.13,kg
fruit,raspberries,raspberries,10/29/2021,3.73,kg
fruit,strawberries,strawberries,10/29/2021,2.77,kg
vegetable,beetroot,beetroot,10/29/2021,0.52,kg
vegetable,brussels_sprouts,brussels_sprouts,10/29/2021,1,kg
vegetable,pak_choi,pak_choi,10/29/2021,2.9,kg
vegetable,curly_kale,curly_kale,10/29/2021,3.24,kg
vegetable,cabbage,red,10/29/2021,0.54,kg
vegetable,cabbage,savoy,10/29/2021,0.51,head
vegetable,spring_greens,prepacked,10/29/2021,0.75,kg
vegetable,cabbage,summer_autumn_pointed,10/29/2021,0.59,kg
vegetable,cabbage,white,10/29/2021,0.46,kg
vegetable,cabbage,round_green_other,10/29/2021,0.48,head
vegetable,calabrese,calabrese,10/29/2021,1.51,kg
vegetable,capsicum,green,10/29/2021,1.18,kg
vegetable,capsicum,red,10/29/2021,1.18,kg
vegetable,capsicum,elongated,10/29/2021,1.2,kg
vegetable,carrots,topped_washed,10/29/2021,0.44,kg
vegetable,cauliflower,all,10/29/2021,0.59,head
vegetable,celery,all_washed,10/29/2021,0.69,kg
vegetable,celeriac,celeriac,10/29/2021,0.67,kg
vegetable,chinese_leaf,chinese_leaf,10/29/2021,0.96,kg
vegetable,coriander,coriander,10/29/2021,1.74,kg
vegetable,cucumbers,cucumbers,10/29/2021,0.72,kg
vegetable,leeks,trimmed,10/29/2021,1.18,kg
vegetable,lettuce,butterhead_indoor,10/29/2021,0.43,head
vegetable,lettuce,cos,10/29/2021,0.61,head
vegetable,lettuce,little_gem,10/29/2021,0.69,twin
vegetable,rocket,rocket,10/29/2021,5.14,kg
vegetable,mixed_babyleaf_salad,pillow_pack,10/29/2021,4.85,kg
vegetable,onion,bulb_brown,10/29/2021,0.45,kg
vegetable,onion,bulb_red,10/29/2021,0.62,kg
vegetable,swede,swede,10/29/2021,0.23,kg
vegetable,turnip,turnip,10/29/2021,1.66,kg
vegetable,parsnips,all_varieties,10/29/2021,1.07,kg
vegetable,rhubarb,outdoor,10/29/2021,1.54,kg
vegetable,spinach_leaf,loose_bunches,10/29/2021,1.23,kg
vegetable,sweetcorn,sweetcorn,10/29/2021,0.3,head
vegetable,tomatoes,round,10/29/2021,0.9,kg
vegetable,tomatoes,cherry,10/29/2021,3.06,kg
cut_flowers,gladioli,all_varieties,10/29/2021,0.31,stem
fruit,apples,bramleys_seedling,10/22/2021,1.53,kg
fruit,apples,coxs_orange_group,10/22/2021,1.26,kg
fruit,apples,egremont_russet,10/22/2021,1.31,kg
fruit,apples,braeburn,10/22/2021,1.07,kg
fruit,apples,gala,10/22/2021,1.11,kg
fruit,apples,other_early_season,10/22/2021,0.82,kg
fruit,currants,red,10/22/2021,3.6,kg
fruit,blueberries,blueberries,10/22/2021,4.57,kg
fruit,pears,conference,10/22/2021,1.05,kg
fruit,pears,doyenne_du_comice,10/22/2021,1.05,kg
fruit,raspberries,raspberries,10/22/2021,8.28,kg
fruit,strawberries,strawberries,10/22/2021,2.91,kg
vegetable,beans,broad,10/22/2021,1.43,kg
vegetable,beans,dwarf_french_or_kidney,10/22/2021,2.09,kg
vegetable,beans,runner_climbing,10/22/2021,1.83,kg
vegetable,beetroot,beetroot,10/22/2021,0.51,kg
vegetable,brussels_sprouts,brussels_sprouts,10/22/2021,1.04,kg
vegetable,pak_choi,pak_choi,10/22/2021,2.74,kg
vegetable,curly_kale,curly_kale,10/22/2021,3.22,kg
vegetable,cabbage,red,10/22/2021,0.54,kg
vegetable,cabbage,savoy,10/22/2021,0.5,head
vegetable,spring_greens,prepacked,10/22/2021,0.75,kg
vegetable,cabbage,summer_autumn_pointed,10/22/2021,0.58,kg
vegetable,cabbage,white,10/22/2021,0.46,kg
vegetable,cabbage,round_green_other,10/22/2021,0.45,head
vegetable,calabrese,calabrese,10/22/2021,1.5,kg
vegetable,capsicum,elongated,10/22/2021,1.2,kg
vegetable,carrots,topped_washed,10/22/2021,0.44,kg
vegetable,cauliflower,all,10/22/2021,0.64,head
vegetable,celery,all_washed,10/22/2021,0.73,kg
vegetable,celeriac,celeriac,10/22/2021,0.68,kg
vegetable,chinese_leaf,chinese_leaf,10/22/2021,0.97,kg
vegetable,coriander,coriander,10/22/2021,1.61,kg
vegetable,courgettes,courgettes,10/22/2021,1.48,kg
vegetable,cucumbers,cucumbers,10/22/2021,0.89,kg
vegetable,leeks,trimmed,10/22/2021,1.21,kg
vegetable,lettuce,butterhead_indoor,10/22/2021,0.4,head
vegetable,lettuce,cos,10/22/2021,0.63,head
vegetable,lettuce,crisp_iceberg_type,10/22/2021,0.55,head
vegetable,lettuce,little_gem,10/22/2021,0.67,twin
vegetable,rocket,rocket,10/22/2021,5.2,kg
vegetable,mixed_babyleaf_salad,pillow_pack,10/22/2021,4.78,kg
vegetable,onion,bulb_brown,10/22/2021,0.46,kg
vegetable,onion,bulb_red,10/22/2021,0.61,kg
vegetable,onion,saladspring,10/22/2021,0.26,kg
vegetable,swede,swede,10/22/2021,0.23,kg
vegetable,turnip,turnip,10/22/2021,1.67,kg
vegetable,parsnips,all_varieties,10/22/2021,1.07,kg
vegetable,rhubarb,outdoor,10/22/2021,1.54,kg
vegetable,spinach_leaf,loose_bunches,10/22/2021,1.26,kg
vegetable,sweetcorn,sweetcorn,10/22/2021,0.25,head
vegetable,tomatoes,round,10/22/2021,1.16,kg
vegetable,tomatoes,cherry,10/22/2021,3.06,kg
cut_flowers,gladioli,all_varieties,10/22/2021,0.33,stem
fruit,apples,bramleys_seedling,10/15/2021,1.46,kg
fruit,apples,coxs_orange_group,10/15/2021,1.28,kg
fruit,apples,egremont_russet,10/15/2021,1.33,kg
fruit,apples,gala,10/15/2021,1.12,kg
fruit,apples,other_early_season,10/15/2021,0.89,kg
fruit,apples,other_late_season,10/15/2021,0.87,kg
fruit,currants,red,10/15/2021,4,kg
fruit,blueberries,blueberries,10/15/2021,9.25,kg
fruit,pears,conference,10/15/2021,1.06,kg
fruit,pears,doyenne_du_comice,10/15/2021,1.07,kg
fruit,plums,all_other,10/15/2021,2.44,kg
fruit,raspberries,raspberries,10/15/2021,6.84,kg
fruit,strawberries,strawberries,10/15/2021,2.32,kg
vegetable,beans,broad,10/15/2021,1.43,kg
vegetable,beans,dwarf_french_or_kidney,10/15/2021,2.45,kg
vegetable,beans,runner_climbing,10/15/2021,1.95,kg
vegetable,beetroot,beetroot,10/15/2021,0.5,kg
vegetable,brussels_sprouts,brussels_sprouts,10/15/2021,1.04,kg
vegetable,pak_choi,pak_choi,10/15/2021,2.79,kg
vegetable,curly_kale,curly_kale,10/15/2021,3.17,kg
vegetable,cabbage,red,10/15/2021,0.55,kg
vegetable,cabbage,savoy,10/15/2021,0.51,head
vegetable,spring_greens,prepacked,10/15/2021,0.77,kg
vegetable,cabbage,summer_autumn_pointed,10/15/2021,0.58,kg
vegetable,cabbage,white,10/15/2021,0.48,kg
vegetable,cabbage,round_green_other,10/15/2021,0.46,head
vegetable,calabrese,calabrese,10/15/2021,1.28,kg
vegetable,capsicum,elongated,10/15/2021,1,kg
vegetable,carrots,topped_washed,10/15/2021,0.44,kg
vegetable,cauliflower,all,10/15/2021,0.7,head
vegetable,celery,all_washed,10/15/2021,0.73,kg
vegetable,celeriac,celeriac,10/15/2021,0.68,kg
vegetable,chinese_leaf,chinese_leaf,10/15/2021,0.93,kg
vegetable,coriander,coriander,10/15/2021,1.84,kg
vegetable,courgettes,courgettes,10/15/2021,1.28,kg
vegetable,cucumbers,cucumbers,10/15/2021,1.13,kg
vegetable,leeks,trimmed,10/15/2021,1.2,kg
vegetable,lettuce,butterhead_indoor,10/15/2021,0.41,head
vegetable,lettuce,cos,10/15/2021,0.63,head
vegetable,lettuce,crisp_iceberg_type,10/15/2021,0.54,head
vegetable,lettuce,little_gem,10/15/2021,0.66,twin
vegetable,rocket,rocket,10/15/2021,5.07,kg
vegetable,mixed_babyleaf_salad,pillow_pack,10/15/2021,5.07,kg
vegetable,onion,bulb_brown,10/15/2021,0.45,kg
vegetable,onion,bulb_red,10/15/2021,0.63,kg
vegetable,onion,saladspring,10/15/2021,0.38,kg
vegetable,swede,swede,10/15/2021,0.24,kg
vegetable,turnip,turnip,10/15/2021,1.69,kg
vegetable,parsnips,all_varieties,10/15/2021,1.07,kg
vegetable,peas,shelling_all_varieties,10/15/2021,2.42,kg
vegetable,rhubarb,outdoor,10/15/2021,1.54,kg
vegetable,spinach_leaf,loose_bunches,10/15/2021,1.3,kg
vegetable,sweetcorn,sweetcorn,10/15/2021,0.24,head
vegetable,tomatoes,round,10/15/2021,0.98,kg
vegetable,tomatoes,vine,10/15/2021,1.45,kg
vegetable,tomatoes,cherry,10/15/2021,3.06,kg
cut_flowers,gladioli,all_varieties,10/15/2021,0.33,stem
fruit,apples,bramleys_seedling,10/8/2021,1.58,kg
fruit,apples,coxs_orange_group,10/8/2021,1.44,kg
fruit,apples,egremont_russet,10/8/2021,1.52,kg
fruit,apples,gala,10/8/2021,1.11,kg
fruit,apples,other_early_season,10/8/2021,0.86,kg
fruit,blackberries,blackberries,10/8/2021,6.4,kg
fruit,blueberries,blueberries,10/8/2021,9.84,kg
fruit,pears,conference,10/8/2021,1.02,kg
fruit,pears,doyenne_du_comice,10/8/2021,1.2,kg
fruit,plums,all_other,10/8/2021,2.26,kg
fruit,raspberries,raspberries,10/8/2021,8.28,kg
fruit,strawberries,strawberries,10/8/2021,2.16,kg
vegetable,beans,broad,10/8/2021,1.65,kg
vegetable,beans,dwarf_french_or_kidney,10/8/2021,2.13,kg
vegetable,beans,runner_climbing,10/8/2021,2.63,kg
vegetable,beetroot,beetroot,10/8/2021,0.51,kg
vegetable,brussels_sprouts,brussels_sprouts,10/8/2021,1.08,kg
vegetable,pak_choi,pak_choi,10/8/2021,2.74,kg
vegetable,curly_kale,curly_kale,10/8/2021,3.28,kg
vegetable,cabbage,red,10/8/2021,0.58,kg
vegetable,cabbage,savoy,10/8/2021,0.5,head
vegetable,spring_greens,prepacked,10/8/2021,0.76,kg
vegetable,cabbage,summer_autumn_pointed,10/8/2021,0.58,kg
vegetable,cabbage,white,10/8/2021,0.46,kg
vegetable,cabbage,round_green_other,10/8/2021,0.47,head
vegetable,calabrese,calabrese,10/8/2021,1.18,kg
vegetable,capsicum,red,10/8/2021,0.63,kg
vegetable,capsicum,elongated,10/8/2021,1.5,kg
vegetable,carrots,topped_washed,10/8/2021,0.44,kg
vegetable,cauliflower,all,10/8/2021,0.58,head
vegetable,celery,all_washed,10/8/2021,0.73,kg
vegetable,celeriac,celeriac,10/8/2021,0.67,kg
vegetable,chinese_leaf,chinese_leaf,10/8/2021,0.95,kg
vegetable,coriander,coriander,10/8/2021,1.67,kg
vegetable,courgettes,courgettes,10/8/2021,1.21,kg
vegetable,cucumbers,cucumbers,10/8/2021,1.05,kg
vegetable,leeks,trimmed,10/8/2021,1.18,kg
vegetable,lettuce,butterhead_indoor,10/8/2021,0.43,head
vegetable,lettuce,cos,10/8/2021,0.57,head
vegetable,lettuce,crisp_iceberg_type,10/8/2021,0.52,head
vegetable,lettuce,little_gem,10/8/2021,0.63,twin
vegetable,rocket,rocket,10/8/2021,5.04,kg
vegetable,mixed_babyleaf_salad,pillow_pack,10/8/2021,5.05,kg
vegetable,onion,bulb_brown,10/8/2021,0.46,kg
vegetable,onion,bulb_red,10/8/2021,0.64,kg
vegetable,onion,saladspring,10/8/2021,0.38,kg
vegetable,swede,swede,10/8/2021,0.24,kg
vegetable,turnip,turnip,10/8/2021,1.69,kg
vegetable,parsnips,all_varieties,10/8/2021,1.07,kg
vegetable,peas,shelling_all_varieties,10/8/2021,2.34,kg
vegetable,rhubarb,outdoor,10/8/2021,1.58,kg
vegetable,spinach_leaf,loose_bunches,10/8/2021,1.24,kg
vegetable,sweetcorn,sweetcorn,10/8/2021,0.24,head
vegetable,tomatoes,round,10/8/2021,0.93,kg
vegetable,tomatoes,vine,10/8/2021,1.25,kg
vegetable,tomatoes,cherry,10/8/2021,3.06,kg
cut_flowers,gladioli,all_varieties,10/8/2021,0.33,stem
fruit,apples,bramleys_seedling,10/1/2021,1.29,kg
fruit,apples,coxs_orange_group,10/1/2021,1.44,kg
fruit,apples,egremont_russet,10/1/2021,1.44,kg
fruit,apples,gala,10/1/2021,1.09,kg
fruit,apples,other_early_season,10/1/2021,0.96,kg
fruit,apples,other_mid_season,10/1/2021,0.84,kg
fruit,blackberries,blackberries,10/1/2021,7.07,kg
fruit,currants,red,10/1/2021,7.2,kg
fruit,blueberries,blueberries,10/1/2021,9.9,kg
fruit,pears,conference,10/1/2021,0.98,kg
fruit,plums,all_other,10/1/2021,2.05,kg
fruit,raspberries,raspberries,10/1/2021,8.3,kg
fruit,strawberries,strawberries,10/1/2021,2.35,kg
vegetable,beans,broad,10/1/2021,1.63,kg
vegetable,beans,dwarf_french_or_kidney,10/1/2021,2.26,kg
vegetable,beans,runner_climbing,10/1/2021,2.47,kg
vegetable,beetroot,beetroot,10/1/2021,0.51,kg
vegetable,brussels_sprouts,brussels_sprouts,10/1/2021,1.08,kg
vegetable,pak_choi,pak_choi,10/1/2021,2.69,kg
vegetable,curly_kale,curly_kale,10/1/2021,3.25,kg
vegetable,cabbage,red,10/1/2021,0.57,kg
vegetable,cabbage,savoy,10/1/2021,0.5,head
vegetable,spring_greens,prepacked,10/1/2021,0.76,kg
vegetable,cabbage,summer_autumn_pointed,10/1/2021,0.58,kg
vegetable,cabbage,white,10/1/2021,0.49,kg
vegetable,cabbage,round_green_other,10/1/2021,0.47,head
vegetable,calabrese,calabrese,10/1/2021,1.16,kg
vegetable,capsicum,red,10/1/2021,0.5,kg
vegetable,capsicum,elongated,10/1/2021,1.45,kg
vegetable,carrots,topped_washed,10/1/2021,0.45,kg
vegetable,cauliflower,all,10/1/2021,0.57,head
vegetable,celery,all_washed,10/1/2021,0.75,kg
vegetable,celeriac,celeriac,10/1/2021,0.67,kg
vegetable,chinese_leaf,chinese_leaf,10/1/2021,0.94,kg
vegetable,coriander,coriander,10/1/2021,1.71,kg
vegetable,courgettes,courgettes,10/1/2021,1.2,kg
vegetable,cucumbers,cucumbers,10/1/2021,0.96,kg
vegetable,leeks,trimmed,10/1/2021,1.24,kg
vegetable,lettuce,butterhead_indoor,10/1/2021,0.41,head
vegetable,lettuce,cos,10/1/2021,0.59,head
vegetable,lettuce,crisp_iceberg_type,10/1/2021,0.52,head
vegetable,lettuce,little_gem,10/1/2021,0.64,twin
vegetable,rocket,rocket,10/1/2021,5.14,kg
vegetable,mixed_babyleaf_salad,pillow_pack,10/1/2021,5.09,kg
vegetable,onion,bulb_brown,10/1/2021,0.45,kg
vegetable,onion,bulb_red,10/1/2021,0.63,kg
vegetable,onion,saladspring,10/1/2021,0.37,kg
vegetable,swede,swede,10/1/2021,0.23,kg
vegetable,turnip,turnip,10/1/2021,1.65,kg
vegetable,parsnips,all_varieties,10/1/2021,1.11,kg
vegetable,peas,shelling_all_varieties,10/1/2021,2.4,kg
vegetable,rhubarb,outdoor,10/1/2021,1.43,kg
vegetable,spinach_leaf,loose_bunches,10/1/2021,1.28,kg
vegetable,sweetcorn,sweetcorn,10/1/2021,0.26,head
vegetable,tomatoes,round,10/1/2021,1.08,kg
vegetable,tomatoes,cherry,10/1/2021,3.06,kg
cut_flowers,gladioli,all_varieties,10/1/2021,0.33,stem
fruit,apples,bramleys_seedling,9/24/2021,1.23,kg
fruit,apples,coxs_orange_group,9/24/2021,1.31,kg
fruit,apples,egremont_russet,9/24/2021,1.36,kg
fruit,apples,braeburn,9/24/2021,0.53,kg
fruit,apples,gala,9/24/2021,0.96,kg
fruit,apples,other_early_season,9/24/2021,0.95,kg
fruit,apples,other_mid_season,9/24/2021,0.83,kg
fruit,apples,other_late_season,9/24/2021,1.17,kg
fruit,blackberries,blackberries,9/24/2021,6.4,kg
fruit,currants,black,9/24/2021,6.7,kg
fruit,currants,red,9/24/2021,8.46,kg
fruit,blueberries,blueberries,9/24/2021,8.82,kg
fruit,pears,conference,9/24/2021,1,kg
fruit,plums,all_other,9/24/2021,2.83,kg
fruit,raspberries,raspberries,9/24/2021,7.19,kg
fruit,strawberries,strawberries,9/24/2021,2.23,kg
vegetable,beans,broad,9/24/2021,1.5,kg
vegetable,beans,dwarf_french_or_kidney,9/24/2021,2.32,kg
vegetable,beans,runner_climbing,9/24/2021,2.65,kg
vegetable,beetroot,beetroot,9/24/2021,0.53,kg
vegetable,brussels_sprouts,brussels_sprouts,9/24/2021,1.08,kg
vegetable,pak_choi,pak_choi,9/24/2021,2.65,kg
vegetable,curly_kale,curly_kale,9/24/2021,3.12,kg
vegetable,cabbage,red,9/24/2021,0.61,kg
vegetable,cabbage,savoy,9/24/2021,0.51,head
vegetable,spring_greens,prepacked,9/24/2021,0.74,kg
vegetable,cabbage,summer_autumn_pointed,9/24/2021,0.57,kg
vegetable,cabbage,white,9/24/2021,0.46,kg
vegetable,cabbage,round_green_other,9/24/2021,0.44,head
vegetable,calabrese,calabrese,9/24/2021,1.3,kg
vegetable,capsicum,red,9/24/2021,0.5,kg
vegetable,carrots,topped_washed,9/24/2021,0.45,kg
vegetable,cauliflower,all,9/24/2021,0.57,head
vegetable,celery,all_washed,9/24/2021,0.74,kg
vegetable,celeriac,celeriac,9/24/2021,0.69,kg
vegetable,chinese_leaf,chinese_leaf,9/24/2021,0.96,kg
vegetable,coriander,coriander,9/24/2021,1.64,kg
vegetable,courgettes,courgettes,9/24/2021,1.1,kg
vegetable,cucumbers,cucumbers,9/24/2021,0.97,kg
vegetable,leeks,trimmed,9/24/2021,1.19,kg
vegetable,lettuce,butterhead_indoor,9/24/2021,0.42,head
vegetable,lettuce,cos,9/24/2021,0.58,head
vegetable,lettuce,crisp_iceberg_type,9/24/2021,0.54,head
vegetable,lettuce,little_gem,9/24/2021,0.64,twin
vegetable,rocket,rocket,9/24/2021,4.97,kg
vegetable,mixed_babyleaf_salad,pillow_pack,9/24/2021,5.1,kg
vegetable,onion,bulb_brown,9/24/2021,0.45,kg
vegetable,onion,bulb_red,9/24/2021,0.61,kg
vegetable,onion,saladspring,9/24/2021,0.39,kg
vegetable,swede,swede,9/24/2021,0.23,kg
vegetable,turnip,turnip,9/24/2021,1.65,kg
vegetable,parsnips,all_varieties,9/24/2021,1.13,kg
vegetable,peas,shelling_all_varieties,9/24/2021,2.51,kg
vegetable,rhubarb,outdoor,9/24/2021,1.43,kg
vegetable,spinach_leaf,loose_bunches,9/24/2021,1.45,kg
vegetable,sweetcorn,sweetcorn,9/24/2021,0.26,head
vegetable,tomatoes,round,9/24/2021,1.45,kg
vegetable,tomatoes,vine,9/24/2021,1.91,kg
vegetable,tomatoes,cherry,9/24/2021,3.4,kg
cut_flowers,gladioli,all_varieties,9/24/2021,0.21,stem
fruit,apples,bramleys_seedling,9/17/2021,1.18,kg
fruit,apples,coxs_orange_group,9/17/2021,1.4,kg
fruit,apples,egremont_russet,9/17/2021,1.6,kg
fruit,apples,gala,9/17/2021,1.04,kg
fruit,apples,other_early_season,9/17/2021,0.97,kg
fruit,apples,other_mid_season,9/17/2021,0.96,kg
fruit,apples,other_late_season,9/17/2021,0.92,kg
fruit,blackberries,blackberries,9/17/2021,7.39,kg
fruit,currants,black,9/17/2021,6.7,kg
fruit,blueberries,blueberries,9/17/2021,6.28,kg
fruit,pears,conference,9/17/2021,1.05,kg
fruit,plums,victoria,9/17/2021,2.73,kg
fruit,plums,all_other,9/17/2021,2.89,kg
fruit,raspberries,raspberries,9/17/2021,8.78,kg
fruit,strawberries,strawberries,9/17/2021,2.36,kg
vegetable,beans,broad,9/17/2021,1.52,kg
vegetable,beans,dwarf_french_or_kidney,9/17/2021,2.06,kg
vegetable,beans,runner_climbing,9/17/2021,2.66,kg
vegetable,beetroot,beetroot,9/17/2021,0.53,kg
vegetable,brussels_sprouts,brussels_sprouts,9/17/2021,1.1,kg
vegetable,pak_choi,pak_choi,9/17/2021,2.68,kg
vegetable,curly_kale,curly_kale,9/17/2021,3.1,kg
vegetable,cabbage,red,9/17/2021,0.59,kg
vegetable,cabbage,savoy,9/17/2021,0.51,head
vegetable,spring_greens,prepacked,9/17/2021,0.74,kg
vegetable,cabbage,summer_autumn_pointed,9/17/2021,0.58,kg
vegetable,cabbage,white,9/17/2021,0.46,kg
vegetable,cabbage,round_green_other,9/17/2021,0.45,head
vegetable,calabrese,calabrese,9/17/2021,1.44,kg
vegetable,carrots,topped_washed,9/17/2021,0.45,kg
vegetable,cauliflower,all,9/17/2021,0.8,head
vegetable,celery,all_washed,9/17/2021,0.74,kg
vegetable,celeriac,celeriac,9/17/2021,0.69,kg
vegetable,chinese_leaf,chinese_leaf,9/17/2021,0.92,kg
vegetable,coriander,coriander,9/17/2021,1.77,kg
vegetable,courgettes,courgettes,9/17/2021,1.18,kg
vegetable,cucumbers,cucumbers,9/17/2021,0.95,kg
vegetable,leeks,trimmed,9/17/2021,1.19,kg
vegetable,lettuce,butterhead_indoor,9/17/2021,0.44,head
vegetable,lettuce,cos,9/17/2021,0.64,head
vegetable,lettuce,crisp_iceberg_type,9/17/2021,0.57,head
vegetable,lettuce,little_gem,9/17/2021,0.65,twin
vegetable,rocket,rocket,9/17/2021,5.14,kg
vegetable,mixed_babyleaf_salad,pillow_pack,9/17/2021,5.05,kg
vegetable,onion,bulb_brown,9/17/2021,0.48,kg
vegetable,onion,bulb_red,9/17/2021,0.65,kg
vegetable,onion,saladspring,9/17/2021,0.39,kg
vegetable,swede,swede,9/17/2021,0.23,kg
vegetable,turnip,turnip,9/17/2021,1.59,kg
vegetable,parsnips,all_varieties,9/17/2021,1.26,kg
vegetable,peas,shelling_all_varieties,9/17/2021,2.72,kg
vegetable,rhubarb,outdoor,9/17/2021,1.5,kg
vegetable,spinach_leaf,loose_bunches,9/17/2021,1.47,kg
vegetable,sweetcorn,sweetcorn,9/17/2021,0.26,head
vegetable,tomatoes,round,9/17/2021,1.49,kg
vegetable,tomatoes,vine,9/17/2021,1.1,kg
vegetable,tomatoes,cherry,9/17/2021,3.54,kg
cut_flowers,gladioli,all_varieties,9/17/2021,0.21,stem
fruit,apples,bramleys_seedling,9/10/2021,1.19,kg
fruit,apples,coxs_orange_group,9/10/2021,1.42,kg
fruit,apples,gala,9/10/2021,1.1,kg
fruit,apples,other_early_season,9/10/2021,1.02,kg
fruit,apples,other_late_season,9/10/2021,1.17,kg
fruit,blackberries,blackberries,9/10/2021,8.97,kg
fruit,currants,black,9/10/2021,6.17,kg
fruit,currants,red,9/10/2021,5.59,kg
fruit,blueberries,blueberries,9/10/2021,6.69,kg
fruit,cherries,all,9/10/2021,3.26,kg
fruit,pears,conference,9/10/2021,1.03,kg
fruit,pears,other,9/10/2021,0.88,kg
fruit,plums,victoria,9/10/2021,2.84,kg
fruit,plums,all_other,9/10/2021,2.4,kg
fruit,raspberries,raspberries,9/10/2021,9.71,kg
fruit,strawberries,strawberries,9/10/2021,3.53,kg
vegetable,beans,broad,9/10/2021,1.64,kg
vegetable,beans,dwarf_french_or_kidney,9/10/2021,2.34,kg
vegetable,beans,runner_climbing,9/10/2021,2.71,kg
vegetable,beetroot,beetroot,9/10/2021,0.54,kg
vegetable,brussels_sprouts,brussels_sprouts,9/10/2021,1.52,kg
vegetable,pak_choi,pak_choi,9/10/2021,2.7,kg
vegetable,curly_kale,curly_kale,9/10/2021,3.32,kg
vegetable,cabbage,red,9/10/2021,0.58,kg
vegetable,cabbage,savoy,9/10/2021,0.5,head
vegetable,spring_greens,prepacked,9/10/2021,0.75,kg
vegetable,cabbage,summer_autumn_pointed,9/10/2021,0.63,kg
vegetable,cabbage,white,9/10/2021,0.47,kg
vegetable,cabbage,round_green_other,9/10/2021,0.46,head
vegetable,calabrese,calabrese,9/10/2021,1.56,kg
vegetable,carrots,topped_washed,9/10/2021,0.45,kg
vegetable,cauliflower,all,9/10/2021,1.08,head
vegetable,celery,all_washed,9/10/2021,0.74,kg
vegetable,celeriac,celeriac,9/10/2021,0.69,kg
vegetable,chinese_leaf,chinese_leaf,9/10/2021,0.92,kg
vegetable,coriander,coriander,9/10/2021,1.68,kg
vegetable,courgettes,courgettes,9/10/2021,1.33,kg
vegetable,cucumbers,cucumbers,9/10/2021,1.03,kg
vegetable,leeks,trimmed,9/10/2021,1.18,kg
vegetable,lettuce,butterhead_indoor,9/10/2021,0.45,head
vegetable,lettuce,cos,9/10/2021,0.63,head
vegetable,lettuce,crisp_iceberg_type,9/10/2021,0.6,head
vegetable,lettuce,little_gem,9/10/2021,0.68,twin
vegetable,rocket,rocket,9/10/2021,5.13,kg
vegetable,mixed_babyleaf_salad,pillow_pack,9/10/2021,5.06,kg
vegetable,onion,bulb_brown,9/10/2021,0.47,kg
vegetable,onion,bulb_red,9/10/2021,0.63,kg
vegetable,onion,saladspring,9/10/2021,0.39,kg
vegetable,swede,swede,9/10/2021,0.23,kg
vegetable,turnip,turnip,9/10/2021,1.59,kg
vegetable,parsnips,all_varieties,9/10/2021,1.27,kg
vegetable,peas,shelling_all_varieties,9/10/2021,2.56,kg
vegetable,rhubarb,outdoor,9/10/2021,1.46,kg
vegetable,spinach_leaf,loose_bunches,9/10/2021,1.42,kg
vegetable,sweetcorn,sweetcorn,9/10/2021,0.28,head
vegetable,tomatoes,round,9/10/2021,1.34,kg
vegetable,tomatoes,vine,9/10/2021,1.22,kg
vegetable,tomatoes,cherry,9/10/2021,3.4,kg
cut_flowers,gladioli,all_varieties,9/10/2021,0.24,stem
fruit,apples,bramleys_seedling,9/3/2021,1.19,kg
fruit,apples,other_early_season,9/3/2021,1.02,kg
fruit,blackberries,blackberries,9/3/2021,9.68,kg
fruit,currants,black,9/3/2021,6.15,kg
fruit,currants,red,9/3/2021,6.27,kg
fruit,blueberries,blueberries,9/3/2021,6.16,kg
fruit,pears,conference,9/3/2021,1.04,kg
fruit,pears,other,9/3/2021,0.88,kg
fruit,plums,victoria,9/3/2021,2.63,kg
fruit,plums,all_other,9/3/2021,2.47,kg
fruit,raspberries,raspberries,9/3/2021,11.62,kg
fruit,strawberries,strawberries,9/3/2021,3.61,kg
vegetable,beans,broad,9/3/2021,1.73,kg
vegetable,beans,dwarf_french_or_kidney,9/3/2021,2.58,kg
vegetable,beans,runner_climbing,9/3/2021,2.84,kg
vegetable,beetroot,beetroot,9/3/2021,0.59,kg
vegetable,brussels_sprouts,brussels_sprouts,9/3/2021,1.46,kg
vegetable,pak_choi,pak_choi,9/3/2021,2.77,kg
vegetable,curly_kale,curly_kale,9/3/2021,3.21,kg
vegetable,cabbage,red,9/3/2021,0.6,kg
vegetable,cabbage,savoy,9/3/2021,0.51,head
vegetable,spring_greens,prepacked,9/3/2021,0.76,kg
vegetable,cabbage,summer_autumn_pointed,9/3/2021,0.64,kg
vegetable,cabbage,white,9/3/2021,0.49,kg
vegetable,cabbage,round_green_other,9/3/2021,0.48,head
vegetable,calabrese,calabrese,9/3/2021,1.6,kg
vegetable,capsicum,elongated,9/3/2021,1.6,kg
vegetable,carrots,topped_washed,9/3/2021,0.47,kg
vegetable,cauliflower,all,9/3/2021,1.1,head
vegetable,celery,all_washed,9/3/2021,0.78,kg
vegetable,celeriac,celeriac,9/3/2021,0.67,kg
vegetable,chinese_leaf,chinese_leaf,9/3/2021,0.98,kg
vegetable,coriander,coriander,9/3/2021,1.63,kg
vegetable,courgettes,courgettes,9/3/2021,1.18,kg
vegetable,cucumbers,cucumbers,9/3/2021,0.94,kg
vegetable,leeks,trimmed,9/3/2021,1.23,kg
vegetable,lettuce,butterhead_indoor,9/3/2021,0.45,head
vegetable,lettuce,cos,9/3/2021,0.61,head
vegetable,lettuce,crisp_iceberg_type,9/3/2021,0.64,head
vegetable,lettuce,little_gem,9/3/2021,0.64,twin
vegetable,rocket,rocket,9/3/2021,5.1,kg
vegetable,mixed_babyleaf_salad,pillow_pack,9/3/2021,5.01,kg
vegetable,onion,bulb_brown,9/3/2021,0.53,kg
vegetable,onion,bulb_red,9/3/2021,0.67,kg
vegetable,onion,saladspring,9/3/2021,0.38,kg
vegetable,swede,swede,9/3/2021,0.24,kg
vegetable,turnip,turnip,9/3/2021,1.61,kg
vegetable,parsnips,all_varieties,9/3/2021,1.34,kg
vegetable,peas,shelling_all_varieties,9/3/2021,2.46,kg
vegetable,rhubarb,outdoor,9/3/2021,1.49,kg
vegetable,spinach_leaf,loose_bunches,9/3/2021,1.38,kg
vegetable,sweetcorn,sweetcorn,9/3/2021,0.27,head
vegetable,tomatoes,round,9/3/2021,1.45,kg
vegetable,tomatoes,vine,9/3/2021,1.35,kg
vegetable,tomatoes,cherry,9/3/2021,3.06,kg
cut_flowers,gladioli,all_varieties,9/3/2021,0.25,stem
fruit,apples,bramleys_seedling,8/27/2021,1.32,kg
fruit,apples,other_early_season,8/27/2021,1.16,kg
fruit,blackberries,blackberries,8/27/2021,4.73,kg
fruit,currants,black,8/27/2021,6.6,kg
fruit,currants,red,8/27/2021,6.28,kg
fruit,blueberries,blueberries,8/27/2021,6.59,kg
fruit,cherries,all,8/27/2021,5.04,kg
fruit,pears,conference,8/27/2021,1.02,kg
fruit,pears,other,8/27/2021,0.88,kg
fruit,plums,victoria,8/27/2021,2.82,kg
fruit,plums,all_other,8/27/2021,2.45,kg
fruit,raspberries,raspberries,8/27/2021,11.12,kg
fruit,strawberries,strawberries,8/27/2021,3.98,kg
vegetable,beans,broad,8/27/2021,1.78,kg
vegetable,beans,dwarf_french_or_kidney,8/27/2021,2.57,kg
vegetable,beans,runner_climbing,8/27/2021,2.96,kg
vegetable,beetroot,beetroot,8/27/2021,0.55,kg
vegetable,pak_choi,pak_choi,8/27/2021,2.68,kg
vegetable,curly_kale,curly_kale,8/27/2021,3.34,kg
vegetable,cabbage,red,8/27/2021,0.64,kg
vegetable,cabbage,savoy,8/27/2021,0.51,head
vegetable,spring_greens,prepacked,8/27/2021,0.77,kg
vegetable,cabbage,summer_autumn_pointed,8/27/2021,0.62,kg
vegetable,cabbage,white,8/27/2021,0.49,kg
vegetable,cabbage,round_green_other,8/27/2021,0.49,head
vegetable,calabrese,calabrese,8/27/2021,1.34,kg
vegetable,carrots,topped_washed,8/27/2021,0.49,kg
vegetable,cauliflower,all,8/27/2021,0.66,head
vegetable,celery,all_washed,8/27/2021,0.78,kg
vegetable,celeriac,celeriac,8/27/2021,0.67,kg
vegetable,chinese_leaf,chinese_leaf,8/27/2021,1,kg
vegetable,coriander,coriander,8/27/2021,1.5,kg
vegetable,courgettes,courgettes,8/27/2021,1.09,kg
vegetable,cucumbers,cucumbers,8/27/2021,0.93,kg
vegetable,leeks,trimmed,8/27/2021,1.26,kg
vegetable,lettuce,butterhead_indoor,8/27/2021,0.45,head
vegetable,lettuce,cos,8/27/2021,0.62,head
vegetable,lettuce,crisp_iceberg_type,8/27/2021,0.59,head
vegetable,lettuce,little_gem,8/27/2021,0.64,twin
vegetable,rocket,rocket,8/27/2021,5.02,kg
vegetable,mixed_babyleaf_salad,pillow_pack,8/27/2021,4.93,kg
vegetable,onion,bulb_brown,8/27/2021,0.53,kg
vegetable,onion,bulb_red,8/27/2021,0.72,kg
vegetable,onion,saladspring,8/27/2021,0.39,kg
vegetable,swede,swede,8/27/2021,0.24,kg
vegetable,turnip,turnip,8/27/2021,1.83,kg
vegetable,parsnips,all_varieties,8/27/2021,1.35,kg
vegetable,peas,shelling_all_varieties,8/27/2021,2.63,kg
vegetable,rhubarb,outdoor,8/27/2021,1.49,kg
vegetable,spinach_leaf,loose_bunches,8/27/2021,1.41,kg
vegetable,sweetcorn,sweetcorn,8/27/2021,0.3,head
vegetable,tomatoes,round,8/27/2021,1.47,kg
vegetable,tomatoes,vine,8/27/2021,1.57,kg
vegetable,tomatoes,cherry,8/27/2021,3.69,kg
vegetable,tomatoes,plum,8/27/2021,2,kg
cut_flowers,gladioli,all_varieties,8/27/2021,0.25,stem
fruit,apples,bramleys_seedling,8/20/2021,1.23,kg
fruit,apples,other_early_season,8/20/2021,1.35,kg
fruit,apples,other_late_season,8/20/2021,0.8,kg
fruit,blackberries,blackberries,8/20/2021,4.68,kg
fruit,currants,black,8/20/2021,7.82,kg
fruit,currants,red,8/20/2021,7.92,kg
fruit,blueberries,blueberries,8/20/2021,7.37,kg
fruit,cherries,all,8/20/2021,5.81,kg
fruit,gooseberries,gooseberries,8/20/2021,13.22,kg
fruit,pears,other,8/20/2021,0.88,kg
fruit,plums,victoria,8/20/2021,3.58,kg
fruit,plums,all_other,8/20/2021,2.64,kg
fruit,raspberries,raspberries,8/20/2021,9.56,kg
fruit,strawberries,strawberries,8/20/2021,3.94,kg
vegetable,beans,broad,8/20/2021,1.52,kg
vegetable,beans,dwarf_french_or_kidney,8/20/2021,2.47,kg
vegetable,beans,runner_climbing,8/20/2021,2.96,kg
vegetable,beetroot,beetroot,8/20/2021,0.61,kg
vegetable,pak_choi,pak_choi,8/20/2021,2.58,kg
vegetable,curly_kale,curly_kale,8/20/2021,3.34,kg
vegetable,cabbage,red,8/20/2021,0.68,kg
vegetable,cabbage,savoy,8/20/2021,0.52,head
vegetable,spring_greens,prepacked,8/20/2021,0.75,kg
vegetable,cabbage,summer_autumn_pointed,8/20/2021,0.64,kg
vegetable,cabbage,white,8/20/2021,0.52,kg
vegetable,cabbage,round_green_other,8/20/2021,0.49,head
vegetable,calabrese,calabrese,8/20/2021,1.21,kg
vegetable,capsicum,red,8/20/2021,0.9,kg
vegetable,carrots,topped_washed,8/20/2021,0.49,kg
vegetable,cauliflower,all,8/20/2021,0.57,head
vegetable,celery,all_washed,8/20/2021,0.76,kg
vegetable,celeriac,celeriac,8/20/2021,0.65,kg
vegetable,chinese_leaf,chinese_leaf,8/20/2021,1.04,kg
vegetable,coriander,coriander,8/20/2021,1.65,kg
vegetable,courgettes,courgettes,8/20/2021,1.14,kg
vegetable,cucumbers,cucumbers,8/20/2021,0.81,kg
vegetable,leeks,trimmed,8/20/2021,1.28,kg
vegetable,lettuce,butterhead_indoor,8/20/2021,0.44,head
vegetable,lettuce,cos,8/20/2021,0.58,head
vegetable,lettuce,crisp_iceberg_type,8/20/2021,0.51,head
vegetable,lettuce,little_gem,8/20/2021,0.68,twin
vegetable,rocket,rocket,8/20/2021,5.05,kg
vegetable,mixed_babyleaf_salad,pillow_pack,8/20/2021,4.89,kg
vegetable,onion,bulb_brown,8/20/2021,0.48,kg
vegetable,onion,saladspring,8/20/2021,0.37,kg
vegetable,swede,swede,8/20/2021,0.23,kg
vegetable,turnip,turnip,8/20/2021,1.61,kg
vegetable,parsnips,all_varieties,8/20/2021,1.42,kg
vegetable,peas,shelling_all_varieties,8/20/2021,2.55,kg
vegetable,rhubarb,outdoor,8/20/2021,1.47,kg
vegetable,spinach_leaf,loose_bunches,8/20/2021,1.66,kg
vegetable,sweetcorn,sweetcorn,8/20/2021,0.31,head
vegetable,tomatoes,round,8/20/2021,1.6,kg
vegetable,tomatoes,cherry,8/20/2021,3.27,kg
vegetable,tomatoes,plum,8/20/2021,2,kg
cut_flowers,gladioli,all_varieties,8/20/2021,0.29,stem
fruit,apples,bramleys_seedling,8/13/2021,1.19,kg
fruit,apples,other_early_season,8/13/2021,1.61,kg
fruit,apples,other_late_season,8/13/2021,0.82,kg
fruit,blackberries,blackberries,8/13/2021,6.52,kg
fruit,currants,black,8/13/2021,8.36,kg
fruit,currants,red,8/13/2021,9.52,kg
fruit,blueberries,blueberries,8/13/2021,7.72,kg
fruit,cherries,all,8/13/2021,5.08,kg
fruit,gooseberries,gooseberries,8/13/2021,6.25,kg
fruit,plums,victoria,8/13/2021,3.1,kg
fruit,plums,all_other,8/13/2021,2.31,kg
fruit,raspberries,raspberries,8/13/2021,8.72,kg
fruit,strawberries,strawberries,8/13/2021,2.96,kg
vegetable,beans,broad,8/13/2021,1.56,kg
vegetable,beans,dwarf_french_or_kidney,8/13/2021,2.59,kg
vegetable,beans,runner_climbing,8/13/2021,2.99,kg
vegetable,beetroot,beetroot,8/13/2021,0.6,kg
vegetable,pak_choi,pak_choi,8/13/2021,2.6,kg
vegetable,curly_kale,curly_kale,8/13/2021,3.42,kg
vegetable,cabbage,red,8/13/2021,0.69,kg
vegetable,cabbage,savoy,8/13/2021,0.53,head
vegetable,spring_greens,prepacked,8/13/2021,0.76,kg
vegetable,cabbage,summer_autumn_pointed,8/13/2021,0.64,kg
vegetable,cabbage,white,8/13/2021,0.54,kg
vegetable,cabbage,round_green_other,8/13/2021,0.5,head
vegetable,calabrese,calabrese,8/13/2021,1.22,kg
vegetable,capsicum,red,8/13/2021,0.96,kg
vegetable,capsicum,elongated,8/13/2021,1.03,kg
vegetable,carrots,topped_washed,8/13/2021,0.52,kg
vegetable,cauliflower,all,8/13/2021,0.52,head
vegetable,celery,all_washed,8/13/2021,0.81,kg
vegetable,celeriac,celeriac,8/13/2021,0.66,kg
vegetable,chinese_leaf,chinese_leaf,8/13/2021,1.04,kg
vegetable,coriander,coriander,8/13/2021,2.09,kg
vegetable,courgettes,courgettes,8/13/2021,1.16,kg
vegetable,cucumbers,cucumbers,8/13/2021,0.89,kg
vegetable,leeks,trimmed,8/13/2021,1.31,kg
vegetable,lettuce,butterhead_indoor,8/13/2021,0.43,head
vegetable,lettuce,cos,8/13/2021,0.59,head
vegetable,lettuce,crisp_iceberg_type,8/13/2021,0.5,head
vegetable,lettuce,little_gem,8/13/2021,0.63,twin
vegetable,rocket,rocket,8/13/2021,5.25,kg
vegetable,mixed_babyleaf_salad,pillow_pack,8/13/2021,5.01,kg
vegetable,onion,bulb_brown,8/13/2021,0.52,kg
vegetable,onion,saladspring,8/13/2021,0.34,kg
vegetable,swede,swede,8/13/2021,0.24,kg
vegetable,turnip,turnip,8/13/2021,1.62,kg
vegetable,parsnips,all_varieties,8/13/2021,1.57,kg
vegetable,peas,shelling_all_varieties,8/13/2021,2.75,kg
vegetable,rhubarb,outdoor,8/13/2021,1.48,kg
vegetable,spinach_leaf,loose_bunches,8/13/2021,1.91,kg
vegetable,sweetcorn,sweetcorn,8/13/2021,0.32,head
vegetable,tomatoes,round,8/13/2021,1.2,kg
vegetable,tomatoes,plum,8/13/2021,2,kg
cut_flowers,gladioli,all_varieties,8/13/2021,0.3,stem
fruit,apples,bramleys_seedling,8/6/2021,1.25,kg
fruit,apples,other_late_season,8/6/2021,0.8,kg
fruit,blackberries,blackberries,8/6/2021,6.04,kg
fruit,currants,black,8/6/2021,8.92,kg
fruit,currants,red,8/6/2021,8.49,kg
fruit,blueberries,blueberries,8/6/2021,7.09,kg
fruit,cherries,all,8/6/2021,3.35,kg
fruit,gooseberries,gooseberries,8/6/2021,5.41,kg
fruit,plums,all_other,8/6/2021,2.11,kg
fruit,raspberries,raspberries,8/6/2021,6.7,kg
fruit,strawberries,strawberries,8/6/2021,1.95,kg
vegetable,beans,broad,8/6/2021,1.46,kg
vegetable,beans,dwarf_french_or_kidney,8/6/2021,3,kg
vegetable,beans,runner_climbing,8/6/2021,3.71,kg
vegetable,beetroot,beetroot,8/6/2021,0.64,kg
vegetable,pak_choi,pak_choi,8/6/2021,2.85,kg
vegetable,curly_kale,curly_kale,8/6/2021,3.45,kg
vegetable,cabbage,red,8/6/2021,0.8,kg
vegetable,cabbage,savoy,8/6/2021,0.54,head
vegetable,spring_greens,prepacked,8/6/2021,0.76,kg
vegetable,cabbage,summer_autumn_pointed,8/6/2021,0.6,kg
vegetable,cabbage,white,8/6/2021,0.63,kg
vegetable,cabbage,round_green_other,8/6/2021,0.49,head
vegetable,calabrese,calabrese,8/6/2021,1.21,kg
vegetable,capsicum,green,8/6/2021,1.2,kg
vegetable,capsicum,red,8/6/2021,1.02,kg
vegetable,capsicum,yelloworange,8/6/2021,0.87,kg
vegetable,carrots,topped_washed,8/6/2021,0.57,kg
vegetable,cauliflower,all,8/6/2021,0.58,head
vegetable,celery,all_washed,8/6/2021,0.84,kg
vegetable,celeriac,celeriac,8/6/2021,0.68,kg
vegetable,chinese_leaf,chinese_leaf,8/6/2021,0.97,kg
vegetable,coriander,coriander,8/6/2021,2.43,kg
vegetable,courgettes,courgettes,8/6/2021,1.08,kg
vegetable,cucumbers,cucumbers,8/6/2021,0.93,kg
vegetable,leeks,trimmed,8/6/2021,1.31,kg
vegetable,lettuce,butterhead_indoor,8/6/2021,0.42,head
vegetable,lettuce,cos,8/6/2021,0.55,head
vegetable,lettuce,crisp_iceberg_type,8/6/2021,0.49,head
vegetable,lettuce,little_gem,8/6/2021,0.63,twin
vegetable,rocket,rocket,8/6/2021,4.93,kg
vegetable,mixed_babyleaf_salad,pillow_pack,8/6/2021,4.95,kg
vegetable,onion,bulb_brown,8/6/2021,0.47,kg
vegetable,onion,bulb_red,8/6/2021,0.75,kg
vegetable,onion,saladspring,8/6/2021,0.38,kg
vegetable,swede,swede,8/6/2021,0.24,kg
vegetable,turnip,turnip,8/6/2021,1.67,kg
vegetable,parsnips,all_varieties,8/6/2021,1.53,kg
vegetable,peas,shelling_all_varieties,8/6/2021,2.83,kg
vegetable,rhubarb,outdoor,8/6/2021,1.47,kg
vegetable,spinach_leaf,loose_bunches,8/6/2021,1.9,kg
vegetable,sweetcorn,sweetcorn,8/6/2021,0.38,head
vegetable,tomatoes,round,8/6/2021,0.95,kg
vegetable,tomatoes,vine,8/6/2021,1.05,kg
vegetable,tomatoes,cherry,8/6/2021,3.83,kg
vegetable,tomatoes,plum,8/6/2021,1.08,kg
cut_flowers,gladioli,all_varieties,8/6/2021,0.3,stem
fruit,apples,bramleys_seedling,7/30/2021,1.2,kg
fruit,apples,other_late_season,7/30/2021,0.8,kg
fruit,blackberries,blackberries,7/30/2021,5.65,kg
fruit,currants,black,7/30/2021,7.25,kg
fruit,currants,red,7/30/2021,8.5,kg
fruit,blueberries,blueberries,7/30/2021,11.04,kg
fruit,cherries,all,7/30/2021,4.55,kg
fruit,gooseberries,gooseberries,7/30/2021,5.69,kg
fruit,plums,all_other,7/30/2021,2.64,kg
fruit,raspberries,raspberries,7/30/2021,7.37,kg
fruit,strawberries,strawberries,7/30/2021,1.93,kg
vegetable,beans,broad,7/30/2021,1.48,kg
vegetable,beans,dwarf_french_or_kidney,7/30/2021,2.87,kg
vegetable,beans,runner_climbing,7/30/2021,4.42,kg
vegetable,beetroot,beetroot,7/30/2021,0.66,kg
vegetable,pak_choi,pak_choi,7/30/2021,2.9,kg
vegetable,curly_kale,curly_kale,7/30/2021,3.71,kg
vegetable,cabbage,red,7/30/2021,0.81,kg
vegetable,cabbage,savoy,7/30/2021,0.56,head
vegetable,spring_greens,prepacked,7/30/2021,0.85,kg
vegetable,cabbage,summer_autumn_pointed,7/30/2021,0.61,kg
vegetable,cabbage,white,7/30/2021,0.63,kg
vegetable,cabbage,round_green_other,7/30/2021,0.48,head
vegetable,calabrese,calabrese,7/30/2021,1.45,kg
vegetable,capsicum,red,7/30/2021,0.9,kg
vegetable,capsicum,elongated,7/30/2021,1.2,kg
vegetable,capsicum,yelloworange,7/30/2021,1,kg
vegetable,carrots,topped_washed,7/30/2021,0.56,kg
vegetable,cauliflower,all,7/30/2021,0.73,head
vegetable,celery,all_washed,7/30/2021,0.86,kg
vegetable,celeriac,celeriac,7/30/2021,0.68,kg
vegetable,chinese_leaf,chinese_leaf,7/30/2021,1.02,kg
vegetable,coriander,coriander,7/30/2021,2,kg
vegetable,courgettes,courgettes,7/30/2021,1.15,kg
vegetable,cucumbers,cucumbers,7/30/2021,1,kg
vegetable,leeks,trimmed,7/30/2021,1.41,kg
vegetable,lettuce,butterhead_indoor,7/30/2021,0.42,head
vegetable,lettuce,cos,7/30/2021,0.58,head
vegetable,lettuce,crisp_iceberg_type,7/30/2021,0.53,head
vegetable,lettuce,little_gem,7/30/2021,0.66,twin
vegetable,rocket,rocket,7/30/2021,5.07,kg
vegetable,mixed_babyleaf_salad,pillow_pack,7/30/2021,4.86,kg
vegetable,onion,saladspring,7/30/2021,0.38,kg
vegetable,swede,swede,7/30/2021,0.25,kg
vegetable,turnip,turnip,7/30/2021,1.68,kg
vegetable,parsnips,all_varieties,7/30/2021,1.7,kg
vegetable,peas,shelling_all_varieties,7/30/2021,2.47,kg
vegetable,rhubarb,outdoor,7/30/2021,1.47,kg
vegetable,spinach_leaf,loose_bunches,7/30/2021,1.71,kg
vegetable,sweetcorn,sweetcorn,7/30/2021,0.37,head
vegetable,tomatoes,round,7/30/2021,1.04,kg
vegetable,tomatoes,vine,7/30/2021,1.05,kg
vegetable,tomatoes,cherry,7/30/2021,3.79,kg
vegetable,tomatoes,plum,7/30/2021,1.08,kg
cut_flowers,gladioli,all_varieties,7/30/2021,0.15,stem
fruit,apples,bramleys_seedling,7/23/2021,1.16,kg
fruit,apples,other_late_season,7/23/2021,0.8,kg
fruit,blackberries,blackberries,7/23/2021,10.48,kg
fruit,currants,black,7/23/2021,7.5,kg
fruit,currants,red,7/23/2021,10,kg
fruit,blueberries,blueberries,7/23/2021,10.35,kg
fruit,cherries,all,7/23/2021,5.29,kg
fruit,gooseberries,gooseberries,7/23/2021,6.56,kg
fruit,plums,all_other,7/23/2021,2.76,kg
fruit,raspberries,raspberries,7/23/2021,7.56,kg
fruit,strawberries,strawberries,7/23/2021,3.42,kg
vegetable,beans,broad,7/23/2021,1.61,kg
vegetable,beans,dwarf_french_or_kidney,7/23/2021,2.7,kg
vegetable,beans,runner_climbing,7/23/2021,5.85,kg
vegetable,beetroot,beetroot,7/23/2021,0.72,kg
vegetable,pak_choi,pak_choi,7/23/2021,2.86,kg
vegetable,curly_kale,curly_kale,7/23/2021,3.71,kg
vegetable,cabbage,red,7/23/2021,0.89,kg
vegetable,cabbage,savoy,7/23/2021,0.56,head
vegetable,spring_greens,prepacked,7/23/2021,0.87,kg
vegetable,cabbage,summer_autumn_pointed,7/23/2021,0.62,kg
vegetable,cabbage,white,7/23/2021,0.64,kg
vegetable,cabbage,round_green_other,7/23/2021,0.51,head
vegetable,calabrese,calabrese,7/23/2021,1.68,kg
vegetable,capsicum,elongated,7/23/2021,1.5,kg
vegetable,carrots,topped_washed,7/23/2021,0.6,kg
vegetable,cauliflower,all,7/23/2021,0.8,head
vegetable,celery,all_washed,7/23/2021,0.89,kg
vegetable,celeriac,celeriac,7/23/2021,0.64,kg
vegetable,chinese_leaf,chinese_leaf,7/23/2021,0.98,kg
vegetable,coriander,coriander,7/23/2021,1.93,kg
vegetable,courgettes,courgettes,7/23/2021,1.47,kg
vegetable,cucumbers,cucumbers,7/23/2021,1.17,kg
vegetable,leeks,trimmed,7/23/2021,1.42,kg
vegetable,lettuce,butterhead_indoor,7/23/2021,0.41,head
vegetable,lettuce,cos,7/23/2021,0.58,head
vegetable,lettuce,crisp_iceberg_type,7/23/2021,0.51,head
vegetable,lettuce,little_gem,7/23/2021,0.62,twin
vegetable,rocket,rocket,7/23/2021,5.15,kg
vegetable,mixed_babyleaf_salad,pillow_pack,7/23/2021,4.91,kg
vegetable,onion,saladspring,7/23/2021,0.38,kg
vegetable,swede,swede,7/23/2021,0.26,kg
vegetable,turnip,turnip,7/23/2021,1.57,kg
vegetable,parsnips,all_varieties,7/23/2021,1.72,kg
vegetable,peas,shelling_all_varieties,7/23/2021,2.31,kg
vegetable,rhubarb,outdoor,7/23/2021,1.45,kg
vegetable,spinach_leaf,loose_bunches,7/23/2021,1.59,kg
vegetable,tomatoes,round,7/23/2021,0.82,kg
vegetable,tomatoes,vine,7/23/2021,1.05,kg
vegetable,tomatoes,cherry,7/23/2021,3.83,kg
vegetable,tomatoes,plum,7/23/2021,2,kg
fruit,apples,bramleys_seedling,7/16/2021,1.19,kg
fruit,apples,gala,7/16/2021,1,kg
fruit,blackberries,blackberries,7/16/2021,13.2,kg
fruit,blueberries,blueberries,7/16/2021,11.79,kg
fruit,cherries,all,7/16/2021,5.17,kg
fruit,gooseberries,gooseberries,7/16/2021,5.15,kg
fruit,raspberries,raspberries,7/16/2021,7.82,kg
fruit,strawberries,strawberries,7/16/2021,3.98,kg
vegetable,beans,broad,7/16/2021,1.69,kg
vegetable,beans,dwarf_french_or_kidney,7/16/2021,2.74,kg
vegetable,beans,runner_climbing,7/16/2021,6.61,kg
vegetable,beetroot,beetroot,7/16/2021,0.74,kg
vegetable,pak_choi,pak_choi,7/16/2021,2.86,kg
vegetable,curly_kale,curly_kale,7/16/2021,3.49,kg
vegetable,cabbage,red,7/16/2021,0.87,kg
vegetable,cabbage,savoy,7/16/2021,0.57,head
vegetable,spring_greens,prepacked,7/16/2021,0.87,kg
vegetable,cabbage,summer_autumn_pointed,7/16/2021,0.61,kg
vegetable,cabbage,white,7/16/2021,0.64,kg
vegetable,cabbage,round_green_other,7/16/2021,0.5,head
vegetable,calabrese,calabrese,7/16/2021,1.83,kg
vegetable,capsicum,red,7/16/2021,1.56,kg
vegetable,capsicum,yelloworange,7/16/2021,1.4,kg
vegetable,carrots,topped_washed,7/16/2021,0.62,kg
vegetable,cauliflower,all,7/16/2021,0.76,head
vegetable,celery,all_washed,7/16/2021,0.97,kg
vegetable,celeriac,celeriac,7/16/2021,0.64,kg
vegetable,chinese_leaf,chinese_leaf,7/16/2021,0.98,kg
vegetable,coriander,coriander,7/16/2021,1.44,kg
vegetable,courgettes,courgettes,7/16/2021,1.26,kg
vegetable,cucumbers,cucumbers,7/16/2021,1.11,kg
vegetable,leeks,trimmed,7/16/2021,1.45,kg
vegetable,lettuce,butterhead_indoor,7/16/2021,0.4,head
vegetable,lettuce,cos,7/16/2021,0.61,head
vegetable,lettuce,crisp_iceberg_type,7/16/2021,0.51,head
vegetable,lettuce,little_gem,7/16/2021,0.64,twin
vegetable,rocket,rocket,7/16/2021,5.18,kg
vegetable,mixed_babyleaf_salad,pillow_pack,7/16/2021,4.89,kg
vegetable,onion,saladspring,7/16/2021,0.37,kg
vegetable,swede,swede,7/16/2021,0.26,kg
vegetable,turnip,turnip,7/16/2021,1.57,kg
vegetable,peas,shelling_all_varieties,7/16/2021,2.42,kg
vegetable,rhubarb,outdoor,7/16/2021,1.44,kg
vegetable,spinach_leaf,loose_bunches,7/16/2021,1.17,kg
vegetable,tomatoes,round,7/16/2021,0.91,kg
vegetable,tomatoes,vine,7/16/2021,1.03,kg
vegetable,tomatoes,cherry,7/16/2021,3.31,kg
fruit,apples,bramleys_seedling,7/9/2021,1.19,kg
fruit,apples,braeburn,7/9/2021,0.6,kg
fruit,apples,gala,7/9/2021,1,kg
fruit,blueberries,blueberries,7/9/2021,12,kg
fruit,cherries,all,7/9/2021,4.62,kg
fruit,gooseberries,gooseberries,7/9/2021,5.23,kg
fruit,raspberries,raspberries,7/9/2021,7.95,kg
fruit,strawberries,strawberries,7/9/2021,3.65,kg
vegetable,beans,broad,7/9/2021,1.92,kg
vegetable,beans,dwarf_french_or_kidney,7/9/2021,3.63,kg
vegetable,beans,runner_climbing,7/9/2021,7.11,kg
vegetable,beetroot,beetroot,7/9/2021,0.75,kg
vegetable,pak_choi,pak_choi,7/9/2021,2.95,kg
vegetable,curly_kale,curly_kale,7/9/2021,3.51,kg
vegetable,cabbage,red,7/9/2021,0.95,kg
vegetable,cabbage,savoy,7/9/2021,0.62,head
vegetable,spring_greens,prepacked,7/9/2021,0.96,kg
vegetable,cabbage,summer_autumn_pointed,7/9/2021,0.62,kg
vegetable,cabbage,white,7/9/2021,0.63,kg
vegetable,cabbage,round_green_other,7/9/2021,0.5,head
vegetable,calabrese,calabrese,7/9/2021,2.4,kg
vegetable,capsicum,red,7/9/2021,1.69,kg
vegetable,capsicum,yelloworange,7/9/2021,1.4,kg
vegetable,carrots,topped_washed,7/9/2021,0.62,kg
vegetable,cauliflower,all,7/9/2021,0.93,head
vegetable,celery,all_washed,7/9/2021,1,kg
vegetable,celeriac,celeriac,7/9/2021,0.63,kg
vegetable,chinese_leaf,chinese_leaf,7/9/2021,1.1,kg
vegetable,coriander,coriander,7/9/2021,1.52,kg
vegetable,courgettes,courgettes,7/9/2021,1.13,kg
vegetable,cucumbers,cucumbers,7/9/2021,1.13,kg
vegetable,leeks,trimmed,7/9/2021,1.58,kg
vegetable,lettuce,butterhead_indoor,7/9/2021,0.4,head
vegetable,lettuce,cos,7/9/2021,0.61,head
vegetable,lettuce,crisp_iceberg_type,7/9/2021,0.54,head
vegetable,lettuce,little_gem,7/9/2021,0.63,twin
vegetable,rocket,rocket,7/9/2021,5.15,kg
vegetable,mixed_babyleaf_salad,pillow_pack,7/9/2021,4.93,kg
vegetable,onion,bulb_brown,7/9/2021,0.21,kg
vegetable,onion,saladspring,7/9/2021,0.37,kg
vegetable,swede,swede,7/9/2021,0.27,kg
vegetable,turnip,turnip,7/9/2021,1.57,kg
vegetable,peas,shelling_all_varieties,7/9/2021,2.49,kg
vegetable,rhubarb,outdoor,7/9/2021,1.45,kg
vegetable,spinach_leaf,loose_bunches,7/9/2021,1.16,kg
vegetable,tomatoes,round,7/9/2021,1.02,kg
vegetable,tomatoes,vine,7/9/2021,1.24,kg
vegetable,tomatoes,cherry,7/9/2021,3.39,kg
fruit,apples,bramleys_seedling,7/2/2021,1.2,kg
fruit,apples,braeburn,7/2/2021,0.5,kg
fruit,apples,gala,7/2/2021,0.93,kg
fruit,blueberries,blueberries,7/2/2021,12,kg
fruit,cherries,all,7/2/2021,6.15,kg
fruit,gooseberries,gooseberries,7/2/2021,5.64,kg
fruit,raspberries,raspberries,7/2/2021,10.34,kg
fruit,strawberries,strawberries,7/2/2021,3.1,kg
vegetable,asparagus,asparagus,7/2/2021,8.66,kg
vegetable,beans,broad,7/2/2021,2.04,kg
vegetable,beans,dwarf_french_or_kidney,7/2/2021,3.64,kg
vegetable,beans,runner_climbing,7/2/2021,7.11,kg
vegetable,beetroot,beetroot,7/2/2021,0.78,kg
vegetable,pak_choi,pak_choi,7/2/2021,2.84,kg
vegetable,curly_kale,curly_kale,7/2/2021,3.34,kg
vegetable,cabbage,red,7/2/2021,1.03,kg
vegetable,cabbage,savoy,7/2/2021,0.67,head
vegetable,spring_greens,prepacked,7/2/2021,1.01,kg
vegetable,cabbage,summer_autumn_pointed,7/2/2021,0.65,kg
vegetable,cabbage,white,7/2/2021,0.63,kg
vegetable,cabbage,round_green_other,7/2/2021,0.52,head
vegetable,calabrese,calabrese,7/2/2021,2.05,kg
vegetable,capsicum,red,7/2/2021,1.58,kg
vegetable,capsicum,elongated,7/2/2021,1.36,kg
vegetable,capsicum,yelloworange,7/2/2021,2,kg
vegetable,carrots,topped_washed,7/2/2021,0.59,kg
vegetable,cauliflower,all,7/2/2021,1.06,head
vegetable,celery,all_washed,7/2/2021,1.02,kg
vegetable,celeriac,celeriac,7/2/2021,0.64,kg
vegetable,chinese_leaf,chinese_leaf,7/2/2021,1.1,kg
vegetable,coriander,coriander,7/2/2021,1.51,kg
vegetable,courgettes,courgettes,7/2/2021,1.29,kg
vegetable,cucumbers,cucumbers,7/2/2021,0.88,kg
vegetable,leeks,trimmed,7/2/2021,1.67,kg
vegetable,lettuce,butterhead_indoor,7/2/2021,0.4,head
vegetable,lettuce,cos,7/2/2021,0.61,head
vegetable,lettuce,crisp_iceberg_type,7/2/2021,0.54,head
vegetable,lettuce,little_gem,7/2/2021,0.66,twin
vegetable,rocket,rocket,7/2/2021,4.92,kg
vegetable,mixed_babyleaf_salad,pillow_pack,7/2/2021,4.77,kg
vegetable,onion,bulb_brown,7/2/2021,0.27,kg
vegetable,onion,saladspring,7/2/2021,0.37,kg
vegetable,swede,swede,7/2/2021,0.25,kg
vegetable,turnip,turnip,7/2/2021,1.5,kg
vegetable,peas,shelling_all_varieties,7/2/2021,2.85,kg
vegetable,rhubarb,outdoor,7/2/2021,1.49,kg
vegetable,spinach_leaf,loose_bunches,7/2/2021,1.16,kg
vegetable,tomatoes,round,7/2/2021,1.01,kg
vegetable,tomatoes,vine,7/2/2021,1.05,kg
vegetable,tomatoes,cherry,7/2/2021,3.46,kg
fruit,apples,bramleys_seedling,6/25/2021,1.23,kg
fruit,apples,braeburn,6/25/2021,0.62,kg
fruit,apples,gala,6/25/2021,0.93,kg
fruit,blackberries,blackberries,6/25/2021,12,kg
fruit,blueberries,blueberries,6/25/2021,12,kg
fruit,cherries,all,6/25/2021,5.57,kg
fruit,gooseberries,gooseberries,6/25/2021,6.09,kg
fruit,raspberries,raspberries,6/25/2021,10.72,kg
fruit,strawberries,strawberries,6/25/2021,1.78,kg
vegetable,asparagus,asparagus,6/25/2021,7.89,kg
vegetable,beans,broad,6/25/2021,1.99,kg
vegetable,beans,dwarf_french_or_kidney,6/25/2021,3.58,kg
vegetable,beetroot,beetroot,6/25/2021,0.75,kg
vegetable,pak_choi,pak_choi,6/25/2021,2.7,kg
vegetable,curly_kale,curly_kale,6/25/2021,3.47,kg
vegetable,cabbage,red,6/25/2021,1.02,kg
vegetable,cabbage,savoy,6/25/2021,0.65,head
vegetable,spring_greens,prepacked,6/25/2021,1,kg
vegetable,cabbage,summer_autumn_pointed,6/25/2021,0.67,kg
vegetable,cabbage,white,6/25/2021,0.62,kg
vegetable,cabbage,round_green_other,6/25/2021,0.54,head
vegetable,calabrese,calabrese,6/25/2021,1.57,kg
vegetable,capsicum,red,6/25/2021,2.05,kg
vegetable,capsicum,elongated,6/25/2021,1.35,kg
vegetable,capsicum,yelloworange,6/25/2021,2.04,kg
vegetable,carrots,topped_washed,6/25/2021,0.59,kg
vegetable,cauliflower,all,6/25/2021,0.78,head
vegetable,celery,all_washed,6/25/2021,1.01,kg
vegetable,celeriac,celeriac,6/25/2021,0.6,kg
vegetable,chinese_leaf,chinese_leaf,6/25/2021,1.21,kg
vegetable,coriander,coriander,6/25/2021,1.46,kg
vegetable,courgettes,courgettes,6/25/2021,3.52,kg
vegetable,cucumbers,cucumbers,6/25/2021,0.84,kg
vegetable,leeks,trimmed,6/25/2021,1.73,kg
vegetable,lettuce,butterhead_indoor,6/25/2021,0.4,head
vegetable,lettuce,cos,6/25/2021,0.67,head
vegetable,lettuce,crisp_iceberg_type,6/25/2021,0.56,head
vegetable,lettuce,little_gem,6/25/2021,0.65,twin
vegetable,rocket,rocket,6/25/2021,4.66,kg
vegetable,mixed_babyleaf_salad,pillow_pack,6/25/2021,4.78,kg
vegetable,onion,bulb_brown,6/25/2021,0.4,kg
vegetable,onion,bulb_red,6/25/2021,0.75,kg
vegetable,onion,saladspring,6/25/2021,0.37,kg
vegetable,swede,swede,6/25/2021,0.25,kg
vegetable,turnip,turnip,6/25/2021,1.41,kg
vegetable,peas,shelling_all_varieties,6/25/2021,3.1,kg
vegetable,rhubarb,outdoor,6/25/2021,1.49,kg
vegetable,spinach_leaf,loose_bunches,6/25/2021,1.35,kg
vegetable,tomatoes,round,6/25/2021,0.95,kg
vegetable,tomatoes,vine,6/25/2021,0.96,kg
vegetable,tomatoes,cherry,6/25/2021,3,kg
vegetable,tomatoes,plum,6/25/2021,0.95,kg
fruit,apples,bramleys_seedling,6/18/2021,1.2,kg
fruit,apples,braeburn,6/18/2021,0.85,kg
fruit,apples,gala,6/18/2021,0.89,kg
fruit,apples,other_late_season,6/18/2021,0.75,kg
fruit,cherries,all,6/18/2021,5.51,kg
fruit,gooseberries,gooseberries,6/18/2021,8.21,kg
fruit,raspberries,raspberries,6/18/2021,12.73,kg
fruit,strawberries,strawberries,6/18/2021,1.8,kg
vegetable,asparagus,asparagus,6/18/2021,6.92,kg
vegetable,beans,broad,6/18/2021,2.19,kg
vegetable,beans,dwarf_french_or_kidney,6/18/2021,3.58,kg
vegetable,beetroot,beetroot,6/18/2021,0.55,kg
vegetable,pak_choi,pak_choi,6/18/2021,2.52,kg
vegetable,curly_kale,curly_kale,6/18/2021,3.74,kg
vegetable,cabbage,red,6/18/2021,0.99,kg
vegetable,cabbage,savoy,6/18/2021,0.74,head
vegetable,spring_greens,prepacked,6/18/2021,1.03,kg
vegetable,cabbage,summer_autumn_pointed,6/18/2021,0.72,kg
vegetable,cabbage,white,6/18/2021,0.62,kg
vegetable,cabbage,round_green_other,6/18/2021,0.6,head
vegetable,calabrese,calabrese,6/18/2021,1.52,kg
vegetable,capsicum,elongated,6/18/2021,1.3,kg
vegetable,cauliflower,all,6/18/2021,0.67,head
vegetable,celery,all_washed,6/18/2021,1.07,kg
vegetable,celeriac,celeriac,6/18/2021,0.65,kg
vegetable,chinese_leaf,chinese_leaf,6/18/2021,1.3,kg
vegetable,coriander,coriander,6/18/2021,1.23,kg
vegetable,cucumbers,cucumbers,6/18/2021,0.83,kg
vegetable,lettuce,butterhead_indoor,6/18/2021,0.4,head
vegetable,lettuce,cos,6/18/2021,0.66,head
vegetable,lettuce,crisp_iceberg_type,6/18/2021,0.58,head
vegetable,lettuce,little_gem,6/18/2021,0.71,twin
vegetable,rocket,rocket,6/18/2021,4.76,kg
vegetable,mixed_babyleaf_salad,pillow_pack,6/18/2021,4.62,kg
vegetable,onion,bulb_brown,6/18/2021,0.52,kg
vegetable,onion,bulb_red,6/18/2021,0.78,kg
vegetable,onion,saladspring,6/18/2021,0.38,kg
vegetable,swede,swede,6/18/2021,0.24,kg
vegetable,turnip,turnip,6/18/2021,1.29,kg
vegetable,parsnips,all_varieties,6/18/2021,1.07,kg
vegetable,peas,shelling_all_varieties,6/18/2021,2.99,kg
vegetable,rhubarb,outdoor,6/18/2021,1.64,kg
vegetable,spinach_leaf,loose_bunches,6/18/2021,1.17,kg
vegetable,tomatoes,round,6/18/2021,0.93,kg
vegetable,tomatoes,vine,6/18/2021,1.02,kg
vegetable,tomatoes,cherry,6/18/2021,3,kg
vegetable,tomatoes,plum,6/18/2021,0.95,kg
fruit,apples,bramleys_seedling,6/11/2021,1.21,kg
fruit,apples,braeburn,6/11/2021,1.11,kg
fruit,apples,gala,6/11/2021,0.94,kg
fruit,apples,other_late_season,6/11/2021,0.75,kg
fruit,blackberries,blackberries,6/11/2021,4.67,kg
fruit,gooseberries,gooseberries,6/11/2021,6.66,kg
fruit,raspberries,raspberries,6/11/2021,11.94,kg
fruit,strawberries,strawberries,6/11/2021,2.98,kg
vegetable,asparagus,asparagus,6/11/2021,6.87,kg
vegetable,beans,broad,6/11/2021,2.5,kg
vegetable,beans,dwarf_french_or_kidney,6/11/2021,3.59,kg
vegetable,beetroot,beetroot,6/11/2021,0.51,kg
vegetable,pak_choi,pak_choi,6/11/2021,2.64,kg
vegetable,curly_kale,curly_kale,6/11/2021,3.75,kg
vegetable,cabbage,red,6/11/2021,1.04,kg
vegetable,cabbage,savoy,6/11/2021,0.71,head
vegetable,spring_greens,prepacked,6/11/2021,1.05,kg
vegetable,cabbage,summer_autumn_pointed,6/11/2021,0.8,kg
vegetable,cabbage,white,6/11/2021,0.61,kg
vegetable,cabbage,round_green_other,6/11/2021,0.65,head
vegetable,calabrese,calabrese,6/11/2021,1.65,kg
vegetable,cauliflower,all,6/11/2021,0.59,head
vegetable,celery,all_washed,6/11/2021,1.09,kg
vegetable,celeriac,celeriac,6/11/2021,0.65,kg
vegetable,chinese_leaf,chinese_leaf,6/11/2021,1.36,kg
vegetable,coriander,coriander,6/11/2021,1.12,kg
vegetable,cucumbers,cucumbers,6/11/2021,0.82,kg
vegetable,lettuce,butterhead_indoor,6/11/2021,0.4,head
vegetable,lettuce,cos,6/11/2021,0.68,head
vegetable,lettuce,crisp_iceberg_type,6/11/2021,0.58,head
vegetable,lettuce,little_gem,6/11/2021,0.72,twin
vegetable,rocket,rocket,6/11/2021,5.01,kg
vegetable,mixed_babyleaf_salad,pillow_pack,6/11/2021,4.84,kg
vegetable,onion,bulb_brown,6/11/2021,0.5,kg
vegetable,onion,bulb_red,6/11/2021,0.76,kg
vegetable,onion,saladspring,6/11/2021,0.39,kg
vegetable,swede,swede,6/11/2021,0.24,kg
vegetable,turnip,turnip,6/11/2021,1.33,kg
vegetable,parsnips,all_varieties,6/11/2021,1.21,kg
vegetable,peas,shelling_all_varieties,6/11/2021,2.59,kg
vegetable,rhubarb,forced,6/11/2021,5.05,kg
vegetable,rhubarb,outdoor,6/11/2021,1.64,kg
vegetable,spinach_leaf,loose_bunches,6/11/2021,1.12,kg
vegetable,tomatoes,round,6/11/2021,0.92,kg
vegetable,tomatoes,vine,6/11/2021,1.38,kg
vegetable,tomatoes,cherry,6/11/2021,2.67,kg
vegetable,tomatoes,plum,6/11/2021,2,kg
fruit,apples,bramleys_seedling,6/4/2021,1.16,kg
fruit,apples,braeburn,6/4/2021,1.1,kg
fruit,apples,gala,6/4/2021,0.97,kg
fruit,apples,other_late_season,6/4/2021,0.77,kg
fruit,raspberries,raspberries,6/4/2021,8.8,kg
fruit,strawberries,strawberries,6/4/2021,4.37,kg
vegetable,asparagus,asparagus,6/4/2021,7.27,kg
vegetable,beans,broad,6/4/2021,4.87,kg
vegetable,beetroot,beetroot,6/4/2021,0.5,kg
vegetable,pak_choi,pak_choi,6/4/2021,2.6,kg
vegetable,curly_kale,curly_kale,6/4/2021,3.46,kg
vegetable,cabbage,red,6/4/2021,0.81,kg
vegetable,cabbage,savoy,6/4/2021,0.8,head
vegetable,spring_greens,prepacked,6/4/2021,1.12,kg
vegetable,cabbage,summer_autumn_pointed,6/4/2021,0.8,kg
vegetable,cabbage,white,6/4/2021,0.55,kg
vegetable,cabbage,round_green_other,6/4/2021,0.69,head
vegetable,calabrese,calabrese,6/4/2021,2.15,kg
vegetable,cauliflower,all,6/4/2021,0.68,head
vegetable,celeriac,celeriac,6/4/2021,0.65,kg
vegetable,chinese_leaf,chinese_leaf,6/4/2021,1.23,kg
vegetable,coriander,coriander,6/4/2021,1.22,kg
vegetable,cucumbers,cucumbers,6/4/2021,0.94,kg
vegetable,leeks,trimmed,6/4/2021,1.89,kg
vegetable,lettuce,butterhead_indoor,6/4/2021,0.39,head
vegetable,lettuce,cos,6/4/2021,0.74,head
vegetable,lettuce,crisp_iceberg_type,6/4/2021,0.6,head
vegetable,lettuce,little_gem,6/4/2021,0.65,twin
vegetable,rocket,rocket,6/4/2021,5.18,kg
vegetable,mixed_babyleaf_salad,pillow_pack,6/4/2021,4.72,kg
vegetable,onion,bulb_brown,6/4/2021,0.51,kg
vegetable,onion,bulb_red,6/4/2021,0.63,kg
vegetable,onion,saladspring,6/4/2021,0.39,kg
vegetable,swede,swede,6/4/2021,0.23,kg
vegetable,turnip,turnip,6/4/2021,1.19,kg
vegetable,parsnips,all_varieties,6/4/2021,1.21,kg
vegetable,rhubarb,forced,6/4/2021,4.92,kg
vegetable,rhubarb,outdoor,6/4/2021,1.62,kg
vegetable,spinach_leaf,loose_bunches,6/4/2021,1.2,kg
vegetable,tomatoes,round,6/4/2021,1,kg
vegetable,tomatoes,vine,6/4/2021,1.06,kg
vegetable,tomatoes,cherry,6/4/2021,1.8,kg
vegetable,tomatoes,plum,6/4/2021,2,kg
fruit,apples,bramleys_seedling,5/28/2021,1.14,kg
fruit,apples,braeburn,5/28/2021,1.08,kg
fruit,apples,gala,5/28/2021,0.88,kg
fruit,apples,other_late_season,5/28/2021,0.83,kg
fruit,raspberries,raspberries,5/28/2021,17,kg
fruit,strawberries,strawberries,5/28/2021,4.41,kg
vegetable,asparagus,asparagus,5/28/2021,6.85,kg
vegetable,beetroot,beetroot,5/28/2021,0.51,kg
vegetable,pak_choi,pak_choi,5/28/2021,2.54,kg
vegetable,curly_kale,curly_kale,5/28/2021,3.52,kg
vegetable,cabbage,red,5/28/2021,0.62,kg
vegetable,cabbage,savoy,5/28/2021,0.55,head
vegetable,spring_greens,prepacked,5/28/2021,1.15,kg
vegetable,cabbage,summer_autumn_pointed,5/28/2021,0.9,kg
vegetable,cabbage,white,5/28/2021,0.5,kg
vegetable,cabbage,round_green_other,5/28/2021,0.76,head
vegetable,carrots,topped_washed,5/28/2021,0.62,kg
vegetable,cauliflower,all,5/28/2021,0.68,head
vegetable,celeriac,celeriac,5/28/2021,0.63,kg
vegetable,coriander,coriander,5/28/2021,1.35,kg
vegetable,cucumbers,cucumbers,5/28/2021,0.82,kg
vegetable,leeks,trimmed,5/28/2021,1.83,kg
vegetable,lettuce,butterhead_indoor,5/28/2021,0.41,head
vegetable,lettuce,cos,5/28/2021,0.68,head
vegetable,lettuce,crisp_iceberg_type,5/28/2021,0.56,head
vegetable,lettuce,little_gem,5/28/2021,0.66,twin
vegetable,rocket,rocket,5/28/2021,5.09,kg
vegetable,mixed_babyleaf_salad,pillow_pack,5/28/2021,4.56,kg
vegetable,onion,bulb_brown,5/28/2021,0.56,kg
vegetable,onion,bulb_red,5/28/2021,0.61,kg
vegetable,onion,saladspring,5/28/2021,0.4,kg
vegetable,swede,swede,5/28/2021,0.23,kg
vegetable,turnip,turnip,5/28/2021,0.8,kg
vegetable,parsnips,all_varieties,5/28/2021,1.18,kg
vegetable,rhubarb,forced,5/28/2021,5.33,kg
vegetable,rhubarb,outdoor,5/28/2021,1.81,kg
vegetable,spinach_leaf,loose_bunches,5/28/2021,1.31,kg
vegetable,tomatoes,round,5/28/2021,0.83,kg
vegetable,tomatoes,vine,5/28/2021,1.14,kg
vegetable,tomatoes,cherry,5/28/2021,1.8,kg
vegetable,tomatoes,plum,5/28/2021,2.35,kg
fruit,apples,bramleys_seedling,5/21/2021,1.16,kg
fruit,apples,braeburn,5/21/2021,1.03,kg
fruit,apples,gala,5/21/2021,0.85,kg
fruit,apples,other_late_season,5/21/2021,0.91,kg
fruit,raspberries,raspberries,5/21/2021,17.6,kg
fruit,strawberries,strawberries,5/21/2021,4.47,kg
vegetable,asparagus,asparagus,5/21/2021,8.1,kg
vegetable,beetroot,beetroot,5/21/2021,0.5,kg
vegetable,pak_choi,pak_choi,5/21/2021,2.55,kg
vegetable,curly_kale,curly_kale,5/21/2021,3.65,kg
vegetable,cabbage,red,5/21/2021,0.55,kg
vegetable,cabbage,savoy,5/21/2021,0.55,head
vegetable,spring_greens,prepacked,5/21/2021,1.16,kg
vegetable,cabbage,summer_autumn_pointed,5/21/2021,0.65,kg
vegetable,cabbage,white,5/21/2021,0.48,kg
vegetable,cabbage,round_green_other,5/21/2021,0.72,head
vegetable,carrots,topped_washed,5/21/2021,0.63,kg
vegetable,cauliflower,all,5/21/2021,0.75,head
vegetable,celeriac,celeriac,5/21/2021,0.69,kg
vegetable,coriander,coriander,5/21/2021,1.39,kg
vegetable,cucumbers,cucumbers,5/21/2021,0.84,kg
vegetable,leeks,trimmed,5/21/2021,1.92,kg
vegetable,lettuce,butterhead_indoor,5/21/2021,0.41,head
vegetable,lettuce,cos,5/21/2021,0.71,head
vegetable,lettuce,crisp_iceberg_type,5/21/2021,0.56,head
vegetable,lettuce,little_gem,5/21/2021,0.69,twin
vegetable,rocket,rocket,5/21/2021,5.07,kg
vegetable,mixed_babyleaf_salad,pillow_pack,5/21/2021,4.83,kg
vegetable,onion,bulb_brown,5/21/2021,0.54,kg
vegetable,onion,bulb_red,5/21/2021,0.58,kg
vegetable,onion,saladspring,5/21/2021,0.41,kg
vegetable,swede,swede,5/21/2021,0.23,kg
vegetable,turnip,turnip,5/21/2021,0.8,kg
vegetable,parsnips,all_varieties,5/21/2021,1.15,kg
vegetable,rhubarb,forced,5/21/2021,5.58,kg
vegetable,rhubarb,outdoor,5/21/2021,1.72,kg
vegetable,spinach_leaf,loose_bunches,5/21/2021,1.35,kg
vegetable,tomatoes,round,5/21/2021,0.91,kg
vegetable,tomatoes,vine,5/21/2021,1.32,kg
vegetable,tomatoes,cherry,5/21/2021,3.73,kg
vegetable,tomatoes,plum,5/21/2021,2,kg
fruit,apples,bramleys_seedling,5/14/2021,1.25,kg
fruit,apples,braeburn,5/14/2021,1.09,kg
fruit,apples,gala,5/14/2021,0.88,kg
fruit,apples,other_late_season,5/14/2021,0.84,kg
fruit,strawberries,strawberries,5/14/2021,8.8,kg
vegetable,asparagus,asparagus,5/14/2021,8.98,kg
vegetable,beetroot,beetroot,5/14/2021,0.5,kg
vegetable,pak_choi,pak_choi,5/14/2021,2.62,kg
vegetable,curly_kale,curly_kale,5/14/2021,3.64,kg
vegetable,cabbage,red,5/14/2021,0.54,kg
vegetable,cabbage,savoy,5/14/2021,0.55,head
vegetable,spring_greens,prepacked,5/14/2021,1.16,kg
vegetable,cabbage,summer_autumn_pointed,5/14/2021,0.74,kg
vegetable,cabbage,white,5/14/2021,0.46,kg
vegetable,cabbage,round_green_other,5/14/2021,0.67,head
vegetable,carrots,topped_washed,5/14/2021,0.54,kg
vegetable,cauliflower,all,5/14/2021,0.96,head
vegetable,celeriac,celeriac,5/14/2021,0.66,kg
vegetable,coriander,coriander,5/14/2021,1.4,kg
vegetable,cucumbers,cucumbers,5/14/2021,0.95,kg
vegetable,leeks,trimmed,5/14/2021,1.82,kg
vegetable,lettuce,butterhead_indoor,5/14/2021,0.41,head
vegetable,lettuce,cos,5/14/2021,0.77,head
vegetable,lettuce,crisp_iceberg_type,5/14/2021,0.51,head
vegetable,lettuce,little_gem,5/14/2021,0.68,twin
vegetable,rocket,rocket,5/14/2021,5.4,kg
vegetable,mixed_babyleaf_salad,pillow_pack,5/14/2021,4.98,kg
vegetable,onion,bulb_brown,5/14/2021,0.53,kg
vegetable,onion,bulb_red,5/14/2021,0.58,kg
vegetable,onion,saladspring,5/14/2021,0.41,kg
vegetable,swede,swede,5/14/2021,0.23,kg
vegetable,turnip,turnip,5/14/2021,0.8,kg
vegetable,parsnips,all_varieties,5/14/2021,1.12,kg
vegetable,rhubarb,forced,5/14/2021,5.46,kg
vegetable,rhubarb,outdoor,5/14/2021,1.69,kg
vegetable,spinach_leaf,loose_bunches,5/14/2021,1.67,kg
vegetable,tomatoes,round,5/14/2021,1.15,kg
vegetable,tomatoes,vine,5/14/2021,1.4,kg
vegetable,tomatoes,cherry,5/14/2021,3.73,kg
vegetable,tomatoes,plum,5/14/2021,2,kg
cut_flowers,tulips,tulips,5/14/2021,0.2,stem
fruit,apples,bramleys_seedling,5/7/2021,1.17,kg
fruit,apples,braeburn,5/7/2021,0.93,kg
fruit,apples,gala,5/7/2021,0.87,kg
fruit,apples,other_late_season,5/7/2021,0.86,kg
fruit,pears,conference,5/7/2021,0.9,kg
fruit,strawberries,strawberries,5/7/2021,6.63,kg
vegetable,asparagus,asparagus,5/7/2021,10.1,kg
vegetable,beetroot,beetroot,5/7/2021,0.49,kg
vegetable,pak_choi,pak_choi,5/7/2021,2.62,kg
vegetable,curly_kale,curly_kale,5/7/2021,3.57,kg
vegetable,cabbage,red,5/7/2021,0.49,kg
vegetable,cabbage,savoy,5/7/2021,0.55,head
vegetable,spring_greens,prepacked,5/7/2021,1.15,kg
vegetable,cabbage,summer_autumn_pointed,5/7/2021,0.64,kg
vegetable,cabbage,white,5/7/2021,0.46,kg
vegetable,cabbage,round_green_other,5/7/2021,0.64,head
vegetable,capsicum,red,5/7/2021,2.35,kg
vegetable,carrots,topped_washed,5/7/2021,0.5,kg
vegetable,cauliflower,all,5/7/2021,1.11,head
vegetable,celeriac,celeriac,5/7/2021,0.66,kg
vegetable,cucumbers,cucumbers,5/7/2021,0.81,kg
vegetable,leeks,trimmed,5/7/2021,1.78,kg
vegetable,lettuce,butterhead_indoor,5/7/2021,0.43,head
vegetable,lettuce,little_gem,5/7/2021,0.81,twin
vegetable,rocket,rocket,5/7/2021,5.3,kg
vegetable,mixed_babyleaf_salad,pillow_pack,5/7/2021,6.2,kg
vegetable,onion,bulb_brown,5/7/2021,0.48,kg
vegetable,onion,bulb_red,5/7/2021,0.58,kg
vegetable,onion,saladspring,5/7/2021,0.38,kg
vegetable,swede,swede,5/7/2021,0.23,kg
vegetable,turnip,turnip,5/7/2021,0.85,kg
vegetable,parsnips,all_varieties,5/7/2021,1.06,kg
vegetable,rhubarb,forced,5/7/2021,4.12,kg
vegetable,rhubarb,outdoor,5/7/2021,1.98,kg
vegetable,tomatoes,round,5/7/2021,1.29,kg
vegetable,tomatoes,vine,5/7/2021,1.98,kg
vegetable,tomatoes,cherry,5/7/2021,3.73,kg
vegetable,tomatoes,plum,5/7/2021,1.9,kg
cut_flowers,tulips,tulips,5/7/2021,0.2,stem
fruit,apples,bramleys_seedling,4/30/2021,1.23,kg
fruit,apples,braeburn,4/30/2021,1.03,kg
fruit,apples,gala,4/30/2021,1,kg
fruit,apples,other_late_season,4/30/2021,0.88,kg
fruit,pears,conference,4/30/2021,0.9,kg
fruit,strawberries,strawberries,4/30/2021,7.58,kg
vegetable,asparagus,asparagus,4/30/2021,10.15,kg
vegetable,beetroot,beetroot,4/30/2021,0.51,kg
vegetable,pak_choi,pak_choi,4/30/2021,2.69,kg
vegetable,curly_kale,curly_kale,4/30/2021,3.59,kg
vegetable,cabbage,red,4/30/2021,0.48,kg
vegetable,cabbage,savoy,4/30/2021,0.55,head
vegetable,spring_greens,prepacked,4/30/2021,1.22,kg
vegetable,cabbage,summer_autumn_pointed,4/30/2021,0.5,kg
vegetable,cabbage,white,4/30/2021,0.44,kg
vegetable,cabbage,round_green_other,4/30/2021,0.59,head
vegetable,capsicum,red,4/30/2021,2.36,kg
vegetable,capsicum,yelloworange,4/30/2021,3.2,kg
vegetable,carrots,topped_washed,4/30/2021,0.5,kg
vegetable,cauliflower,all,4/30/2021,1.05,head
vegetable,celeriac,celeriac,4/30/2021,0.66,kg
vegetable,cucumbers,cucumbers,4/30/2021,0.87,kg
vegetable,leeks,trimmed,4/30/2021,1.78,kg
vegetable,lettuce,butterhead_indoor,4/30/2021,0.45,head
vegetable,lettuce,little_gem,4/30/2021,0.83,twin
vegetable,rocket,rocket,4/30/2021,5.45,kg
vegetable,onion,bulb_brown,4/30/2021,0.48,kg
vegetable,onion,bulb_red,4/30/2021,0.53,kg
vegetable,onion,saladspring,4/30/2021,0.41,kg
vegetable,swede,swede,4/30/2021,0.23,kg
vegetable,turnip,turnip,4/30/2021,0.81,kg
vegetable,parsnips,all_varieties,4/30/2021,1.03,kg
vegetable,rhubarb,forced,4/30/2021,4.05,kg
vegetable,rhubarb,outdoor,4/30/2021,1.95,kg
vegetable,tomatoes,round,4/30/2021,1.03,kg
vegetable,tomatoes,vine,4/30/2021,2.32,kg
vegetable,tomatoes,cherry,4/30/2021,2.67,kg
vegetable,tomatoes,plum,4/30/2021,2.08,kg
cut_flowers,tulips,tulips,4/30/2021,0.2,stem
fruit,apples,bramleys_seedling,4/23/2021,1.2,kg
fruit,apples,coxs_orange_group,4/23/2021,0.61,kg
fruit,apples,braeburn,4/23/2021,1.13,kg
fruit,apples,gala,4/23/2021,1.09,kg
fruit,apples,other_late_season,4/23/2021,0.87,kg
fruit,pears,conference,4/23/2021,1.03,kg
fruit,strawberries,strawberries,4/23/2021,6.31,kg
vegetable,asparagus,asparagus,4/23/2021,10.21,kg
vegetable,beetroot,beetroot,4/23/2021,0.51,kg
vegetable,pak_choi,pak_choi,4/23/2021,2.82,kg
vegetable,curly_kale,curly_kale,4/23/2021,3.32,kg
vegetable,cabbage,red,4/23/2021,0.4,kg
vegetable,cabbage,savoy,4/23/2021,0.63,head
vegetable,spring_greens,prepacked,4/23/2021,1.22,kg
vegetable,cabbage,summer_autumn_pointed,4/23/2021,0.61,kg
vegetable,cabbage,white,4/23/2021,0.39,kg
vegetable,cabbage,round_green_other,4/23/2021,0.59,head
vegetable,capsicum,red,4/23/2021,2.35,kg
vegetable,carrots,topped_washed,4/23/2021,0.52,kg
vegetable,cauliflower,all,4/23/2021,1.14,head
vegetable,celeriac,celeriac,4/23/2021,0.67,kg
vegetable,cucumbers,cucumbers,4/23/2021,0.76,kg
vegetable,leeks,trimmed,4/23/2021,1.8,kg
vegetable,lettuce,butterhead_indoor,4/23/2021,0.46,head
vegetable,lettuce,little_gem,4/23/2021,0.78,twin
vegetable,rocket,rocket,4/23/2021,9.04,kg
vegetable,onion,bulb_brown,4/23/2021,0.47,kg
vegetable,onion,bulb_red,4/23/2021,0.53,kg
vegetable,onion,saladspring,4/23/2021,0.4,kg
vegetable,swede,swede,4/23/2021,0.23,kg
vegetable,turnip,turnip,4/23/2021,0.79,kg
vegetable,parsnips,all_varieties,4/23/2021,1.03,kg
vegetable,rhubarb,forced,4/23/2021,3.87,kg
vegetable,rhubarb,outdoor,4/23/2021,1.92,kg
vegetable,tomatoes,round,4/23/2021,1.03,kg
vegetable,tomatoes,vine,4/23/2021,3.51,kg
vegetable,tomatoes,cherry,4/23/2021,3.21,kg
cut_flowers,tulips,tulips,4/23/2021,0.2,stem
fruit,apples,bramleys_seedling,4/16/2021,1.23,kg
fruit,apples,coxs_orange_group,4/16/2021,0.77,kg
fruit,apples,braeburn,4/16/2021,1.03,kg
fruit,apples,gala,4/16/2021,1.09,kg
fruit,apples,other_late_season,4/16/2021,0.91,kg
fruit,pears,conference,4/16/2021,1.03,kg
fruit,strawberries,strawberries,4/16/2021,7.62,kg
vegetable,asparagus,asparagus,4/16/2021,11.73,kg
vegetable,beetroot,beetroot,4/16/2021,0.47,kg
vegetable,brussels_sprouts,brussels_sprouts,4/16/2021,1.06,kg
vegetable,pak_choi,pak_choi,4/16/2021,2.83,kg
vegetable,curly_kale,curly_kale,4/16/2021,3.03,kg
vegetable,cabbage,red,4/16/2021,0.41,kg
vegetable,cabbage,savoy,4/16/2021,0.63,head
vegetable,spring_greens,prepacked,4/16/2021,1.27,kg
vegetable,cabbage,white,4/16/2021,0.38,kg
vegetable,cabbage,round_green_other,4/16/2021,0.59,head
vegetable,capsicum,red,4/16/2021,2.35,kg
vegetable,carrots,topped_washed,4/16/2021,0.52,kg
vegetable,cauliflower,all,4/16/2021,1.12,head
vegetable,celeriac,celeriac,4/16/2021,0.7,kg
vegetable,cucumbers,cucumbers,4/16/2021,0.76,kg
vegetable,leeks,trimmed,4/16/2021,1.84,kg
vegetable,lettuce,butterhead_indoor,4/16/2021,0.42,head
vegetable,lettuce,little_gem,4/16/2021,0.8,twin
vegetable,mixed_babyleaf_salad,pillow_pack,4/16/2021,6.4,kg
vegetable,onion,bulb_brown,4/16/2021,0.46,kg
vegetable,onion,bulb_red,4/16/2021,0.52,kg
vegetable,onion,saladspring,4/16/2021,0.46,kg
vegetable,swede,swede,4/16/2021,0.22,kg
vegetable,turnip,turnip,4/16/2021,0.79,kg
vegetable,parsnips,all_varieties,4/16/2021,1.01,kg
vegetable,rhubarb,forced,4/16/2021,3.98,kg
vegetable,rhubarb,outdoor,4/16/2021,2.18,kg
vegetable,tomatoes,round,4/16/2021,1.05,kg
vegetable,tomatoes,vine,4/16/2021,4.45,kg
cut_flowers,tulips,tulips,4/16/2021,0.21,stem
fruit,apples,bramleys_seedling,4/9/2021,1.18,kg
fruit,apples,egremont_russet,4/9/2021,1.51,kg
fruit,apples,braeburn,4/9/2021,1.13,kg
fruit,apples,gala,4/9/2021,1.06,kg
fruit,apples,other_late_season,4/9/2021,0.93,kg
fruit,pears,conference,4/9/2021,1.17,kg
fruit,strawberries,strawberries,4/9/2021,7.44,kg
vegetable,asparagus,asparagus,4/9/2021,12.2,kg
vegetable,beetroot,beetroot,4/9/2021,0.46,kg
vegetable,brussels_sprouts,brussels_sprouts,4/9/2021,1.06,kg
vegetable,pak_choi,pak_choi,4/9/2021,2.82,kg
vegetable,curly_kale,curly_kale,4/9/2021,2.84,kg
vegetable,cabbage,red,4/9/2021,0.39,kg
vegetable,cabbage,savoy,4/9/2021,0.61,head
vegetable,spring_greens,prepacked,4/9/2021,1.32,kg
vegetable,cabbage,white,4/9/2021,0.4,kg
vegetable,cabbage,round_green_other,4/9/2021,0.58,head
vegetable,capsicum,red,4/9/2021,2.8,kg
vegetable,carrots,topped_washed,4/9/2021,0.51,kg
vegetable,cauliflower,all,4/9/2021,0.98,head
vegetable,celeriac,celeriac,4/9/2021,0.68,kg
vegetable,cucumbers,cucumbers,4/9/2021,0.86,kg
vegetable,leeks,trimmed,4/9/2021,1.81,kg
vegetable,lettuce,butterhead_indoor,4/9/2021,0.42,head
vegetable,lettuce,little_gem,4/9/2021,0.76,twin
vegetable,mixed_babyleaf_salad,pillow_pack,4/9/2021,6.4,kg
vegetable,onion,bulb_brown,4/9/2021,0.45,kg
vegetable,onion,bulb_red,4/9/2021,0.51,kg
vegetable,swede,swede,4/9/2021,0.22,kg
vegetable,turnip,turnip,4/9/2021,0.8,kg
vegetable,parsnips,all_varieties,4/9/2021,1.04,kg
vegetable,rhubarb,forced,4/9/2021,3.95,kg
vegetable,rhubarb,outdoor,4/9/2021,2.25,kg
vegetable,tomatoes,round,4/9/2021,1.18,kg
vegetable,tomatoes,vine,4/9/2021,4.32,kg
cut_flowers,tulips,tulips,4/9/2021,0.22,stem
fruit,apples,bramleys_seedling,4/2/2021,1.22,kg
fruit,apples,coxs_orange_group,4/2/2021,1.15,kg
fruit,apples,egremont_russet,4/2/2021,1.48,kg
fruit,apples,braeburn,4/2/2021,1.15,kg
fruit,apples,gala,4/2/2021,1.17,kg
fruit,apples,other_late_season,4/2/2021,0.97,kg
fruit,pears,conference,4/2/2021,1.17,kg
fruit,strawberries,strawberries,4/2/2021,7.79,kg
vegetable,asparagus,asparagus,4/2/2021,14.94,kg
vegetable,beetroot,beetroot,4/2/2021,0.46,kg
vegetable,brussels_sprouts,brussels_sprouts,4/2/2021,0.92,kg
vegetable,pak_choi,pak_choi,4/2/2021,2.83,kg
vegetable,curly_kale,curly_kale,4/2/2021,2.91,kg
vegetable,cabbage,red,4/2/2021,0.39,kg
vegetable,cabbage,savoy,4/2/2021,0.62,head
vegetable,spring_greens,prepacked,4/2/2021,1.3,kg
vegetable,cabbage,white,4/2/2021,0.34,kg
vegetable,cabbage,round_green_other,4/2/2021,0.58,head
vegetable,carrots,topped_washed,4/2/2021,0.52,kg
vegetable,cauliflower,all,4/2/2021,0.75,head
vegetable,celeriac,celeriac,4/2/2021,0.68,kg
vegetable,cucumbers,cucumbers,4/2/2021,0.99,kg
vegetable,leeks,trimmed,4/2/2021,1.85,kg
vegetable,lettuce,butterhead_indoor,4/2/2021,0.41,head
vegetable,lettuce,little_gem,4/2/2021,0.77,twin
vegetable,mixed_babyleaf_salad,pillow_pack,4/2/2021,5.7,kg
vegetable,onion,bulb_brown,4/2/2021,0.44,kg
vegetable,onion,bulb_red,4/2/2021,0.52,kg
vegetable,swede,swede,4/2/2021,0.23,kg
vegetable,turnip,turnip,4/2/2021,0.85,kg
vegetable,parsnips,all_varieties,4/2/2021,1.04,kg
vegetable,rhubarb,forced,4/2/2021,3.66,kg
vegetable,rhubarb,outdoor,4/2/2021,2.28,kg
vegetable,tomatoes,round,4/2/2021,1.56,kg
cut_flowers,tulips,tulips,4/2/2021,0.21,stem
fruit,apples,bramleys_seedling,3/26/2021,1.19,kg
fruit,apples,coxs_orange_group,3/26/2021,1.48,kg
fruit,apples,egremont_russet,3/26/2021,1.42,kg
fruit,apples,braeburn,3/26/2021,1.12,kg
fruit,apples,gala,3/26/2021,1.19,kg
fruit,pears,conference,3/26/2021,1.16,kg
fruit,strawberries,strawberries,3/26/2021,10.74,kg
vegetable,asparagus,asparagus,3/26/2021,15.29,kg
vegetable,beetroot,beetroot,3/26/2021,0.47,kg
vegetable,brussels_sprouts,brussels_sprouts,3/26/2021,0.92,kg
vegetable,pak_choi,pak_choi,3/26/2021,2.64,kg
vegetable,curly_kale,curly_kale,3/26/2021,2.92,kg
vegetable,cabbage,red,3/26/2021,0.39,kg
vegetable,cabbage,savoy,3/26/2021,0.63,head
vegetable,spring_greens,prepacked,3/26/2021,1.31,kg
vegetable,cabbage,white,3/26/2021,0.35,kg
vegetable,cabbage,round_green_other,3/26/2021,0.54,head
vegetable,carrots,topped_washed,3/26/2021,0.49,kg
vegetable,cauliflower,all,3/26/2021,0.71,head
vegetable,celeriac,celeriac,3/26/2021,0.69,kg
vegetable,cucumbers,cucumbers,3/26/2021,0.94,kg
vegetable,leeks,trimmed,3/26/2021,1.95,kg
vegetable,lettuce,butterhead_indoor,3/26/2021,0.39,head
vegetable,lettuce,little_gem,3/26/2021,0.69,twin
vegetable,onion,bulb_brown,3/26/2021,0.45,kg
vegetable,onion,bulb_red,3/26/2021,0.54,kg
vegetable,swede,swede,3/26/2021,0.22,kg
vegetable,turnip,turnip,3/26/2021,0.95,kg
vegetable,parsnips,all_varieties,3/26/2021,1.02,kg
vegetable,rhubarb,forced,3/26/2021,4,kg
vegetable,rhubarb,outdoor,3/26/2021,2.55,kg
cut_flowers,tulips,tulips,3/26/2021,0.21,stem
fruit,apples,bramleys_seedling,3/19/2021,1.06,kg
fruit,apples,coxs_orange_group,3/19/2021,1.54,kg
fruit,apples,egremont_russet,3/19/2021,1.37,kg
fruit,apples,braeburn,3/19/2021,1.08,kg
fruit,apples,gala,3/19/2021,1.07,kg
fruit,apples,other_late_season,3/19/2021,1.24,kg
fruit,pears,conference,3/19/2021,1,kg
vegetable,asparagus,asparagus,3/19/2021,15.05,kg
vegetable,beetroot,beetroot,3/19/2021,0.45,kg
vegetable,brussels_sprouts,brussels_sprouts,3/19/2021,0.85,kg
vegetable,pak_choi,pak_choi,3/19/2021,2.63,kg
vegetable,curly_kale,curly_kale,3/19/2021,2.94,kg
vegetable,cabbage,red,3/19/2021,0.35,kg
vegetable,cabbage,savoy,3/19/2021,0.64,head
vegetable,spring_greens,prepacked,3/19/2021,1.28,kg
vegetable,cabbage,white,3/19/2021,0.35,kg
vegetable,cabbage,round_green_other,3/19/2021,0.54,head
vegetable,carrots,topped_washed,3/19/2021,0.52,kg
vegetable,cauliflower,all,3/19/2021,0.84,head
vegetable,celeriac,celeriac,3/19/2021,0.66,kg
vegetable,cucumbers,cucumbers,3/19/2021,1.09,kg
vegetable,leeks,trimmed,3/19/2021,2,kg
vegetable,lettuce,butterhead_indoor,3/19/2021,0.4,head
vegetable,lettuce,little_gem,3/19/2021,0.69,twin
vegetable,onion,bulb_brown,3/19/2021,0.45,kg
vegetable,onion,bulb_red,3/19/2021,0.56,kg
vegetable,swede,swede,3/19/2021,0.23,kg
vegetable,turnip,turnip,3/19/2021,1.39,kg
vegetable,parsnips,all_varieties,3/19/2021,1.04,kg
vegetable,rhubarb,forced,3/19/2021,4.71,kg
vegetable,rhubarb,outdoor,3/19/2021,2.49,kg
cut_flowers,tulips,tulips,3/19/2021,0.21,stem
fruit,apples,bramleys_seedling,3/12/2021,0.99,kg
fruit,apples,coxs_orange_group,3/12/2021,1.41,kg
fruit,apples,egremont_russet,3/12/2021,1.08,kg
fruit,apples,braeburn,3/12/2021,1,kg
fruit,apples,gala,3/12/2021,1.02,kg
fruit,apples,other_late_season,3/12/2021,0.94,kg
fruit,pears,conference,3/12/2021,1.03,kg
fruit,pears,doyenne_du_comice,3/12/2021,0.64,kg
vegetable,asparagus,asparagus,3/12/2021,16.96,kg
vegetable,beetroot,beetroot,3/12/2021,0.45,kg
vegetable,brussels_sprouts,brussels_sprouts,3/12/2021,0.93,kg
vegetable,pak_choi,pak_choi,3/12/2021,2.87,kg
vegetable,curly_kale,curly_kale,3/12/2021,2.98,kg
vegetable,cabbage,red,3/12/2021,0.35,kg
vegetable,cabbage,savoy,3/12/2021,0.61,head
vegetable,spring_greens,prepacked,3/12/2021,1.22,kg
vegetable,cabbage,white,3/12/2021,0.36,kg
vegetable,cabbage,round_green_other,3/12/2021,0.52,head
vegetable,carrots,topped_washed,3/12/2021,0.5,kg
vegetable,cauliflower,all,3/12/2021,0.68,head
vegetable,celeriac,celeriac,3/12/2021,0.67,kg
vegetable,cucumbers,cucumbers,3/12/2021,1,kg
vegetable,leeks,trimmed,3/12/2021,1.79,kg
vegetable,lettuce,butterhead_indoor,3/12/2021,0.42,head
vegetable,lettuce,little_gem,3/12/2021,0.69,twin
vegetable,onion,bulb_brown,3/12/2021,0.45,kg
vegetable,onion,bulb_red,3/12/2021,0.54,kg
vegetable,swede,swede,3/12/2021,0.22,kg
vegetable,turnip,turnip,3/12/2021,1.78,kg
vegetable,parsnips,all_varieties,3/12/2021,1.04,kg
vegetable,rhubarb,forced,3/12/2021,4.62,kg
cut_flowers,tulips,tulips,3/12/2021,0.2,stem
fruit,apples,bramleys_seedling,3/5/2021,1,kg
fruit,apples,coxs_orange_group,3/5/2021,1.39,kg
fruit,apples,egremont_russet,3/5/2021,1.25,kg
fruit,apples,braeburn,3/5/2021,0.99,kg
fruit,apples,gala,3/5/2021,1.03,kg
fruit,apples,other_late_season,3/5/2021,1.04,kg
fruit,pears,conference,3/5/2021,1.03,kg
vegetable,beetroot,beetroot,3/5/2021,0.45,kg
vegetable,brussels_sprouts,brussels_sprouts,3/5/2021,0.97,kg
vegetable,pak_choi,pak_choi,3/5/2021,2.93,kg
vegetable,curly_kale,curly_kale,3/5/2021,3.05,kg
vegetable,cabbage,red,3/5/2021,0.36,kg
vegetable,cabbage,savoy,3/5/2021,0.56,head
vegetable,spring_greens,prepacked,3/5/2021,1.26,kg
vegetable,cabbage,white,3/5/2021,0.36,kg
vegetable,cabbage,round_green_other,3/5/2021,0.52,head
vegetable,carrots,topped_washed,3/5/2021,0.5,kg
vegetable,cauliflower,all,3/5/2021,0.65,head
vegetable,celeriac,celeriac,3/5/2021,0.67,kg
vegetable,cucumbers,cucumbers,3/5/2021,0.84,kg
vegetable,leeks,trimmed,3/5/2021,1.86,kg
vegetable,lettuce,butterhead_indoor,3/5/2021,0.42,head
vegetable,lettuce,little_gem,3/5/2021,0.66,twin
vegetable,onion,bulb_brown,3/5/2021,0.43,kg
vegetable,onion,bulb_red,3/5/2021,0.53,kg
vegetable,swede,swede,3/5/2021,0.22,kg
vegetable,turnip,turnip,3/5/2021,1.79,kg
vegetable,parsnips,all_varieties,3/5/2021,1.07,kg
vegetable,rhubarb,forced,3/5/2021,4.43,kg
cut_flowers,tulips,tulips,3/5/2021,0.2,stem
fruit,apples,bramleys_seedling,2/26/2021,1.04,kg
fruit,apples,coxs_orange_group,2/26/2021,1.32,kg
fruit,apples,egremont_russet,2/26/2021,1.3,kg
fruit,apples,braeburn,2/26/2021,1,kg
fruit,apples,gala,2/26/2021,1,kg
fruit,apples,other_late_season,2/26/2021,1.01,kg
fruit,pears,conference,2/26/2021,1.07,kg
vegetable,beetroot,beetroot,2/26/2021,0.45,kg
vegetable,brussels_sprouts,brussels_sprouts,2/26/2021,0.87,kg
vegetable,pak_choi,pak_choi,2/26/2021,3.04,kg
vegetable,curly_kale,curly_kale,2/26/2021,2.98,kg
vegetable,cabbage,red,2/26/2021,0.34,kg
vegetable,cabbage,savoy,2/26/2021,0.55,head
vegetable,spring_greens,prepacked,2/26/2021,1.3,kg
vegetable,cabbage,white,2/26/2021,0.35,kg
vegetable,cabbage,round_green_other,2/26/2021,0.52,head
vegetable,carrots,topped_washed,2/26/2021,0.5,kg
vegetable,cauliflower,all,2/26/2021,0.73,head
vegetable,celeriac,celeriac,2/26/2021,0.68,kg
vegetable,cucumbers,cucumbers,2/26/2021,0.96,kg
vegetable,leeks,trimmed,2/26/2021,1.88,kg
vegetable,lettuce,butterhead_indoor,2/26/2021,0.43,head
vegetable,lettuce,little_gem,2/26/2021,0.65,twin
vegetable,onion,bulb_brown,2/26/2021,0.44,kg
vegetable,onion,bulb_red,2/26/2021,0.53,kg
vegetable,swede,swede,2/26/2021,0.22,kg
vegetable,turnip,turnip,2/26/2021,1.7,kg
vegetable,parsnips,all_varieties,2/26/2021,1.06,kg
vegetable,rhubarb,forced,2/26/2021,4.94,kg
cut_flowers,tulips,tulips,2/26/2021,0.23,stem
fruit,apples,bramleys_seedling,2/19/2021,1.05,kg
fruit,apples,coxs_orange_group,2/19/2021,1.38,kg
fruit,apples,egremont_russet,2/19/2021,1.37,kg
fruit,apples,braeburn,2/19/2021,0.95,kg
fruit,apples,gala,2/19/2021,1,kg
fruit,apples,other_late_season,2/19/2021,0.99,kg
fruit,pears,conference,2/19/2021,1.02,kg
fruit,pears,doyenne_du_comice,2/19/2021,0.83,kg
vegetable,beetroot,beetroot,2/19/2021,0.44,kg
vegetable,brussels_sprouts,brussels_sprouts,2/19/2021,0.89,kg
vegetable,pak_choi,pak_choi,2/19/2021,3.29,kg
vegetable,curly_kale,curly_kale,2/19/2021,2.99,kg
vegetable,cabbage,red,2/19/2021,0.36,kg
vegetable,cabbage,savoy,2/19/2021,0.62,head
vegetable,spring_greens,prepacked,2/19/2021,1.22,kg
vegetable,cabbage,white,2/19/2021,0.35,kg
vegetable,cabbage,round_green_other,2/19/2021,0.53,head
vegetable,carrots,topped_washed,2/19/2021,0.51,kg
vegetable,cauliflower,all,2/19/2021,0.85,head
vegetable,celeriac,celeriac,2/19/2021,0.66,kg
vegetable,cucumbers,cucumbers,2/19/2021,1.58,kg
vegetable,leeks,trimmed,2/19/2021,1.94,kg
vegetable,lettuce,butterhead_indoor,2/19/2021,0.45,head
vegetable,lettuce,little_gem,2/19/2021,0.74,twin
vegetable,onion,bulb_brown,2/19/2021,0.45,kg
vegetable,onion,bulb_red,2/19/2021,0.52,kg
vegetable,swede,swede,2/19/2021,0.23,kg
vegetable,turnip,turnip,2/19/2021,1.71,kg
vegetable,parsnips,all_varieties,2/19/2021,1.05,kg
vegetable,rhubarb,forced,2/19/2021,5.01,kg
cut_flowers,tulips,tulips,2/19/2021,0.22,stem
fruit,apples,bramleys_seedling,2/12/2021,1.09,kg
fruit,apples,coxs_orange_group,2/12/2021,1.45,kg
fruit,apples,egremont_russet,2/12/2021,1.45,kg
fruit,apples,braeburn,2/12/2021,0.95,kg
fruit,apples,gala,2/12/2021,1.04,kg
fruit,apples,other_late_season,2/12/2021,1.01,kg
fruit,pears,conference,2/12/2021,1.02,kg
fruit,pears,doyenne_du_comice,2/12/2021,0.96,kg
vegetable,beetroot,beetroot,2/12/2021,0.46,kg
vegetable,brussels_sprouts,brussels_sprouts,2/12/2021,0.88,kg
vegetable,pak_choi,pak_choi,2/12/2021,3.73,kg
vegetable,curly_kale,curly_kale,2/12/2021,2.96,kg
vegetable,cabbage,red,2/12/2021,0.36,kg
vegetable,cabbage,savoy,2/12/2021,0.53,head
vegetable,spring_greens,prepacked,2/12/2021,1.1,kg
vegetable,cabbage,white,2/12/2021,0.35,kg
vegetable,cabbage,round_green_other,2/12/2021,0.54,head
vegetable,carrots,topped_washed,2/12/2021,0.51,kg
vegetable,cauliflower,all,2/12/2021,0.96,head
vegetable,celeriac,celeriac,2/12/2021,0.65,kg
vegetable,leeks,trimmed,2/12/2021,2.1,kg
vegetable,lettuce,butterhead_indoor,2/12/2021,0.45,head
vegetable,lettuce,little_gem,2/12/2021,0.77,twin
vegetable,onion,bulb_brown,2/12/2021,0.43,kg
vegetable,onion,bulb_red,2/12/2021,0.5,kg
vegetable,swede,swede,2/12/2021,0.23,kg
vegetable,turnip,turnip,2/12/2021,1.7,kg
vegetable,parsnips,all_varieties,2/12/2021,1,kg
vegetable,rhubarb,forced,2/12/2021,4.39,kg
cut_flowers,tulips,tulips,2/12/2021,0.22,stem
fruit,apples,bramleys_seedling,2/5/2021,1.1,kg
fruit,apples,coxs_orange_group,2/5/2021,1.44,kg
fruit,apples,egremont_russet,2/5/2021,1.28,kg
fruit,apples,braeburn,2/5/2021,0.92,kg
fruit,apples,gala,2/5/2021,0.96,kg
fruit,apples,other_late_season,2/5/2021,0.98,kg
fruit,pears,conference,2/5/2021,1.01,kg
fruit,pears,doyenne_du_comice,2/5/2021,0.95,kg
vegetable,beetroot,beetroot,2/5/2021,0.45,kg
vegetable,brussels_sprouts,brussels_sprouts,2/5/2021,0.81,kg
vegetable,pak_choi,pak_choi,2/5/2021,2.87,kg
vegetable,curly_kale,curly_kale,2/5/2021,2.86,kg
vegetable,cabbage,red,2/5/2021,0.35,kg
vegetable,cabbage,savoy,2/5/2021,0.48,head
vegetable,spring_greens,prepacked,2/5/2021,1.06,kg
vegetable,cabbage,white,2/5/2021,0.36,kg
vegetable,cabbage,round_green_other,2/5/2021,0.52,head
vegetable,carrots,topped_washed,2/5/2021,0.47,kg
vegetable,cauliflower,all,2/5/2021,0.88,head
vegetable,celeriac,celeriac,2/5/2021,0.65,kg
vegetable,leeks,trimmed,2/5/2021,1.49,kg
vegetable,lettuce,butterhead_indoor,2/5/2021,0.46,head
vegetable,lettuce,little_gem,2/5/2021,0.81,twin
vegetable,onion,bulb_brown,2/5/2021,0.43,kg
vegetable,onion,bulb_red,2/5/2021,0.53,kg
vegetable,swede,swede,2/5/2021,0.22,kg
vegetable,turnip,turnip,2/5/2021,1.66,kg
vegetable,parsnips,all_varieties,2/5/2021,0.99,kg
vegetable,rhubarb,forced,2/5/2021,4.59,kg
cut_flowers,tulips,tulips,2/5/2021,0.22,stem
fruit,apples,bramleys_seedling,1/29/2021,1.11,kg
fruit,apples,coxs_orange_group,1/29/2021,1.29,kg
fruit,apples,egremont_russet,1/29/2021,1.6,kg
fruit,apples,braeburn,1/29/2021,0.97,kg
fruit,apples,gala,1/29/2021,0.98,kg
fruit,apples,other_late_season,1/29/2021,0.99,kg
fruit,pears,conference,1/29/2021,1.04,kg
fruit,pears,doyenne_du_comice,1/29/2021,0.95,kg
vegetable,beetroot,beetroot,1/29/2021,0.45,kg
vegetable,brussels_sprouts,brussels_sprouts,1/29/2021,0.81,kg
vegetable,pak_choi,pak_choi,1/29/2021,2.83,kg
vegetable,curly_kale,curly_kale,1/29/2021,2.85,kg
vegetable,cabbage,red,1/29/2021,0.35,kg
vegetable,cabbage,savoy,1/29/2021,0.48,head
vegetable,spring_greens,prepacked,1/29/2021,1.06,kg
vegetable,cabbage,white,1/29/2021,0.34,kg
vegetable,cabbage,round_green_other,1/29/2021,0.52,head
vegetable,carrots,topped_washed,1/29/2021,0.48,kg
vegetable,cauliflower,all,1/29/2021,1.02,head
vegetable,celeriac,celeriac,1/29/2021,0.65,kg
vegetable,chinese_leaf,chinese_leaf,1/29/2021,1.07,kg
vegetable,leeks,trimmed,1/29/2021,1.4,kg
vegetable,lettuce,butterhead_indoor,1/29/2021,0.48,head
vegetable,lettuce,little_gem,1/29/2021,0.82,twin
vegetable,onion,bulb_brown,1/29/2021,0.42,kg
vegetable,onion,bulb_red,1/29/2021,0.54,kg
vegetable,swede,swede,1/29/2021,0.22,kg
vegetable,turnip,turnip,1/29/2021,1.73,kg
vegetable,parsnips,all_varieties,1/29/2021,1,kg
vegetable,rhubarb,forced,1/29/2021,4.52,kg
cut_flowers,tulips,tulips,1/29/2021,0.22,stem
fruit,apples,bramleys_seedling,1/22/2021,1.12,kg
fruit,apples,coxs_orange_group,1/22/2021,1.26,kg
fruit,apples,egremont_russet,1/22/2021,1.53,kg
fruit,apples,braeburn,1/22/2021,0.88,kg
fruit,apples,gala,1/22/2021,1.05,kg
fruit,apples,other_late_season,1/22/2021,0.95,kg
fruit,pears,conference,1/22/2021,0.97,kg
fruit,pears,doyenne_du_comice,1/22/2021,0.96,kg
vegetable,beetroot,beetroot,1/22/2021,0.46,kg
vegetable,brussels_sprouts,brussels_sprouts,1/22/2021,0.81,kg
vegetable,pak_choi,pak_choi,1/22/2021,2.75,kg
vegetable,curly_kale,curly_kale,1/22/2021,2.87,kg
vegetable,cabbage,red,1/22/2021,0.37,kg
vegetable,cabbage,savoy,1/22/2021,0.5,head
vegetable,spring_greens,prepacked,1/22/2021,1.04,kg
vegetable,cabbage,white,1/22/2021,0.36,kg
vegetable,cabbage,round_green_other,1/22/2021,0.53,head
vegetable,carrots,topped_washed,1/22/2021,0.48,kg
vegetable,cauliflower,all,1/22/2021,1.28,head
vegetable,celeriac,celeriac,1/22/2021,0.65,kg
vegetable,chinese_leaf,chinese_leaf,1/22/2021,1.07,kg
vegetable,leeks,trimmed,1/22/2021,1.43,kg
vegetable,lettuce,butterhead_indoor,1/22/2021,0.45,head
vegetable,lettuce,little_gem,1/22/2021,0.87,twin
vegetable,onion,bulb_brown,1/22/2021,0.42,kg
vegetable,onion,bulb_red,1/22/2021,0.52,kg
vegetable,swede,swede,1/22/2021,0.22,kg
vegetable,turnip,turnip,1/22/2021,1.62,kg
vegetable,parsnips,all_varieties,1/22/2021,1.03,kg
vegetable,rhubarb,forced,1/22/2021,4.6,kg
cut_flowers,tulips,tulips,1/22/2021,0.22,stem
fruit,apples,bramleys_seedling,1/15/2021,1.13,kg
fruit,apples,coxs_orange_group,1/15/2021,1.25,kg
fruit,apples,egremont_russet,1/15/2021,1.56,kg
fruit,apples,braeburn,1/15/2021,1.02,kg
fruit,apples,gala,1/15/2021,1.07,kg
fruit,apples,other_late_season,1/15/2021,1.04,kg
fruit,pears,conference,1/15/2021,1.01,kg
fruit,pears,doyenne_du_comice,1/15/2021,0.96,kg
vegetable,beetroot,beetroot,1/15/2021,0.43,kg
vegetable,brussels_sprouts,brussels_sprouts,1/15/2021,0.82,kg
vegetable,pak_choi,pak_choi,1/15/2021,2.74,kg
vegetable,curly_kale,curly_kale,1/15/2021,2.85,kg
vegetable,cabbage,red,1/15/2021,0.36,kg
vegetable,cabbage,savoy,1/15/2021,0.47,head
vegetable,spring_greens,prepacked,1/15/2021,1.05,kg
vegetable,cabbage,white,1/15/2021,0.35,kg
vegetable,cabbage,round_green_other,1/15/2021,0.53,head
vegetable,carrots,topped_washed,1/15/2021,0.49,kg
vegetable,cauliflower,all,1/15/2021,1.47,head
vegetable,celeriac,celeriac,1/15/2021,0.66,kg
vegetable,chinese_leaf,chinese_leaf,1/15/2021,1.04,kg
vegetable,leeks,trimmed,1/15/2021,1.4,kg
vegetable,lettuce,butterhead_indoor,1/15/2021,0.46,head
vegetable,lettuce,little_gem,1/15/2021,0.83,twin
vegetable,onion,bulb_brown,1/15/2021,0.42,kg
vegetable,onion,bulb_red,1/15/2021,0.52,kg
vegetable,swede,swede,1/15/2021,0.22,kg
vegetable,turnip,turnip,1/15/2021,1.7,kg
vegetable,parsnips,all_varieties,1/15/2021,1.02,kg
vegetable,rhubarb,forced,1/15/2021,4.13,kg
cut_flowers,tulips,tulips,1/15/2021,0.23,stem
fruit,apples,bramleys_seedling,1/8/2021,1.15,kg
fruit,apples,coxs_orange_group,1/8/2021,1.2,kg
fruit,apples,egremont_russet,1/8/2021,1.71,kg
fruit,apples,braeburn,1/8/2021,0.96,kg
fruit,apples,gala,1/8/2021,0.96,kg
fruit,apples,other_late_season,1/8/2021,1.01,kg
fruit,pears,conference,1/8/2021,1,kg
fruit,pears,doyenne_du_comice,1/8/2021,0.95,kg
vegetable,beetroot,beetroot,1/8/2021,0.46,kg
vegetable,brussels_sprouts,brussels_sprouts,1/8/2021,0.84,kg
vegetable,pak_choi,pak_choi,1/8/2021,2.68,kg
vegetable,curly_kale,curly_kale,1/8/2021,2.79,kg
vegetable,cabbage,red,1/8/2021,0.35,kg
vegetable,cabbage,savoy,1/8/2021,0.47,head
vegetable,spring_greens,prepacked,1/8/2021,0.97,kg
vegetable,cabbage,white,1/8/2021,0.35,kg
vegetable,cabbage,round_green_other,1/8/2021,0.52,head
vegetable,carrots,topped_washed,1/8/2021,0.47,kg
vegetable,cauliflower,all,1/8/2021,1.03,head
vegetable,celeriac,celeriac,1/8/2021,0.66,kg
vegetable,chinese_leaf,chinese_leaf,1/8/2021,0.99,kg
vegetable,leeks,trimmed,1/8/2021,1.38,kg
vegetable,lettuce,butterhead_indoor,1/8/2021,0.45,head
vegetable,lettuce,little_gem,1/8/2021,0.78,twin
vegetable,onion,bulb_brown,1/8/2021,0.4,kg
vegetable,onion,bulb_red,1/8/2021,0.53,kg
vegetable,swede,swede,1/8/2021,0.22,kg
vegetable,turnip,turnip,1/8/2021,1.69,kg
vegetable,parsnips,all_varieties,1/8/2021,1.03,kg
cut_flowers,tulips,tulips,1/8/2021,0.23,stem
fruit,apples,bramleys_seedling,12/18/2020,1.07,kg
fruit,apples,coxs_orange_group,12/18/2020,1.03,kg
fruit,apples,egremont_russet,12/18/2020,1.52,kg
fruit,apples,braeburn,12/18/2020,0.91,kg
fruit,apples,gala,12/18/2020,0.94,kg
fruit,apples,other_late_season,12/18/2020,0.99,kg
fruit,pears,conference,12/18/2020,0.89,kg
fruit,pears,doyenne_du_comice,12/18/2020,0.9,kg
fruit,strawberries,strawberries,12/18/2020,5,kg
vegetable,beetroot,beetroot,12/18/2020,0.47,kg
vegetable,brussels_sprouts,brussels_sprouts,12/18/2020,0.82,kg
vegetable,pak_choi,pak_choi,12/18/2020,2.61,kg
vegetable,curly_kale,curly_kale,12/18/2020,2.78,kg
vegetable,cabbage,red,12/18/2020,0.38,kg
vegetable,cabbage,savoy,12/18/2020,0.52,head
vegetable,spring_greens,prepacked,12/18/2020,0.91,kg
vegetable,cabbage,white,12/18/2020,0.38,kg
vegetable,cabbage,round_green_other,12/18/2020,0.51,head
vegetable,carrots,topped_washed,12/18/2020,0.46,kg
vegetable,cauliflower,all,12/18/2020,0.65,head
vegetable,celery,all_washed,12/18/2020,0.67,kg
vegetable,celeriac,celeriac,12/18/2020,0.75,kg
vegetable,chinese_leaf,chinese_leaf,12/18/2020,0.98,kg
vegetable,leeks,trimmed,12/18/2020,1.18,kg
vegetable,lettuce,butterhead_indoor,12/18/2020,0.39,head
vegetable,lettuce,little_gem,12/18/2020,0.78,twin
vegetable,onion,bulb_brown,12/18/2020,0.38,kg
vegetable,onion,bulb_red,12/18/2020,0.52,kg
vegetable,swede,swede,12/18/2020,0.22,kg
vegetable,turnip,turnip,12/18/2020,1.17,kg
vegetable,parsnips,all_varieties,12/18/2020,0.95,kg
cut_flowers,tulips,tulips,12/18/2020,0.22,stem
fruit,apples,bramleys_seedling,12/11/2020,1.04,kg
fruit,apples,coxs_orange_group,12/11/2020,1.03,kg
fruit,apples,egremont_russet,12/11/2020,1.44,kg
fruit,apples,braeburn,12/11/2020,0.87,kg
fruit,apples,gala,12/11/2020,0.94,kg
fruit,apples,other_late_season,12/11/2020,0.94,kg
fruit,pears,conference,12/11/2020,0.87,kg
fruit,pears,doyenne_du_comice,12/11/2020,0.92,kg
fruit,pears,other,12/11/2020,0.67,kg
vegetable,beetroot,beetroot,12/11/2020,0.46,kg
vegetable,brussels_sprouts,brussels_sprouts,12/11/2020,0.81,kg
vegetable,pak_choi,pak_choi,12/11/2020,2.6,kg
vegetable,curly_kale,curly_kale,12/11/2020,2.75,kg
vegetable,cabbage,red,12/11/2020,0.39,kg
vegetable,cabbage,savoy,12/11/2020,0.5,head
vegetable,spring_greens,prepacked,12/11/2020,0.82,kg
vegetable,cabbage,white,12/11/2020,0.36,kg
vegetable,cabbage,round_green_other,12/11/2020,0.48,head
vegetable,carrots,topped_washed,12/11/2020,0.46,kg
vegetable,cauliflower,all,12/11/2020,0.71,head
vegetable,celery,all_washed,12/11/2020,0.61,kg
vegetable,celeriac,celeriac,12/11/2020,0.75,kg
vegetable,chinese_leaf,chinese_leaf,12/11/2020,0.99,kg
vegetable,leeks,trimmed,12/11/2020,1.18,kg
vegetable,lettuce,butterhead_indoor,12/11/2020,0.39,head
vegetable,lettuce,little_gem,12/11/2020,0.73,twin
vegetable,onion,bulb_brown,12/11/2020,0.39,kg
vegetable,onion,bulb_red,12/11/2020,0.52,kg
vegetable,swede,swede,12/11/2020,0.21,kg
vegetable,turnip,turnip,12/11/2020,1.13,kg
vegetable,parsnips,all_varieties,12/11/2020,0.92,kg
cut_flowers,tulips,tulips,12/11/2020,0.22,stem
fruit,apples,bramleys_seedling,12/4/2020,1.04,kg
fruit,apples,coxs_orange_group,12/4/2020,1.02,kg
fruit,apples,egremont_russet,12/4/2020,1.4,kg
fruit,apples,braeburn,12/4/2020,0.86,kg
fruit,apples,gala,12/4/2020,0.93,kg
fruit,apples,other_late_season,12/4/2020,0.97,kg
fruit,pears,conference,12/4/2020,0.84,kg
fruit,pears,doyenne_du_comice,12/4/2020,1.03,kg
fruit,pears,other,12/4/2020,0.67,kg
vegetable,beetroot,beetroot,12/4/2020,0.47,kg
vegetable,brussels_sprouts,brussels_sprouts,12/4/2020,0.81,kg
vegetable,pak_choi,pak_choi,12/4/2020,2.64,kg
vegetable,curly_kale,curly_kale,12/4/2020,2.84,kg
vegetable,cabbage,red,12/4/2020,0.38,kg
vegetable,cabbage,savoy,12/4/2020,0.5,head
vegetable,spring_greens,prepacked,12/4/2020,0.8,kg
vegetable,cabbage,white,12/4/2020,0.36,kg
vegetable,cabbage,round_green_other,12/4/2020,0.48,head
vegetable,carrots,topped_washed,12/4/2020,0.46,kg
vegetable,cauliflower,all,12/4/2020,0.5,head
vegetable,celery,all_washed,12/4/2020,0.65,kg
vegetable,celeriac,celeriac,12/4/2020,0.75,kg
vegetable,chinese_leaf,chinese_leaf,12/4/2020,0.98,kg
vegetable,leeks,trimmed,12/4/2020,1.16,kg
vegetable,lettuce,butterhead_indoor,12/4/2020,0.39,head
vegetable,lettuce,little_gem,12/4/2020,0.73,twin
vegetable,onion,bulb_brown,12/4/2020,0.38,kg
vegetable,onion,bulb_red,12/4/2020,0.49,kg
vegetable,swede,swede,12/4/2020,0.21,kg
vegetable,turnip,turnip,12/4/2020,1.17,kg
vegetable,parsnips,all_varieties,12/4/2020,0.95,kg
cut_flowers,tulips,tulips,12/4/2020,0.22,stem
fruit,apples,bramleys_seedling,11/27/2020,1,kg
fruit,apples,coxs_orange_group,11/27/2020,0.95,kg
fruit,apples,egremont_russet,11/27/2020,1.5,kg
fruit,apples,braeburn,11/27/2020,0.81,kg
fruit,apples,gala,11/27/2020,0.93,kg
fruit,apples,other_late_season,11/27/2020,0.97,kg
fruit,pears,conference,11/27/2020,0.89,kg
fruit,pears,doyenne_du_comice,11/27/2020,1.07,kg
fruit,pears,other,11/27/2020,0.67,kg
fruit,strawberries,strawberries,11/27/2020,5.19,kg
vegetable,beetroot,beetroot,11/27/2020,0.46,kg
vegetable,brussels_sprouts,brussels_sprouts,11/27/2020,0.79,kg
vegetable,pak_choi,pak_choi,11/27/2020,2.5,kg
vegetable,curly_kale,curly_kale,11/27/2020,2.52,kg
vegetable,cabbage,red,11/27/2020,0.4,kg
vegetable,cabbage,savoy,11/27/2020,0.48,head
vegetable,spring_greens,prepacked,11/27/2020,0.81,kg
vegetable,cabbage,summer_autumn_pointed,11/27/2020,0.58,kg
vegetable,cabbage,white,11/27/2020,0.37,kg
vegetable,cabbage,round_green_other,11/27/2020,0.47,head
vegetable,capsicum,green,11/27/2020,0.7,kg
vegetable,capsicum,red,11/27/2020,0.71,kg
vegetable,capsicum,elongated,11/27/2020,1.09,kg
vegetable,carrots,topped_washed,11/27/2020,0.47,kg
vegetable,cauliflower,all,11/27/2020,0.47,head
vegetable,celery,all_washed,11/27/2020,0.68,kg
vegetable,celeriac,celeriac,11/27/2020,0.76,kg
vegetable,chinese_leaf,chinese_leaf,11/27/2020,0.96,kg
vegetable,leeks,trimmed,11/27/2020,1.18,kg
vegetable,lettuce,butterhead_indoor,11/27/2020,0.38,head
vegetable,lettuce,cos,11/27/2020,0.52,head
vegetable,lettuce,little_gem,11/27/2020,0.66,twin
vegetable,onion,bulb_brown,11/27/2020,0.37,kg
vegetable,onion,bulb_red,11/27/2020,0.54,kg
vegetable,swede,swede,11/27/2020,0.22,kg
vegetable,turnip,turnip,11/27/2020,1.18,kg
vegetable,parsnips,all_varieties,11/27/2020,0.96,kg
vegetable,tomatoes,round,11/27/2020,1.36,kg
vegetable,tomatoes,cherry,11/27/2020,2.68,kg
cut_flowers,tulips,tulips,11/27/2020,0.22,stem
fruit,apples,bramleys_seedling,11/20/2020,1,kg
fruit,apples,coxs_orange_group,11/20/2020,1.02,kg
fruit,apples,egremont_russet,11/20/2020,1.56,kg
fruit,apples,braeburn,11/20/2020,0.85,kg
fruit,apples,gala,11/20/2020,0.88,kg
fruit,apples,other_late_season,11/20/2020,0.98,kg
fruit,pears,conference,11/20/2020,0.94,kg
fruit,pears,doyenne_du_comice,11/20/2020,1.02,kg
fruit,pears,other,11/20/2020,0.67,kg
fruit,strawberries,strawberries,11/20/2020,7.09,kg
vegetable,beetroot,beetroot,11/20/2020,0.45,kg
vegetable,brussels_sprouts,brussels_sprouts,11/20/2020,0.76,kg
vegetable,pak_choi,pak_choi,11/20/2020,2.51,kg
vegetable,curly_kale,curly_kale,11/20/2020,2.5,kg
vegetable,cabbage,red,11/20/2020,0.39,kg
vegetable,cabbage,savoy,11/20/2020,0.49,head
vegetable,spring_greens,prepacked,11/20/2020,0.81,kg
vegetable,cabbage,summer_autumn_pointed,11/20/2020,0.57,kg
vegetable,cabbage,white,11/20/2020,0.35,kg
vegetable,cabbage,round_green_other,11/20/2020,0.49,head
vegetable,calabrese,calabrese,11/20/2020,1.02,kg
vegetable,capsicum,green,11/20/2020,0.69,kg
vegetable,capsicum,red,11/20/2020,0.9,kg
vegetable,carrots,topped_washed,11/20/2020,0.48,kg
vegetable,cauliflower,all,11/20/2020,0.5,head
vegetable,celery,all_washed,11/20/2020,0.69,kg
vegetable,celeriac,celeriac,11/20/2020,0.74,kg
vegetable,chinese_leaf,chinese_leaf,11/20/2020,0.98,kg
vegetable,coriander,coriander,11/20/2020,1.06,kg
vegetable,leeks,trimmed,11/20/2020,1.15,kg
vegetable,lettuce,butterhead_indoor,11/20/2020,0.38,head
vegetable,lettuce,cos,11/20/2020,0.52,head
vegetable,lettuce,little_gem,11/20/2020,0.69,twin
vegetable,onion,bulb_brown,11/20/2020,0.4,kg
vegetable,onion,bulb_red,11/20/2020,0.52,kg
vegetable,onion,saladspring,11/20/2020,0.21,kg
vegetable,swede,swede,11/20/2020,0.23,kg
vegetable,turnip,turnip,11/20/2020,1.21,kg
vegetable,parsnips,all_varieties,11/20/2020,0.95,kg
vegetable,spinach_leaf,loose_bunches,11/20/2020,1.06,kg
vegetable,tomatoes,round,11/20/2020,1.11,kg
vegetable,tomatoes,vine,11/20/2020,1.4,kg
vegetable,tomatoes,cherry,11/20/2020,2.32,kg
fruit,apples,bramleys_seedling,11/13/2020,0.96,kg
fruit,apples,coxs_orange_group,11/13/2020,0.97,kg
fruit,apples,egremont_russet,11/13/2020,1.29,kg
fruit,apples,braeburn,11/13/2020,0.82,kg
fruit,apples,gala,11/13/2020,0.88,kg
fruit,apples,other_early_season,11/13/2020,0.78,kg
fruit,apples,other_late_season,11/13/2020,0.94,kg
fruit,blackberries,blackberries,11/13/2020,3.5,kg
fruit,pears,conference,11/13/2020,0.71,kg
fruit,pears,doyenne_du_comice,11/13/2020,0.85,kg
fruit,strawberries,strawberries,11/13/2020,5.98,kg
vegetable,beetroot,beetroot,11/13/2020,0.49,kg
vegetable,brussels_sprouts,brussels_sprouts,11/13/2020,0.8,kg
vegetable,pak_choi,pak_choi,11/13/2020,2.62,kg
vegetable,curly_kale,curly_kale,11/13/2020,2.64,kg
vegetable,cabbage,red,11/13/2020,0.37,kg
vegetable,cabbage,savoy,11/13/2020,0.49,head
vegetable,spring_greens,prepacked,11/13/2020,0.79,kg
vegetable,cabbage,summer_autumn_pointed,11/13/2020,0.58,kg
vegetable,cabbage,white,11/13/2020,0.37,kg
vegetable,cabbage,round_green_other,11/13/2020,0.47,head
vegetable,calabrese,calabrese,11/13/2020,1.07,kg
vegetable,capsicum,green,11/13/2020,0.56,kg
vegetable,capsicum,red,11/13/2020,0.6,kg
vegetable,carrots,topped_washed,11/13/2020,0.5,kg
vegetable,cauliflower,all,11/13/2020,0.56,head
vegetable,celery,all_washed,11/13/2020,0.78,kg
vegetable,celeriac,celeriac,11/13/2020,0.81,kg
vegetable,chinese_leaf,chinese_leaf,11/13/2020,0.84,kg
vegetable,coriander,coriander,11/13/2020,1.11,kg
vegetable,cucumbers,cucumbers,11/13/2020,0.87,kg
vegetable,leeks,trimmed,11/13/2020,1.17,kg
vegetable,lettuce,butterhead_indoor,11/13/2020,0.38,head
vegetable,lettuce,cos,11/13/2020,0.53,head
vegetable,lettuce,little_gem,11/13/2020,0.7,twin
vegetable,onion,bulb_brown,11/13/2020,0.37,kg
vegetable,onion,bulb_red,11/13/2020,0.52,kg
vegetable,onion,saladspring,11/13/2020,0.32,kg
vegetable,swede,swede,11/13/2020,0.23,kg
vegetable,turnip,turnip,11/13/2020,1.32,kg
vegetable,parsnips,all_varieties,11/13/2020,1.04,kg
vegetable,spinach_leaf,loose_bunches,11/13/2020,1.14,kg
vegetable,tomatoes,round,11/13/2020,0.64,kg
vegetable,tomatoes,vine,11/13/2020,1.78,kg
vegetable,tomatoes,cherry,11/13/2020,1.03,kg
cut_flowers,gladioli,all_varieties,11/13/2020,0.1,stem
fruit,apples,bramleys_seedling,11/6/2020,0.94,kg
fruit,apples,coxs_orange_group,11/6/2020,0.93,kg
fruit,apples,egremont_russet,11/6/2020,1.22,kg
fruit,apples,braeburn,11/6/2020,0.86,kg
fruit,apples,gala,11/6/2020,0.92,kg
fruit,apples,other_late_season,11/6/2020,0.83,kg
fruit,pears,conference,11/6/2020,0.75,kg
fruit,pears,doyenne_du_comice,11/6/2020,0.99,kg
fruit,raspberries,raspberries,11/6/2020,11.8,kg
fruit,strawberries,strawberries,11/6/2020,5.25,kg
vegetable,beans,runner_climbing,11/6/2020,2.53,kg
vegetable,beetroot,beetroot,11/6/2020,0.49,kg
vegetable,brussels_sprouts,brussels_sprouts,11/6/2020,0.85,kg
vegetable,pak_choi,pak_choi,11/6/2020,2.36,kg
vegetable,curly_kale,curly_kale,11/6/2020,2.6,kg
vegetable,cabbage,red,11/6/2020,0.37,kg
vegetable,cabbage,savoy,11/6/2020,0.49,head
vegetable,spring_greens,prepacked,11/6/2020,0.79,kg
vegetable,cabbage,summer_autumn_pointed,11/6/2020,0.58,kg
vegetable,cabbage,white,11/6/2020,0.35,kg
vegetable,cabbage,round_green_other,11/6/2020,0.44,head
vegetable,calabrese,calabrese,11/6/2020,1.17,kg
vegetable,capsicum,green,11/6/2020,0.6,kg
vegetable,capsicum,red,11/6/2020,0.66,kg
vegetable,carrots,topped_washed,11/6/2020,0.5,kg
vegetable,cauliflower,all,11/6/2020,0.61,head
vegetable,celery,all_washed,11/6/2020,0.79,kg
vegetable,celeriac,celeriac,11/6/2020,0.8,kg
vegetable,chinese_leaf,chinese_leaf,11/6/2020,0.98,kg
vegetable,coriander,coriander,11/6/2020,1.87,kg
vegetable,cucumbers,cucumbers,11/6/2020,0.88,kg
vegetable,leeks,trimmed,11/6/2020,1.22,kg
vegetable,lettuce,butterhead_indoor,11/6/2020,0.39,head
vegetable,lettuce,cos,11/6/2020,0.6,head
vegetable,lettuce,crisp_iceberg_type,11/6/2020,0.56,head
vegetable,lettuce,little_gem,11/6/2020,0.73,twin
vegetable,onion,bulb_brown,11/6/2020,0.4,kg
vegetable,onion,bulb_red,11/6/2020,0.51,kg
vegetable,onion,saladspring,11/6/2020,0.33,kg
vegetable,swede,swede,11/6/2020,0.23,kg
vegetable,turnip,turnip,11/6/2020,1.4,kg
vegetable,parsnips,all_varieties,11/6/2020,1.05,kg
vegetable,rhubarb,outdoor,11/6/2020,1.42,kg
vegetable,spinach_leaf,loose_bunches,11/6/2020,1.03,kg
vegetable,sweetcorn,sweetcorn,11/6/2020,0.2,head
vegetable,tomatoes,round,11/6/2020,0.79,kg
vegetable,tomatoes,vine,11/6/2020,1.73,kg
vegetable,tomatoes,cherry,11/6/2020,1.05,kg
cut_flowers,gladioli,all_varieties,11/6/2020,0.11,stem
cut_flowers,tulips,tulips,11/6/2020,0.2,stem
fruit,apples,bramleys_seedling,10/30/2020,0.99,kg
fruit,apples,coxs_orange_group,10/30/2020,0.9,kg
fruit,apples,egremont_russet,10/30/2020,1.34,kg
fruit,apples,braeburn,10/30/2020,0.93,kg
fruit,apples,gala,10/30/2020,0.96,kg
fruit,apples,other_late_season,10/30/2020,0.9,kg
fruit,blackberries,blackberries,10/30/2020,12,kg
fruit,blueberries,blueberries,10/30/2020,11.2,kg
fruit,pears,conference,10/30/2020,0.92,kg
fruit,pears,doyenne_du_comice,10/30/2020,0.94,kg
fruit,raspberries,raspberries,10/30/2020,10.31,kg
fruit,strawberries,strawberries,10/30/2020,4.08,kg
vegetable,beans,broad,10/30/2020,1.51,kg
vegetable,beetroot,beetroot,10/30/2020,0.47,kg
vegetable,brussels_sprouts,brussels_sprouts,10/30/2020,0.87,kg
vegetable,pak_choi,pak_choi,10/30/2020,2.37,kg
vegetable,curly_kale,curly_kale,10/30/2020,2.75,kg
vegetable,cabbage,red,10/30/2020,0.35,kg
vegetable,cabbage,savoy,10/30/2020,0.47,head
vegetable,spring_greens,prepacked,10/30/2020,0.8,kg
vegetable,cabbage,summer_autumn_pointed,10/30/2020,0.58,kg
vegetable,cabbage,white,10/30/2020,0.33,kg
vegetable,cabbage,round_green_other,10/30/2020,0.47,head
vegetable,calabrese,calabrese,10/30/2020,1.19,kg
vegetable,capsicum,red,10/30/2020,0.9,kg
vegetable,capsicum,elongated,10/30/2020,1.2,kg
vegetable,carrots,topped_washed,10/30/2020,0.5,kg
vegetable,cauliflower,all,10/30/2020,0.67,head
vegetable,celery,all_washed,10/30/2020,0.77,kg
vegetable,celeriac,celeriac,10/30/2020,0.66,kg
vegetable,chinese_leaf,chinese_leaf,10/30/2020,0.99,kg
vegetable,coriander,coriander,10/30/2020,1.14,kg
vegetable,cucumbers,cucumbers,10/30/2020,1.12,kg
vegetable,leeks,trimmed,10/30/2020,1.25,kg
vegetable,lettuce,butterhead_indoor,10/30/2020,0.38,head
vegetable,lettuce,cos,10/30/2020,0.59,head
vegetable,lettuce,crisp_iceberg_type,10/30/2020,0.58,head
vegetable,lettuce,little_gem,10/30/2020,0.7,twin
vegetable,rocket,rocket,10/30/2020,5.12,kg
vegetable,mixed_babyleaf_salad,pillow_pack,10/30/2020,5.73,kg
vegetable,onion,bulb_brown,10/30/2020,0.4,kg
vegetable,onion,bulb_red,10/30/2020,0.53,kg
vegetable,onion,saladspring,10/30/2020,0.34,kg
vegetable,swede,swede,10/30/2020,0.23,kg
vegetable,turnip,turnip,10/30/2020,1.54,kg
vegetable,parsnips,all_varieties,10/30/2020,1.03,kg
vegetable,rhubarb,outdoor,10/30/2020,1.42,kg
vegetable,spinach_leaf,loose_bunches,10/30/2020,1.31,kg
vegetable,sweetcorn,sweetcorn,10/30/2020,0.32,head
vegetable,tomatoes,round,10/30/2020,0.83,kg
vegetable,tomatoes,vine,10/30/2020,1.69,kg
vegetable,tomatoes,plum,10/30/2020,2.4,kg
cut_flowers,gladioli,all_varieties,10/30/2020,0.2,stem
fruit,apples,bramleys_seedling,10/23/2020,0.92,kg
fruit,apples,coxs_orange_group,10/23/2020,0.93,kg
fruit,apples,egremont_russet,10/23/2020,1.27,kg
fruit,apples,braeburn,10/23/2020,0.93,kg
fruit,apples,gala,10/23/2020,0.98,kg
fruit,apples,other_early_season,10/23/2020,0.64,kg
fruit,apples,other_mid_season,10/23/2020,0.7,kg
fruit,apples,other_late_season,10/23/2020,0.82,kg
fruit,blueberries,blueberries,10/23/2020,7.6,kg
fruit,pears,conference,10/23/2020,0.87,kg
fruit,pears,doyenne_du_comice,10/23/2020,0.99,kg
fruit,raspberries,raspberries,10/23/2020,9,kg
fruit,strawberries,strawberries,10/23/2020,5.1,kg
vegetable,beans,broad,10/23/2020,1.35,kg
vegetable,beans,dwarf_french_or_kidney,10/23/2020,2.46,kg
vegetable,beans,runner_climbing,10/23/2020,1.95,kg
vegetable,beetroot,beetroot,10/23/2020,0.48,kg
vegetable,brussels_sprouts,brussels_sprouts,10/23/2020,0.86,kg
vegetable,pak_choi,pak_choi,10/23/2020,2.37,kg
vegetable,curly_kale,curly_kale,10/23/2020,2.81,kg
vegetable,cabbage,red,10/23/2020,0.36,kg
vegetable,cabbage,savoy,10/23/2020,0.47,head
vegetable,spring_greens,prepacked,10/23/2020,0.81,kg
vegetable,cabbage,summer_autumn_pointed,10/23/2020,0.56,kg
vegetable,cabbage,white,10/23/2020,0.33,kg
vegetable,cabbage,round_green_other,10/23/2020,0.47,head
vegetable,calabrese,calabrese,10/23/2020,1.21,kg
vegetable,capsicum,elongated,10/23/2020,1.2,kg
vegetable,capsicum,yelloworange,10/23/2020,0.6,kg
vegetable,carrots,topped_washed,10/23/2020,0.5,kg
vegetable,cauliflower,all,10/23/2020,1.1,head
vegetable,celery,all_washed,10/23/2020,0.78,kg
vegetable,celeriac,celeriac,10/23/2020,0.65,kg
vegetable,chinese_leaf,chinese_leaf,10/23/2020,0.99,kg
vegetable,coriander,coriander,10/23/2020,1.11,kg
vegetable,cucumbers,cucumbers,10/23/2020,1.19,kg
vegetable,leeks,trimmed,10/23/2020,1.24,kg
vegetable,lettuce,butterhead_indoor,10/23/2020,0.38,head
vegetable,lettuce,cos,10/23/2020,0.6,head
vegetable,lettuce,crisp_iceberg_type,10/23/2020,0.6,head
vegetable,lettuce,little_gem,10/23/2020,0.68,twin
vegetable,rocket,rocket,10/23/2020,5.28,kg
vegetable,mixed_babyleaf_salad,pillow_pack,10/23/2020,4.33,kg
vegetable,onion,bulb_brown,10/23/2020,0.4,kg
vegetable,onion,bulb_red,10/23/2020,0.54,kg
vegetable,onion,saladspring,10/23/2020,0.34,kg
vegetable,swede,swede,10/23/2020,0.23,kg
vegetable,turnip,turnip,10/23/2020,1.53,kg
vegetable,parsnips,all_varieties,10/23/2020,1.02,kg
vegetable,rhubarb,outdoor,10/23/2020,1.49,kg
vegetable,spinach_leaf,loose_bunches,10/23/2020,1.25,kg
vegetable,sweetcorn,sweetcorn,10/23/2020,0.29,head
vegetable,tomatoes,round,10/23/2020,0.98,kg
vegetable,tomatoes,vine,10/23/2020,2.1,kg
cut_flowers,gladioli,all_varieties,10/23/2020,0.24,stem
fruit,apples,bramleys_seedling,10/16/2020,0.98,kg
fruit,apples,coxs_orange_group,10/16/2020,0.99,kg
fruit,apples,egremont_russet,10/16/2020,1.24,kg
fruit,apples,braeburn,10/16/2020,0.99,kg
fruit,apples,gala,10/16/2020,1.02,kg
fruit,apples,other_early_season,10/16/2020,0.7,kg
fruit,apples,other_mid_season,10/16/2020,0.75,kg
fruit,apples,other_late_season,10/16/2020,0.84,kg
fruit,blackberries,blackberries,10/16/2020,10.5,kg
fruit,blueberries,blueberries,10/16/2020,8.64,kg
fruit,pears,conference,10/16/2020,0.89,kg
fruit,pears,doyenne_du_comice,10/16/2020,0.96,kg
fruit,raspberries,raspberries,10/16/2020,9.69,kg
fruit,strawberries,strawberries,10/16/2020,5.8,kg
vegetable,beans,broad,10/16/2020,1.28,kg
vegetable,beans,dwarf_french_or_kidney,10/16/2020,2.59,kg
vegetable,beans,runner_climbing,10/16/2020,2.22,kg
vegetable,beetroot,beetroot,10/16/2020,0.47,kg
vegetable,brussels_sprouts,brussels_sprouts,10/16/2020,0.91,kg
vegetable,pak_choi,pak_choi,10/16/2020,2.41,kg
vegetable,curly_kale,curly_kale,10/16/2020,2.85,kg
vegetable,cabbage,red,10/16/2020,0.35,kg
vegetable,cabbage,savoy,10/16/2020,0.46,head
vegetable,spring_greens,prepacked,10/16/2020,0.82,kg
vegetable,cabbage,summer_autumn_pointed,10/16/2020,0.58,kg
vegetable,cabbage,white,10/16/2020,0.33,kg
vegetable,cabbage,round_green_other,10/16/2020,0.48,head
vegetable,calabrese,calabrese,10/16/2020,1.19,kg
vegetable,capsicum,green,10/16/2020,1.25,kg
vegetable,capsicum,red,10/16/2020,1.05,kg
vegetable,capsicum,elongated,10/16/2020,1.2,kg
vegetable,carrots,topped_washed,10/16/2020,0.49,kg
vegetable,cauliflower,all,10/16/2020,1.83,head
vegetable,celery,all_washed,10/16/2020,0.78,kg
vegetable,celeriac,celeriac,10/16/2020,0.68,kg
vegetable,chinese_leaf,chinese_leaf,10/16/2020,0.96,kg
vegetable,coriander,coriander,10/16/2020,1.58,kg
vegetable,cucumbers,cucumbers,10/16/2020,1.09,kg
vegetable,leeks,trimmed,10/16/2020,1.25,kg
vegetable,lettuce,butterhead_indoor,10/16/2020,0.39,head
vegetable,lettuce,cos,10/16/2020,0.6,head
vegetable,lettuce,crisp_iceberg_type,10/16/2020,0.61,head
vegetable,lettuce,little_gem,10/16/2020,0.61,twin
vegetable,rocket,rocket,10/16/2020,4.86,kg
vegetable,mixed_babyleaf_salad,pillow_pack,10/16/2020,4.65,kg
vegetable,onion,bulb_brown,10/16/2020,0.41,kg
vegetable,onion,bulb_red,10/16/2020,0.54,kg
vegetable,onion,saladspring,10/16/2020,0.35,kg
vegetable,swede,swede,10/16/2020,0.23,kg
vegetable,turnip,turnip,10/16/2020,1.38,kg
vegetable,parsnips,all_varieties,10/16/2020,1.07,kg
vegetable,peas,shelling_all_varieties,10/16/2020,1.56,kg
vegetable,rhubarb,outdoor,10/16/2020,1.42,kg
vegetable,spinach_leaf,loose_bunches,10/16/2020,1.27,kg
vegetable,sweetcorn,sweetcorn,10/16/2020,0.26,head
vegetable,tomatoes,round,10/16/2020,1.42,kg
vegetable,tomatoes,vine,10/16/2020,2.1,kg
vegetable,tomatoes,cherry,10/16/2020,4.62,kg
cut_flowers,gladioli,all_varieties,10/16/2020,0.23,stem
fruit,apples,bramleys_seedling,10/9/2020,0.96,kg
fruit,apples,coxs_orange_group,10/9/2020,0.96,kg
fruit,apples,egremont_russet,10/9/2020,1.25,kg
fruit,apples,braeburn,10/9/2020,0.9,kg
fruit,apples,gala,10/9/2020,1,kg
fruit,apples,other_early_season,10/9/2020,0.75,kg
fruit,apples,other_mid_season,10/9/2020,0.88,kg
fruit,apples,other_late_season,10/9/2020,1,kg
fruit,blackberries,blackberries,10/9/2020,7.34,kg
fruit,blueberries,blueberries,10/9/2020,6.85,kg
fruit,pears,conference,10/9/2020,0.83,kg
fruit,pears,doyenne_du_comice,10/9/2020,1.02,kg
fruit,raspberries,raspberries,10/9/2020,10.54,kg
fruit,strawberries,strawberries,10/9/2020,5.56,kg
vegetable,beans,broad,10/9/2020,1.33,kg
vegetable,beans,dwarf_french_or_kidney,10/9/2020,1.92,kg
vegetable,beans,runner_climbing,10/9/2020,3.38,kg
vegetable,beetroot,beetroot,10/9/2020,0.47,kg
vegetable,brussels_sprouts,brussels_sprouts,10/9/2020,0.81,kg
vegetable,pak_choi,pak_choi,10/9/2020,2.39,kg
vegetable,curly_kale,curly_kale,10/9/2020,2.9,kg
vegetable,cabbage,red,10/9/2020,0.34,kg
vegetable,cabbage,savoy,10/9/2020,0.46,head
vegetable,spring_greens,prepacked,10/9/2020,0.71,kg
vegetable,cabbage,summer_autumn_pointed,10/9/2020,0.58,kg
vegetable,cabbage,white,10/9/2020,0.31,kg
vegetable,cabbage,round_green_other,10/9/2020,0.47,head
vegetable,calabrese,calabrese,10/9/2020,1.18,kg
vegetable,capsicum,green,10/9/2020,1.25,kg
vegetable,capsicum,red,10/9/2020,1.05,kg
vegetable,capsicum,elongated,10/9/2020,1.6,kg
vegetable,carrots,topped_washed,10/9/2020,0.49,kg
vegetable,cauliflower,all,10/9/2020,1.62,head
vegetable,celery,all_washed,10/9/2020,0.77,kg
vegetable,celeriac,celeriac,10/9/2020,0.68,kg
vegetable,chinese_leaf,chinese_leaf,10/9/2020,0.93,kg
vegetable,coriander,coriander,10/9/2020,1.95,kg
vegetable,courgettes,courgettes,10/9/2020,1.29,kg
vegetable,cucumbers,cucumbers,10/9/2020,1.05,kg
vegetable,leeks,trimmed,10/9/2020,1.24,kg
vegetable,lettuce,butterhead_indoor,10/9/2020,0.39,head
vegetable,lettuce,cos,10/9/2020,0.57,head
vegetable,lettuce,crisp_iceberg_type,10/9/2020,0.58,head
vegetable,lettuce,little_gem,10/9/2020,0.69,twin
vegetable,rocket,rocket,10/9/2020,5.11,kg
vegetable,mixed_babyleaf_salad,pillow_pack,10/9/2020,4.66,kg
vegetable,onion,bulb_brown,10/9/2020,0.4,kg
vegetable,onion,bulb_red,10/9/2020,0.54,kg
vegetable,onion,saladspring,10/9/2020,0.33,kg
vegetable,swede,swede,10/9/2020,0.23,kg
vegetable,turnip,turnip,10/9/2020,1.42,kg
vegetable,parsnips,all_varieties,10/9/2020,1.07,kg
vegetable,peas,shelling_all_varieties,10/9/2020,2.11,kg
vegetable,rhubarb,outdoor,10/9/2020,1.36,kg
vegetable,spinach_leaf,loose_bunches,10/9/2020,1.54,kg
vegetable,sweetcorn,sweetcorn,10/9/2020,0.31,head
vegetable,tomatoes,round,10/9/2020,1.32,kg
vegetable,tomatoes,vine,10/9/2020,2.73,kg
vegetable,tomatoes,cherry,10/9/2020,3.56,kg
cut_flowers,gladioli,all_varieties,10/9/2020,0.24,stem
fruit,apples,bramleys_seedling,10/2/2020,0.98,kg
fruit,apples,coxs_orange_group,10/2/2020,0.98,kg
fruit,apples,egremont_russet,10/2/2020,1.25,kg
fruit,apples,braeburn,10/2/2020,0.9,kg
fruit,apples,gala,10/2/2020,1,kg
fruit,apples,other_early_season,10/2/2020,0.81,kg
fruit,apples,other_mid_season,10/2/2020,0.9,kg
fruit,apples,other_late_season,10/2/2020,1.04,kg
fruit,blackberries,blackberries,10/2/2020,8.62,kg
fruit,blueberries,blueberries,10/2/2020,9.59,kg
fruit,pears,conference,10/2/2020,0.88,kg
fruit,pears,doyenne_du_comice,10/2/2020,1,kg
fruit,plums,all_other,10/2/2020,1.76,kg
fruit,raspberries,raspberries,10/2/2020,10.98,kg
fruit,strawberries,strawberries,10/2/2020,4.02,kg
vegetable,beans,broad,10/2/2020,1.47,kg
vegetable,beans,dwarf_french_or_kidney,10/2/2020,2.07,kg
vegetable,beans,runner_climbing,10/2/2020,3.46,kg
vegetable,beetroot,beetroot,10/2/2020,0.47,kg
vegetable,brussels_sprouts,brussels_sprouts,10/2/2020,0.9,kg
vegetable,pak_choi,pak_choi,10/2/2020,2.42,kg
vegetable,curly_kale,curly_kale,10/2/2020,2.68,kg
vegetable,cabbage,red,10/2/2020,0.35,kg
vegetable,cabbage,savoy,10/2/2020,0.46,head
vegetable,spring_greens,prepacked,10/2/2020,0.71,kg
vegetable,cabbage,summer_autumn_pointed,10/2/2020,0.57,kg
vegetable,cabbage,white,10/2/2020,0.34,kg
vegetable,cabbage,round_green_other,10/2/2020,0.47,head
vegetable,calabrese,calabrese,10/2/2020,1.21,kg
vegetable,capsicum,red,10/2/2020,0.85,kg
vegetable,capsicum,elongated,10/2/2020,1.6,kg
vegetable,carrots,topped_washed,10/2/2020,0.5,kg
vegetable,cauliflower,all,10/2/2020,1.55,head
vegetable,celery,all_washed,10/2/2020,0.77,kg
vegetable,celeriac,celeriac,10/2/2020,0.69,kg
vegetable,chinese_leaf,chinese_leaf,10/2/2020,1,kg
vegetable,coriander,coriander,10/2/2020,1.76,kg
vegetable,courgettes,courgettes,10/2/2020,1.45,kg
vegetable,cucumbers,cucumbers,10/2/2020,1.1,kg
vegetable,leeks,trimmed,10/2/2020,1.22,kg
vegetable,lettuce,butterhead_indoor,10/2/2020,0.39,head
vegetable,lettuce,cos,10/2/2020,0.6,head
vegetable,lettuce,crisp_iceberg_type,10/2/2020,0.68,head
vegetable,lettuce,little_gem,10/2/2020,0.67,twin
vegetable,rocket,rocket,10/2/2020,4.79,kg
vegetable,mixed_babyleaf_salad,pillow_pack,10/2/2020,4.53,kg
vegetable,onion,bulb_brown,10/2/2020,0.41,kg
vegetable,onion,bulb_red,10/2/2020,0.51,kg
vegetable,onion,saladspring,10/2/2020,0.34,kg
vegetable,swede,swede,10/2/2020,0.23,kg
vegetable,turnip,turnip,10/2/2020,1.55,kg
vegetable,parsnips,all_varieties,10/2/2020,1.12,kg
vegetable,peas,shelling_all_varieties,10/2/2020,3.3,kg
vegetable,rhubarb,outdoor,10/2/2020,1.36,kg
vegetable,spinach_leaf,loose_bunches,10/2/2020,1.38,kg
vegetable,sweetcorn,sweetcorn,10/2/2020,0.32,head
vegetable,tomatoes,round,10/2/2020,1,kg
vegetable,tomatoes,vine,10/2/2020,2.1,kg
cut_flowers,gladioli,all_varieties,10/2/2020,0.26,stem
fruit,apples,bramleys_seedling,9/25/2020,1.01,kg
fruit,apples,coxs_orange_group,9/25/2020,1.01,kg
fruit,apples,egremont_russet,9/25/2020,1.25,kg
fruit,apples,gala,9/25/2020,0.99,kg
fruit,apples,other_early_season,9/25/2020,0.86,kg
fruit,apples,other_mid_season,9/25/2020,1.09,kg
fruit,blackberries,blackberries,9/25/2020,10.58,kg
fruit,blueberries,blueberries,9/25/2020,6.95,kg
fruit,pears,conference,9/25/2020,0.85,kg
fruit,pears,other,9/25/2020,0.71,kg
fruit,plums,victoria,9/25/2020,2.86,kg
fruit,plums,all_other,9/25/2020,1.81,kg
fruit,raspberries,raspberries,9/25/2020,6.57,kg
fruit,strawberries,strawberries,9/25/2020,4.16,kg
vegetable,beans,broad,9/25/2020,1.34,kg
vegetable,beans,dwarf_french_or_kidney,9/25/2020,2.01,kg
vegetable,beans,runner_climbing,9/25/2020,3.84,kg
vegetable,beetroot,beetroot,9/25/2020,0.47,kg
vegetable,brussels_sprouts,brussels_sprouts,9/25/2020,0.94,kg
vegetable,pak_choi,pak_choi,9/25/2020,2.45,kg
vegetable,curly_kale,curly_kale,9/25/2020,2.71,kg
vegetable,cabbage,red,9/25/2020,0.37,kg
vegetable,cabbage,savoy,9/25/2020,0.48,head
vegetable,spring_greens,prepacked,9/25/2020,0.7,kg
vegetable,cabbage,summer_autumn_pointed,9/25/2020,0.58,kg
vegetable,cabbage,white,9/25/2020,0.37,kg
vegetable,cabbage,round_green_other,9/25/2020,0.47,head
vegetable,calabrese,calabrese,9/25/2020,1.25,kg
vegetable,capsicum,red,9/25/2020,0.79,kg
vegetable,capsicum,elongated,9/25/2020,2,kg
vegetable,carrots,topped_washed,9/25/2020,0.52,kg
vegetable,cauliflower,all,9/25/2020,0.83,head
vegetable,celery,all_washed,9/25/2020,0.79,kg
vegetable,celeriac,celeriac,9/25/2020,0.67,kg
vegetable,chinese_leaf,chinese_leaf,9/25/2020,0.97,kg
vegetable,coriander,coriander,9/25/2020,2.05,kg
vegetable,courgettes,courgettes,9/25/2020,1.81,kg
vegetable,cucumbers,cucumbers,9/25/2020,1.29,kg
vegetable,leeks,trimmed,9/25/2020,1.27,kg
vegetable,lettuce,butterhead_indoor,9/25/2020,0.39,head
vegetable,lettuce,cos,9/25/2020,0.61,head
vegetable,lettuce,crisp_iceberg_type,9/25/2020,0.6,head
vegetable,lettuce,little_gem,9/25/2020,0.66,twin
vegetable,rocket,rocket,9/25/2020,4.92,kg
vegetable,mixed_babyleaf_salad,pillow_pack,9/25/2020,4.69,kg
vegetable,onion,bulb_brown,9/25/2020,0.43,kg
vegetable,onion,bulb_red,9/25/2020,0.52,kg
vegetable,onion,saladspring,9/25/2020,0.34,kg
vegetable,swede,swede,9/25/2020,0.24,kg
vegetable,turnip,turnip,9/25/2020,1.46,kg
vegetable,parsnips,all_varieties,9/25/2020,1.13,kg
vegetable,peas,shelling_all_varieties,9/25/2020,1.9,kg
vegetable,rhubarb,outdoor,9/25/2020,1.36,kg
vegetable,spinach_leaf,loose_bunches,9/25/2020,1.36,kg
vegetable,sweetcorn,sweetcorn,9/25/2020,0.33,head
vegetable,tomatoes,round,9/25/2020,1.25,kg
vegetable,tomatoes,vine,9/25/2020,0.75,kg
vegetable,tomatoes,cherry,9/25/2020,3.73,kg
cut_flowers,gladioli,all_varieties,9/25/2020,0.24,stem
fruit,apples,bramleys_seedling,9/18/2020,1.03,kg
fruit,apples,coxs_orange_group,9/18/2020,1.06,kg
fruit,apples,egremont_russet,9/18/2020,1.14,kg
fruit,apples,gala,9/18/2020,1.03,kg
fruit,apples,other_early_season,9/18/2020,0.78,kg
fruit,apples,other_mid_season,9/18/2020,0.9,kg
fruit,blackberries,blackberries,9/18/2020,10.95,kg
fruit,blueberries,blueberries,9/18/2020,6.22,kg
fruit,pears,conference,9/18/2020,0.91,kg
fruit,pears,doyenne_du_comice,9/18/2020,1.1,kg
fruit,pears,other,9/18/2020,0.71,kg
fruit,plums,victoria,9/18/2020,2.28,kg
fruit,plums,all_other,9/18/2020,1.58,kg
fruit,raspberries,raspberries,9/18/2020,6.89,kg
fruit,strawberries,strawberries,9/18/2020,5.05,kg
vegetable,beans,broad,9/18/2020,1.34,kg
vegetable,beans,dwarf_french_or_kidney,9/18/2020,2.16,kg
vegetable,beans,runner_climbing,9/18/2020,4.04,kg
vegetable,beetroot,beetroot,9/18/2020,0.47,kg
vegetable,brussels_sprouts,brussels_sprouts,9/18/2020,1.03,kg
vegetable,pak_choi,pak_choi,9/18/2020,2.41,kg
vegetable,curly_kale,curly_kale,9/18/2020,2.82,kg
vegetable,cabbage,red,9/18/2020,0.41,kg
vegetable,cabbage,savoy,9/18/2020,0.46,head
vegetable,spring_greens,prepacked,9/18/2020,0.77,kg
vegetable,cabbage,summer_autumn_pointed,9/18/2020,0.58,kg
vegetable,cabbage,white,9/18/2020,0.42,kg
vegetable,cabbage,round_green_other,9/18/2020,0.49,head
vegetable,calabrese,calabrese,9/18/2020,1.33,kg
vegetable,capsicum,red,9/18/2020,0.7,kg
vegetable,capsicum,elongated,9/18/2020,1.93,kg
vegetable,capsicum,yelloworange,9/18/2020,0.6,kg
vegetable,carrots,topped_washed,9/18/2020,0.52,kg
vegetable,cauliflower,all,9/18/2020,0.95,head
vegetable,celery,all_washed,9/18/2020,0.72,kg
vegetable,celeriac,celeriac,9/18/2020,0.7,kg
vegetable,chinese_leaf,chinese_leaf,9/18/2020,0.98,kg
vegetable,coriander,coriander,9/18/2020,1.28,kg
vegetable,courgettes,courgettes,9/18/2020,1.73,kg
vegetable,cucumbers,cucumbers,9/18/2020,1.33,kg
vegetable,leeks,trimmed,9/18/2020,1.26,kg
vegetable,lettuce,butterhead_indoor,9/18/2020,0.39,head
vegetable,lettuce,cos,9/18/2020,0.61,head
vegetable,lettuce,crisp_iceberg_type,9/18/2020,0.56,head
vegetable,lettuce,little_gem,9/18/2020,0.64,twin
vegetable,rocket,rocket,9/18/2020,4.96,kg
vegetable,mixed_babyleaf_salad,pillow_pack,9/18/2020,4.69,kg
vegetable,onion,bulb_brown,9/18/2020,0.42,kg
vegetable,onion,bulb_red,9/18/2020,0.52,kg
vegetable,onion,saladspring,9/18/2020,0.34,kg
vegetable,swede,swede,9/18/2020,0.24,kg
vegetable,turnip,turnip,9/18/2020,1.47,kg
vegetable,parsnips,all_varieties,9/18/2020,1.18,kg
vegetable,peas,shelling_all_varieties,9/18/2020,1.91,kg
vegetable,rhubarb,outdoor,9/18/2020,1.34,kg
vegetable,spinach_leaf,loose_bunches,9/18/2020,1.39,kg
vegetable,sweetcorn,sweetcorn,9/18/2020,0.31,head
vegetable,tomatoes,round,9/18/2020,1.06,kg
vegetable,tomatoes,vine,9/18/2020,0.99,kg
vegetable,tomatoes,cherry,9/18/2020,5.55,kg
cut_flowers,gladioli,all_varieties,9/18/2020,0.24,stem
fruit,apples,bramleys_seedling,9/11/2020,1.07,kg
fruit,apples,coxs_orange_group,9/11/2020,1.13,kg
fruit,apples,egremont_russet,9/11/2020,1.41,kg
fruit,apples,gala,9/11/2020,1.06,kg
fruit,apples,other_early_season,9/11/2020,0.87,kg
fruit,apples,other_mid_season,9/11/2020,0.97,kg
fruit,blackberries,blackberries,9/11/2020,10.93,kg
fruit,currants,black,9/11/2020,5,kg
fruit,blueberries,blueberries,9/11/2020,6.24,kg
fruit,pears,conference,9/11/2020,0.99,kg
fruit,pears,doyenne_du_comice,9/11/2020,1.2,kg
fruit,pears,other,9/11/2020,1.16,kg
fruit,plums,victoria,9/11/2020,1.85,kg
fruit,plums,all_other,9/11/2020,1.38,kg
fruit,raspberries,raspberries,9/11/2020,7.37,kg
fruit,strawberries,strawberries,9/11/2020,3.88,kg
vegetable,beans,broad,9/11/2020,1.47,kg
vegetable,beans,dwarf_french_or_kidney,9/11/2020,2.21,kg
vegetable,beans,runner_climbing,9/11/2020,4.6,kg
vegetable,beetroot,beetroot,9/11/2020,0.48,kg
vegetable,brussels_sprouts,brussels_sprouts,9/11/2020,1.26,kg
vegetable,pak_choi,pak_choi,9/11/2020,2.39,kg
vegetable,curly_kale,curly_kale,9/11/2020,2.86,kg
vegetable,cabbage,red,9/11/2020,0.39,kg
vegetable,cabbage,savoy,9/11/2020,0.47,head
vegetable,spring_greens,prepacked,9/11/2020,0.79,kg
vegetable,cabbage,summer_autumn_pointed,9/11/2020,0.6,kg
vegetable,cabbage,white,9/11/2020,0.41,kg
vegetable,cabbage,round_green_other,9/11/2020,0.48,head
vegetable,calabrese,calabrese,9/11/2020,1.53,kg
vegetable,capsicum,red,9/11/2020,0.7,kg
vegetable,capsicum,elongated,9/11/2020,1.76,kg
vegetable,capsicum,yelloworange,9/11/2020,0.7,kg
vegetable,carrots,topped_washed,9/11/2020,0.52,kg
vegetable,cauliflower,all,9/11/2020,1.07,head
vegetable,celery,all_washed,9/11/2020,0.75,kg
vegetable,celeriac,celeriac,9/11/2020,0.69,kg
vegetable,chinese_leaf,chinese_leaf,9/11/2020,0.92,kg
vegetable,coriander,coriander,9/11/2020,1.55,kg
vegetable,courgettes,courgettes,9/11/2020,1.76,kg
vegetable,cucumbers,cucumbers,9/11/2020,1.38,kg
vegetable,leeks,trimmed,9/11/2020,1.23,kg
vegetable,lettuce,butterhead_indoor,9/11/2020,0.39,head
vegetable,lettuce,cos,9/11/2020,0.56,head
vegetable,lettuce,crisp_iceberg_type,9/11/2020,0.54,head
vegetable,lettuce,little_gem,9/11/2020,0.65,twin
vegetable,rocket,rocket,9/11/2020,4.84,kg
vegetable,mixed_babyleaf_salad,pillow_pack,9/11/2020,4.68,kg
vegetable,onion,bulb_brown,9/11/2020,0.42,kg
vegetable,onion,bulb_red,9/11/2020,0.54,kg
vegetable,onion,saladspring,9/11/2020,0.34,kg
vegetable,swede,swede,9/11/2020,0.24,kg
vegetable,turnip,turnip,9/11/2020,1.52,kg
vegetable,parsnips,all_varieties,9/11/2020,1.18,kg
vegetable,peas,shelling_all_varieties,9/11/2020,2.72,kg
vegetable,rhubarb,outdoor,9/11/2020,1.43,kg
vegetable,spinach_leaf,loose_bunches,9/11/2020,1.55,kg
vegetable,sweetcorn,sweetcorn,9/11/2020,0.27,head
vegetable,tomatoes,round,9/11/2020,1,kg
vegetable,tomatoes,vine,9/11/2020,1.31,kg
cut_flowers,gladioli,all_varieties,9/11/2020,0.24,stem
fruit,apples,bramleys_seedling,9/4/2020,1.17,kg
fruit,apples,coxs_orange_group,9/4/2020,1.06,kg
fruit,apples,gala,9/4/2020,1.03,kg
fruit,apples,other_early_season,9/4/2020,0.87,kg
fruit,blackberries,blackberries,9/4/2020,9.24,kg
fruit,currants,red,9/4/2020,8.8,kg
fruit,blueberries,blueberries,9/4/2020,8.09,kg
fruit,pears,conference,9/4/2020,0.97,kg
fruit,plums,victoria,9/4/2020,1.65,kg
fruit,plums,all_other,9/4/2020,1.38,kg
fruit,raspberries,raspberries,9/4/2020,8.08,kg
fruit,strawberries,strawberries,9/4/2020,3.57,kg
vegetable,beans,broad,9/4/2020,1.49,kg
vegetable,beans,dwarf_french_or_kidney,9/4/2020,2.24,kg
vegetable,beans,runner_climbing,9/4/2020,3.62,kg
vegetable,beetroot,beetroot,9/4/2020,0.48,kg
vegetable,brussels_sprouts,brussels_sprouts,9/4/2020,1.22,kg
vegetable,pak_choi,pak_choi,9/4/2020,2.31,kg
vegetable,curly_kale,curly_kale,9/4/2020,2.86,kg
vegetable,cabbage,red,9/4/2020,0.39,kg
vegetable,cabbage,savoy,9/4/2020,0.47,head
vegetable,spring_greens,prepacked,9/4/2020,0.77,kg
vegetable,cabbage,summer_autumn_pointed,9/4/2020,0.57,kg
vegetable,cabbage,white,9/4/2020,0.41,kg
vegetable,cabbage,round_green_other,9/4/2020,0.49,head
vegetable,calabrese,calabrese,9/4/2020,1.47,kg
vegetable,capsicum,elongated,9/4/2020,2,kg
vegetable,carrots,topped_washed,9/4/2020,0.53,kg
vegetable,cauliflower,all,9/4/2020,0.94,head
vegetable,celery,all_washed,9/4/2020,0.8,kg
vegetable,celeriac,celeriac,9/4/2020,0.71,kg
vegetable,chinese_leaf,chinese_leaf,9/4/2020,0.87,kg
vegetable,coriander,coriander,9/4/2020,1.35,kg
vegetable,courgettes,courgettes,9/4/2020,1.42,kg
vegetable,cucumbers,cucumbers,9/4/2020,1.45,kg
vegetable,leeks,trimmed,9/4/2020,1.28,kg
vegetable,lettuce,butterhead_indoor,9/4/2020,0.4,head
vegetable,lettuce,cos,9/4/2020,0.57,head
vegetable,lettuce,crisp_iceberg_type,9/4/2020,0.49,head
vegetable,lettuce,little_gem,9/4/2020,0.65,twin
vegetable,rocket,rocket,9/4/2020,4.89,kg
vegetable,mixed_babyleaf_salad,pillow_pack,9/4/2020,4.67,kg
vegetable,onion,bulb_brown,9/4/2020,0.41,kg
vegetable,onion,bulb_red,9/4/2020,0.57,kg
vegetable,onion,saladspring,9/4/2020,0.31,kg
vegetable,swede,swede,9/4/2020,0.25,kg
vegetable,turnip,turnip,9/4/2020,1.52,kg
vegetable,parsnips,all_varieties,9/4/2020,1.23,kg
vegetable,peas,shelling_all_varieties,9/4/2020,2.88,kg
vegetable,rhubarb,outdoor,9/4/2020,1.34,kg
vegetable,spinach_leaf,loose_bunches,9/4/2020,1.43,kg
vegetable,sweetcorn,sweetcorn,9/4/2020,0.27,head
vegetable,tomatoes,round,9/4/2020,0.74,kg
vegetable,tomatoes,vine,9/4/2020,0.71,kg
vegetable,tomatoes,cherry,9/4/2020,1.53,kg
cut_flowers,gladioli,all_varieties,9/4/2020,0.24,stem
fruit,apples,bramleys_seedling,8/28/2020,1.25,kg
fruit,apples,gala,8/28/2020,1,kg
fruit,apples,other_early_season,8/28/2020,0.88,kg
fruit,blackberries,blackberries,8/28/2020,4.69,kg
fruit,currants,red,8/28/2020,8.8,kg
fruit,blueberries,blueberries,8/28/2020,8.61,kg
fruit,cherries,all,8/28/2020,2.8,kg
fruit,pears,conference,8/28/2020,1.15,kg
fruit,pears,other,8/28/2020,0.89,kg
fruit,plums,victoria,8/28/2020,1.52,kg
fruit,plums,all_other,8/28/2020,1.37,kg
fruit,raspberries,raspberries,8/28/2020,7.74,kg
fruit,strawberries,strawberries,8/28/2020,1.94,kg
vegetable,beans,broad,8/28/2020,1.52,kg
vegetable,beans,dwarf_french_or_kidney,8/28/2020,2.26,kg
vegetable,beans,runner_climbing,8/28/2020,3,kg
vegetable,beetroot,beetroot,8/28/2020,0.48,kg
vegetable,brussels_sprouts,brussels_sprouts,8/28/2020,1.51,kg
vegetable,pak_choi,pak_choi,8/28/2020,2.25,kg
vegetable,curly_kale,curly_kale,8/28/2020,2.91,kg
vegetable,cabbage,red,8/28/2020,0.4,kg
vegetable,cabbage,savoy,8/28/2020,0.48,head
vegetable,spring_greens,prepacked,8/28/2020,0.78,kg
vegetable,cabbage,summer_autumn_pointed,8/28/2020,0.57,kg
vegetable,cabbage,white,8/28/2020,0.44,kg
vegetable,cabbage,round_green_other,8/28/2020,0.47,head
vegetable,calabrese,calabrese,8/28/2020,1.15,kg
vegetable,capsicum,green,8/28/2020,0.95,kg
vegetable,capsicum,red,8/28/2020,0.95,kg
vegetable,capsicum,elongated,8/28/2020,1.93,kg
vegetable,capsicum,yelloworange,8/28/2020,0.95,kg
vegetable,carrots,topped_washed,8/28/2020,0.54,kg
vegetable,cauliflower,all,8/28/2020,0.58,head
vegetable,celery,all_washed,8/28/2020,0.8,kg
vegetable,celeriac,celeriac,8/28/2020,0.64,kg
vegetable,chinese_leaf,chinese_leaf,8/28/2020,0.85,kg
vegetable,coriander,coriander,8/28/2020,1.32,kg
vegetable,courgettes,courgettes,8/28/2020,1.05,kg
vegetable,cucumbers,cucumbers,8/28/2020,1.03,kg
vegetable,leeks,trimmed,8/28/2020,1.25,kg
vegetable,lettuce,butterhead_indoor,8/28/2020,0.37,head
vegetable,lettuce,cos,8/28/2020,0.57,head
vegetable,lettuce,crisp_iceberg_type,8/28/2020,0.46,head
vegetable,lettuce,little_gem,8/28/2020,0.65,twin
vegetable,rocket,rocket,8/28/2020,4.95,kg
vegetable,mixed_babyleaf_salad,pillow_pack,8/28/2020,4.8,kg
vegetable,onion,bulb_brown,8/28/2020,0.43,kg
vegetable,onion,bulb_red,8/28/2020,0.56,kg
vegetable,onion,saladspring,8/28/2020,0.33,kg
vegetable,swede,swede,8/28/2020,0.25,kg
vegetable,turnip,turnip,8/28/2020,1.53,kg
vegetable,parsnips,all_varieties,8/28/2020,1.22,kg
vegetable,peas,shelling_all_varieties,8/28/2020,2.85,kg
vegetable,rhubarb,outdoor,8/28/2020,1.42,kg
vegetable,spinach_leaf,loose_bunches,8/28/2020,1.32,kg
vegetable,sweetcorn,sweetcorn,8/28/2020,0.27,head
vegetable,tomatoes,round,8/28/2020,0.75,kg
vegetable,tomatoes,vine,8/28/2020,1.08,kg
vegetable,tomatoes,cherry,8/28/2020,1.09,kg
vegetable,tomatoes,plum,8/28/2020,0.96,kg
cut_flowers,gladioli,all_varieties,8/28/2020,0.24,stem
fruit,apples,bramleys_seedling,8/21/2020,1.4,kg
fruit,apples,other_early_season,8/21/2020,0.89,kg
fruit,blackberries,blackberries,8/21/2020,6.71,kg
fruit,currants,red,8/21/2020,8,kg
fruit,blueberries,blueberries,8/21/2020,7.15,kg
fruit,cherries,all,8/21/2020,3.27,kg
fruit,pears,conference,8/21/2020,1.27,kg
fruit,pears,other,8/21/2020,0.9,kg
fruit,plums,victoria,8/21/2020,1.55,kg
fruit,plums,all_other,8/21/2020,1.44,kg
fruit,raspberries,raspberries,8/21/2020,6.87,kg
fruit,strawberries,strawberries,8/21/2020,1.58,kg
vegetable,beans,broad,8/21/2020,1.51,kg
vegetable,beans,dwarf_french_or_kidney,8/21/2020,2.01,kg
vegetable,beans,runner_climbing,8/21/2020,3.38,kg
vegetable,beetroot,beetroot,8/21/2020,0.48,kg
vegetable,brussels_sprouts,brussels_sprouts,8/21/2020,0.8,kg
vegetable,pak_choi,pak_choi,8/21/2020,2.39,kg
vegetable,curly_kale,curly_kale,8/21/2020,2.97,kg
vegetable,cabbage,red,8/21/2020,0.39,kg
vegetable,cabbage,savoy,8/21/2020,0.5,head
vegetable,spring_greens,prepacked,8/21/2020,0.71,kg
vegetable,cabbage,summer_autumn_pointed,8/21/2020,0.57,kg
vegetable,cabbage,white,8/21/2020,0.43,kg
vegetable,cabbage,round_green_other,8/21/2020,0.47,head
vegetable,calabrese,calabrese,8/21/2020,1.27,kg
vegetable,capsicum,elongated,8/21/2020,2.23,kg
vegetable,carrots,topped_washed,8/21/2020,0.52,kg
vegetable,cauliflower,all,8/21/2020,0.64,head
vegetable,celery,all_washed,8/21/2020,0.77,kg
vegetable,celeriac,celeriac,8/21/2020,0.51,kg
vegetable,chinese_leaf,chinese_leaf,8/21/2020,0.79,kg
vegetable,coriander,coriander,8/21/2020,1.42,kg
vegetable,courgettes,courgettes,8/21/2020,0.96,kg
vegetable,cucumbers,cucumbers,8/21/2020,1.12,kg
vegetable,leeks,trimmed,8/21/2020,1.3,kg
vegetable,lettuce,butterhead_indoor,8/21/2020,0.37,head
vegetable,lettuce,cos,8/21/2020,0.56,head
vegetable,lettuce,crisp_iceberg_type,8/21/2020,0.4,head
vegetable,lettuce,little_gem,8/21/2020,0.64,twin
vegetable,rocket,rocket,8/21/2020,4.92,kg
vegetable,mixed_babyleaf_salad,pillow_pack,8/21/2020,4.78,kg
vegetable,onion,bulb_brown,8/21/2020,0.45,kg
vegetable,onion,bulb_red,8/21/2020,0.6,kg
vegetable,onion,saladspring,8/21/2020,0.33,kg
vegetable,swede,swede,8/21/2020,0.26,kg
vegetable,turnip,turnip,8/21/2020,1.55,kg
vegetable,parsnips,all_varieties,8/21/2020,1.25,kg
vegetable,peas,shelling_all_varieties,8/21/2020,2.98,kg
vegetable,rhubarb,outdoor,8/21/2020,1.59,kg
vegetable,spinach_leaf,loose_bunches,8/21/2020,1.45,kg
vegetable,sweetcorn,sweetcorn,8/21/2020,0.29,head
vegetable,tomatoes,round,8/21/2020,1.09,kg
vegetable,tomatoes,vine,8/21/2020,1.39,kg
vegetable,tomatoes,cherry,8/21/2020,2.07,kg
vegetable,tomatoes,plum,8/21/2020,0.97,kg
cut_flowers,gladioli,all_varieties,8/21/2020,0.24,stem
fruit,apples,bramleys_seedling,8/14/2020,1.88,kg
fruit,apples,other_early_season,8/14/2020,0.93,kg
fruit,blackberries,blackberries,8/14/2020,5.76,kg
fruit,blueberries,blueberries,8/14/2020,7.35,kg
fruit,cherries,all,8/14/2020,4.19,kg
fruit,pears,conference,8/14/2020,1.28,kg
fruit,plums,victoria,8/14/2020,1.73,kg
fruit,plums,all_other,8/14/2020,1.86,kg
fruit,raspberries,raspberries,8/14/2020,10.28,kg
fruit,strawberries,strawberries,8/14/2020,2.11,kg
vegetable,beans,broad,8/14/2020,1.52,kg
vegetable,beans,dwarf_french_or_kidney,8/14/2020,2.27,kg
vegetable,beans,runner_climbing,8/14/2020,3.49,kg
vegetable,beetroot,beetroot,8/14/2020,0.47,kg
vegetable,brussels_sprouts,brussels_sprouts,8/14/2020,0.8,kg
vegetable,pak_choi,pak_choi,8/14/2020,2.37,kg
vegetable,curly_kale,curly_kale,8/14/2020,3.12,kg
vegetable,cabbage,red,8/14/2020,0.39,kg
vegetable,cabbage,savoy,8/14/2020,0.48,head
vegetable,spring_greens,prepacked,8/14/2020,0.78,kg
vegetable,cabbage,summer_autumn_pointed,8/14/2020,0.63,kg
vegetable,cabbage,white,8/14/2020,0.4,kg
vegetable,cabbage,round_green_other,8/14/2020,0.48,head
vegetable,calabrese,calabrese,8/14/2020,1.32,kg
vegetable,capsicum,elongated,8/14/2020,1.6,kg
vegetable,carrots,topped_washed,8/14/2020,0.53,kg
vegetable,cauliflower,all,8/14/2020,1.02,head
vegetable,celery,all_washed,8/14/2020,0.8,kg
vegetable,celeriac,celeriac,8/14/2020,0.54,kg
vegetable,chinese_leaf,chinese_leaf,8/14/2020,0.82,kg
vegetable,coriander,coriander,8/14/2020,1.43,kg
vegetable,courgettes,courgettes,8/14/2020,0.93,kg
vegetable,cucumbers,cucumbers,8/14/2020,1.07,kg
vegetable,leeks,trimmed,8/14/2020,1.37,kg
vegetable,lettuce,butterhead_indoor,8/14/2020,0.36,head
vegetable,lettuce,cos,8/14/2020,0.55,head
vegetable,lettuce,crisp_iceberg_type,8/14/2020,0.43,head
vegetable,lettuce,little_gem,8/14/2020,0.65,twin
vegetable,rocket,rocket,8/14/2020,4.99,kg
vegetable,mixed_babyleaf_salad,pillow_pack,8/14/2020,4.77,kg
vegetable,onion,bulb_brown,8/14/2020,0.44,kg
vegetable,onion,bulb_red,8/14/2020,0.58,kg
vegetable,onion,saladspring,8/14/2020,0.33,kg
vegetable,swede,swede,8/14/2020,0.25,kg
vegetable,turnip,turnip,8/14/2020,1.4,kg
vegetable,parsnips,all_varieties,8/14/2020,1.6,kg
vegetable,peas,shelling_all_varieties,8/14/2020,2.47,kg
vegetable,rhubarb,outdoor,8/14/2020,1.33,kg
vegetable,spinach_leaf,loose_bunches,8/14/2020,1.45,kg
vegetable,sweetcorn,sweetcorn,8/14/2020,0.3,head
vegetable,tomatoes,round,8/14/2020,0.97,kg
vegetable,tomatoes,vine,8/14/2020,1.41,kg
vegetable,tomatoes,cherry,8/14/2020,1.53,kg
vegetable,tomatoes,plum,8/14/2020,1,kg
cut_flowers,gladioli,all_varieties,8/14/2020,0.22,stem
fruit,apples,bramleys_seedling,8/7/2020,2.1,kg
fruit,apples,gala,8/7/2020,1.42,kg
fruit,apples,other_early_season,8/7/2020,1.06,kg
fruit,blackberries,blackberries,8/7/2020,5.46,kg
fruit,currants,black,8/7/2020,9.6,kg
fruit,currants,red,8/7/2020,9.6,kg
fruit,blueberries,blueberries,8/7/2020,7.74,kg
fruit,cherries,all,8/7/2020,4.48,kg
fruit,gooseberries,gooseberries,8/7/2020,9.58,kg
fruit,plums,victoria,8/7/2020,2.11,kg
fruit,plums,all_other,8/7/2020,1.5,kg
fruit,raspberries,raspberries,8/7/2020,8.07,kg
fruit,strawberries,strawberries,8/7/2020,2.61,kg
vegetable,beans,broad,8/7/2020,1.78,kg
vegetable,beans,dwarf_french_or_kidney,8/7/2020,2.47,kg
vegetable,beans,runner_climbing,8/7/2020,4.57,kg
vegetable,beetroot,beetroot,8/7/2020,0.5,kg
vegetable,pak_choi,pak_choi,8/7/2020,2.38,kg
vegetable,curly_kale,curly_kale,8/7/2020,3.12,kg
vegetable,cabbage,red,8/7/2020,0.47,kg
vegetable,cabbage,savoy,8/7/2020,0.51,head
vegetable,spring_greens,prepacked,8/7/2020,0.86,kg
vegetable,cabbage,summer_autumn_pointed,8/7/2020,0.6,kg
vegetable,cabbage,white,8/7/2020,0.47,kg
vegetable,cabbage,round_green_other,8/7/2020,0.48,head
vegetable,calabrese,calabrese,8/7/2020,1.07,kg
vegetable,capsicum,red,8/7/2020,1.3,kg
vegetable,capsicum,elongated,8/7/2020,1.73,kg
vegetable,capsicum,yelloworange,8/7/2020,1.4,kg
vegetable,carrots,topped_washed,8/7/2020,0.54,kg
vegetable,cauliflower,all,8/7/2020,0.72,head
vegetable,celery,all_washed,8/7/2020,0.76,kg
vegetable,celeriac,celeriac,8/7/2020,0.55,kg
vegetable,chinese_leaf,chinese_leaf,8/7/2020,0.83,kg
vegetable,coriander,coriander,8/7/2020,1.38,kg
vegetable,courgettes,courgettes,8/7/2020,1,kg
vegetable,cucumbers,cucumbers,8/7/2020,0.93,kg
vegetable,leeks,trimmed,8/7/2020,1.41,kg
vegetable,lettuce,butterhead_indoor,8/7/2020,0.37,head
vegetable,lettuce,cos,8/7/2020,0.56,head
vegetable,lettuce,crisp_iceberg_type,8/7/2020,0.45,head
vegetable,lettuce,little_gem,8/7/2020,0.59,twin
vegetable,rocket,rocket,8/7/2020,5.06,kg
vegetable,mixed_babyleaf_salad,pillow_pack,8/7/2020,4.84,kg
vegetable,onion,bulb_brown,8/7/2020,0.43,kg
vegetable,onion,bulb_red,8/7/2020,0.48,kg
vegetable,onion,saladspring,8/7/2020,0.33,kg
vegetable,swede,swede,8/7/2020,0.27,kg
vegetable,turnip,turnip,8/7/2020,1.32,kg
vegetable,parsnips,all_varieties,8/7/2020,1.63,kg
vegetable,peas,shelling_all_varieties,8/7/2020,2.05,kg
vegetable,rhubarb,outdoor,8/7/2020,1.34,kg
vegetable,spinach_leaf,loose_bunches,8/7/2020,1.37,kg
vegetable,sweetcorn,sweetcorn,8/7/2020,0.35,head
vegetable,tomatoes,round,8/7/2020,1.18,kg
vegetable,tomatoes,vine,8/7/2020,1.6,kg
vegetable,tomatoes,cherry,8/7/2020,1.92,kg
vegetable,tomatoes,plum,8/7/2020,1.01,kg
cut_flowers,gladioli,all_varieties,8/7/2020,0.26,stem
fruit,apples,bramleys_seedling,7/31/2020,2.27,kg
fruit,apples,gala,7/31/2020,1.42,kg
fruit,apples,other_early_season,7/31/2020,1.36,kg
fruit,blackberries,blackberries,7/31/2020,4.79,kg
fruit,currants,black,7/31/2020,9.6,kg
fruit,currants,red,7/31/2020,9.6,kg
fruit,blueberries,blueberries,7/31/2020,10.21,kg
fruit,cherries,all,7/31/2020,3.95,kg
fruit,gooseberries,gooseberries,7/31/2020,5.29,kg
fruit,plums,victoria,7/31/2020,2.48,kg
fruit,plums,all_other,7/31/2020,1.42,kg
fruit,raspberries,raspberries,7/31/2020,5.85,kg
fruit,strawberries,strawberries,7/31/2020,3.1,kg
vegetable,beans,broad,7/31/2020,1.98,kg
vegetable,beans,dwarf_french_or_kidney,7/31/2020,2.42,kg
vegetable,beans,runner_climbing,7/31/2020,5.01,kg
vegetable,beetroot,beetroot,7/31/2020,0.49,kg
vegetable,pak_choi,pak_choi,7/31/2020,2.47,kg
vegetable,curly_kale,curly_kale,7/31/2020,3.12,kg
vegetable,cabbage,red,7/31/2020,0.54,kg
vegetable,cabbage,savoy,7/31/2020,0.55,head
vegetable,spring_greens,prepacked,7/31/2020,0.86,kg
vegetable,cabbage,summer_autumn_pointed,7/31/2020,0.6,kg
vegetable,cabbage,white,7/31/2020,0.52,kg
vegetable,cabbage,round_green_other,7/31/2020,0.48,head
vegetable,calabrese,calabrese,7/31/2020,1.2,kg
vegetable,capsicum,red,7/31/2020,1.01,kg
vegetable,capsicum,elongated,7/31/2020,1.6,kg
vegetable,capsicum,yelloworange,7/31/2020,1.4,kg
vegetable,carrots,topped_washed,7/31/2020,0.55,kg
vegetable,cauliflower,all,7/31/2020,0.54,head
vegetable,celery,all_washed,7/31/2020,0.78,kg
vegetable,celeriac,celeriac,7/31/2020,0.56,kg
vegetable,chinese_leaf,chinese_leaf,7/31/2020,0.84,kg
vegetable,coriander,coriander,7/31/2020,1.36,kg
vegetable,courgettes,courgettes,7/31/2020,1,kg
vegetable,cucumbers,cucumbers,7/31/2020,0.77,kg
vegetable,leeks,trimmed,7/31/2020,1.46,kg
vegetable,lettuce,butterhead_indoor,7/31/2020,0.37,head
vegetable,lettuce,cos,7/31/2020,0.56,head
vegetable,lettuce,crisp_iceberg_type,7/31/2020,0.43,head
vegetable,lettuce,little_gem,7/31/2020,0.56,twin
vegetable,rocket,rocket,7/31/2020,5.01,kg
vegetable,mixed_babyleaf_salad,pillow_pack,7/31/2020,4.84,kg
vegetable,onion,bulb_brown,7/31/2020,0.49,kg
vegetable,onion,bulb_red,7/31/2020,0.48,kg
vegetable,onion,saladspring,7/31/2020,0.34,kg
vegetable,swede,swede,7/31/2020,0.28,kg
vegetable,turnip,turnip,7/31/2020,1.07,kg
vegetable,parsnips,all_varieties,7/31/2020,1.59,kg
vegetable,peas,shelling_all_varieties,7/31/2020,2.06,kg
vegetable,rhubarb,outdoor,7/31/2020,1.33,kg
vegetable,spinach_leaf,loose_bunches,7/31/2020,1.34,kg
vegetable,sweetcorn,sweetcorn,7/31/2020,0.39,head
vegetable,tomatoes,round,7/31/2020,1.08,kg
vegetable,tomatoes,vine,7/31/2020,1.48,kg
vegetable,tomatoes,cherry,7/31/2020,1.38,kg
vegetable,tomatoes,plum,7/31/2020,1.02,kg
cut_flowers,gladioli,all_varieties,7/31/2020,0.25,stem
fruit,apples,bramleys_seedling,7/24/2020,2.54,kg
fruit,apples,gala,7/24/2020,1.31,kg
fruit,blackberries,blackberries,7/24/2020,5.65,kg
fruit,currants,black,7/24/2020,9,kg
fruit,currants,red,7/24/2020,9.6,kg
fruit,blueberries,blueberries,7/24/2020,7.86,kg
fruit,cherries,all,7/24/2020,3.76,kg
fruit,gooseberries,gooseberries,7/24/2020,6.88,kg
fruit,plums,victoria,7/24/2020,3.3,kg
fruit,plums,all_other,7/24/2020,1.8,kg
fruit,raspberries,raspberries,7/24/2020,8.22,kg
fruit,strawberries,strawberries,7/24/2020,3.97,kg
vegetable,beans,broad,7/24/2020,2.11,kg
vegetable,beans,dwarf_french_or_kidney,7/24/2020,2.4,kg
vegetable,beans,runner_climbing,7/24/2020,5.1,kg
vegetable,beetroot,beetroot,7/24/2020,0.49,kg
vegetable,pak_choi,pak_choi,7/24/2020,2.36,kg
vegetable,curly_kale,curly_kale,7/24/2020,3.03,kg
vegetable,cabbage,red,7/24/2020,0.54,kg
vegetable,cabbage,savoy,7/24/2020,0.52,head
vegetable,spring_greens,prepacked,7/24/2020,0.88,kg
vegetable,cabbage,summer_autumn_pointed,7/24/2020,0.61,kg
vegetable,cabbage,white,7/24/2020,0.56,kg
vegetable,cabbage,round_green_other,7/24/2020,0.5,head
vegetable,calabrese,calabrese,7/24/2020,1.29,kg
vegetable,capsicum,red,7/24/2020,1.11,kg
vegetable,capsicum,elongated,7/24/2020,1.5,kg
vegetable,carrots,topped_washed,7/24/2020,0.6,kg
vegetable,cauliflower,all,7/24/2020,0.71,head
vegetable,celery,all_washed,7/24/2020,0.79,kg
vegetable,celeriac,celeriac,7/24/2020,0.56,kg
vegetable,chinese_leaf,chinese_leaf,7/24/2020,0.83,kg
vegetable,coriander,coriander,7/24/2020,1.42,kg
vegetable,courgettes,courgettes,7/24/2020,1.02,kg
vegetable,cucumbers,cucumbers,7/24/2020,1.03,kg
vegetable,leeks,trimmed,7/24/2020,1.47,kg
vegetable,lettuce,butterhead_indoor,7/24/2020,0.36,head
vegetable,lettuce,cos,7/24/2020,0.53,head
vegetable,lettuce,crisp_iceberg_type,7/24/2020,0.45,head
vegetable,lettuce,little_gem,7/24/2020,0.53,twin
vegetable,rocket,rocket,7/24/2020,5.1,kg
vegetable,mixed_babyleaf_salad,pillow_pack,7/24/2020,4.85,kg
vegetable,onion,bulb_brown,7/24/2020,0.44,kg
vegetable,onion,bulb_red,7/24/2020,0.43,kg
vegetable,onion,saladspring,7/24/2020,0.34,kg
vegetable,swede,swede,7/24/2020,0.29,kg
vegetable,turnip,turnip,7/24/2020,1.3,kg
vegetable,parsnips,all_varieties,7/24/2020,1.64,kg
vegetable,peas,shelling_all_varieties,7/24/2020,2.17,kg
vegetable,rhubarb,outdoor,7/24/2020,1.33,kg
vegetable,spinach_leaf,loose_bunches,7/24/2020,1.37,kg
vegetable,sweetcorn,sweetcorn,7/24/2020,0.3,head
vegetable,tomatoes,round,7/24/2020,1.15,kg
vegetable,tomatoes,vine,7/24/2020,1.46,kg
vegetable,tomatoes,cherry,7/24/2020,1.41,kg
vegetable,tomatoes,plum,7/24/2020,1.05,kg
cut_flowers,gladioli,all_varieties,7/24/2020,0.27,stem
fruit,apples,bramleys_seedling,7/17/2020,2.75,kg
fruit,apples,gala,7/17/2020,1.17,kg
fruit,blackberries,blackberries,7/17/2020,4.16,kg
fruit,currants,black,7/17/2020,9,kg
fruit,currants,red,7/17/2020,9.43,kg
fruit,blueberries,blueberries,7/17/2020,6.31,kg
fruit,cherries,all,7/17/2020,2.93,kg
fruit,gooseberries,gooseberries,7/17/2020,10.74,kg
fruit,plums,all_other,7/17/2020,2.01,kg
fruit,raspberries,raspberries,7/17/2020,7.66,kg
fruit,strawberries,strawberries,7/17/2020,4.63,kg
vegetable,beans,broad,7/17/2020,2.02,kg
vegetable,beans,dwarf_french_or_kidney,7/17/2020,2.32,kg
vegetable,beans,runner_climbing,7/17/2020,4.9,kg
vegetable,beetroot,beetroot,7/17/2020,0.5,kg
vegetable,pak_choi,pak_choi,7/17/2020,2.55,kg
vegetable,curly_kale,curly_kale,7/17/2020,3.13,kg
vegetable,cabbage,red,7/17/2020,0.6,kg
vegetable,cabbage,savoy,7/17/2020,0.54,head
vegetable,spring_greens,prepacked,7/17/2020,0.94,kg
vegetable,cabbage,summer_autumn_pointed,7/17/2020,0.64,kg
vegetable,cabbage,white,7/17/2020,0.64,kg
vegetable,cabbage,round_green_other,7/17/2020,0.51,head
vegetable,calabrese,calabrese,7/17/2020,1.56,kg
vegetable,capsicum,red,7/17/2020,1.11,kg
vegetable,capsicum,elongated,7/17/2020,1.57,kg
vegetable,carrots,topped_washed,7/17/2020,0.64,kg
vegetable,cauliflower,all,7/17/2020,1.25,head
vegetable,celery,all_washed,7/17/2020,0.81,kg
vegetable,celeriac,celeriac,7/17/2020,0.57,kg
vegetable,chinese_leaf,chinese_leaf,7/17/2020,0.88,kg
vegetable,coriander,coriander,7/17/2020,1.41,kg
vegetable,courgettes,courgettes,7/17/2020,1.11,kg
vegetable,cucumbers,cucumbers,7/17/2020,1.07,kg
vegetable,leeks,trimmed,7/17/2020,1.68,kg
vegetable,lettuce,butterhead_indoor,7/17/2020,0.36,head
vegetable,lettuce,cos,7/17/2020,0.56,head
vegetable,lettuce,crisp_iceberg_type,7/17/2020,0.45,head
vegetable,lettuce,little_gem,7/17/2020,0.52,twin
vegetable,rocket,rocket,7/17/2020,5.14,kg
vegetable,mixed_babyleaf_salad,pillow_pack,7/17/2020,4.91,kg
vegetable,onion,bulb_brown,7/17/2020,0.42,kg
vegetable,onion,bulb_red,7/17/2020,0.48,kg
vegetable,onion,saladspring,7/17/2020,0.34,kg
vegetable,swede,swede,7/17/2020,0.3,kg
vegetable,turnip,turnip,7/17/2020,1.3,kg
vegetable,parsnips,all_varieties,7/17/2020,1.61,kg
vegetable,peas,shelling_all_varieties,7/17/2020,2.37,kg
vegetable,rhubarb,outdoor,7/17/2020,1.4,kg
vegetable,spinach_leaf,loose_bunches,7/17/2020,1.57,kg
vegetable,tomatoes,round,7/17/2020,0.91,kg
vegetable,tomatoes,vine,7/17/2020,1.16,kg
vegetable,tomatoes,cherry,7/17/2020,0.92,kg
vegetable,tomatoes,plum,7/17/2020,0.9,kg
fruit,apples,bramleys_seedling,7/10/2020,2.68,kg
fruit,apples,gala,7/10/2020,1.17,kg
fruit,blackberries,blackberries,7/10/2020,3.01,kg
fruit,currants,black,7/10/2020,7.89,kg
fruit,blueberries,blueberries,7/10/2020,9.33,kg
fruit,cherries,all,7/10/2020,3.03,kg
fruit,gooseberries,gooseberries,7/10/2020,6.67,kg
fruit,plums,all_other,7/10/2020,1.54,kg
fruit,raspberries,raspberries,7/10/2020,8.23,kg
fruit,strawberries,strawberries,7/10/2020,4.14,kg
vegetable,beans,broad,7/10/2020,2.25,kg
vegetable,beans,dwarf_french_or_kidney,7/10/2020,2.33,kg
vegetable,beans,runner_climbing,7/10/2020,5.66,kg
vegetable,beetroot,beetroot,7/10/2020,0.51,kg
vegetable,pak_choi,pak_choi,7/10/2020,2.46,kg
vegetable,curly_kale,curly_kale,7/10/2020,3.31,kg
vegetable,cabbage,red,7/10/2020,0.65,kg
vegetable,cabbage,savoy,7/10/2020,0.55,head
vegetable,spring_greens,prepacked,7/10/2020,1.01,kg
vegetable,cabbage,summer_autumn_pointed,7/10/2020,0.59,kg
vegetable,cabbage,white,7/10/2020,0.65,kg
vegetable,cabbage,round_green_other,7/10/2020,0.56,head
vegetable,calabrese,calabrese,7/10/2020,1.17,kg
vegetable,capsicum,red,7/10/2020,1.05,kg
vegetable,capsicum,elongated,7/10/2020,1.33,kg
vegetable,capsicum,yelloworange,7/10/2020,1.31,kg
vegetable,carrots,topped_washed,7/10/2020,0.65,kg
vegetable,cauliflower,all,7/10/2020,0.72,head
vegetable,celery,all_washed,7/10/2020,0.85,kg
vegetable,celeriac,celeriac,7/10/2020,0.58,kg
vegetable,chinese_leaf,chinese_leaf,7/10/2020,0.91,kg
vegetable,coriander,coriander,7/10/2020,1.49,kg
vegetable,courgettes,courgettes,7/10/2020,1.15,kg
vegetable,cucumbers,cucumbers,7/10/2020,1.06,kg
vegetable,leeks,trimmed,7/10/2020,1.84,kg
vegetable,lettuce,butterhead_indoor,7/10/2020,0.36,head
vegetable,lettuce,cos,7/10/2020,0.57,head
vegetable,lettuce,crisp_iceberg_type,7/10/2020,0.41,head
vegetable,lettuce,little_gem,7/10/2020,0.56,twin
vegetable,rocket,rocket,7/10/2020,5,kg
vegetable,mixed_babyleaf_salad,pillow_pack,7/10/2020,4.8,kg
vegetable,onion,bulb_brown,7/10/2020,0.43,kg
vegetable,onion,bulb_red,7/10/2020,0.55,kg
vegetable,onion,saladspring,7/10/2020,0.34,kg
vegetable,swede,swede,7/10/2020,0.31,kg
vegetable,turnip,turnip,7/10/2020,1.28,kg
vegetable,parsnips,all_varieties,7/10/2020,1.7,kg
vegetable,peas,shelling_all_varieties,7/10/2020,2.37,kg
vegetable,rhubarb,outdoor,7/10/2020,1.5,kg
vegetable,spinach_leaf,loose_bunches,7/10/2020,1.52,kg
vegetable,tomatoes,round,7/10/2020,1.08,kg
vegetable,tomatoes,vine,7/10/2020,1.38,kg
vegetable,tomatoes,cherry,7/10/2020,0.9,kg
vegetable,tomatoes,plum,7/10/2020,0.84,kg
fruit,apples,bramleys_seedling,7/3/2020,2.59,kg
fruit,apples,gala,7/3/2020,1.17,kg
fruit,apples,other_late_season,7/3/2020,0.88,kg
fruit,blackberries,blackberries,7/3/2020,6.81,kg
fruit,blueberries,blueberries,7/3/2020,12.34,kg
fruit,cherries,all,7/3/2020,4.78,kg
fruit,gooseberries,gooseberries,7/3/2020,4.19,kg
fruit,raspberries,raspberries,7/3/2020,8.88,kg
fruit,strawberries,strawberries,7/3/2020,4.09,kg
vegetable,asparagus,asparagus,7/3/2020,10,kg
vegetable,beans,broad,7/3/2020,2.59,kg
vegetable,beans,dwarf_french_or_kidney,7/3/2020,2.72,kg
vegetable,beans,runner_climbing,7/3/2020,6.45,kg
vegetable,beetroot,beetroot,7/3/2020,0.5,kg
vegetable,pak_choi,pak_choi,7/3/2020,2.37,kg
vegetable,curly_kale,curly_kale,7/3/2020,3.37,kg
vegetable,cabbage,red,7/3/2020,0.66,kg
vegetable,cabbage,savoy,7/3/2020,0.61,head
vegetable,spring_greens,prepacked,7/3/2020,1,kg
vegetable,cabbage,summer_autumn_pointed,7/3/2020,0.66,kg
vegetable,cabbage,white,7/3/2020,0.68,kg
vegetable,cabbage,round_green_other,7/3/2020,0.6,head
vegetable,calabrese,calabrese,7/3/2020,1.21,kg
vegetable,capsicum,red,7/3/2020,1.34,kg
vegetable,capsicum,elongated,7/3/2020,1.4,kg
vegetable,capsicum,yelloworange,7/3/2020,1.31,kg
vegetable,carrots,topped_washed,7/3/2020,0.65,kg
vegetable,cauliflower,all,7/3/2020,0.71,head
vegetable,celery,all_washed,7/3/2020,0.9,kg
vegetable,celeriac,celeriac,7/3/2020,0.57,kg
vegetable,chinese_leaf,chinese_leaf,7/3/2020,0.88,kg
vegetable,coriander,coriander,7/3/2020,1.4,kg
vegetable,courgettes,courgettes,7/3/2020,1.29,kg
vegetable,cucumbers,cucumbers,7/3/2020,1.05,kg
vegetable,leeks,trimmed,7/3/2020,2,kg
vegetable,lettuce,butterhead_indoor,7/3/2020,0.37,head
vegetable,lettuce,cos,7/3/2020,0.58,head
vegetable,lettuce,crisp_iceberg_type,7/3/2020,0.47,head
vegetable,lettuce,little_gem,7/3/2020,0.6,twin
vegetable,rocket,rocket,7/3/2020,5,kg
vegetable,mixed_babyleaf_salad,pillow_pack,7/3/2020,4.82,kg
vegetable,onion,bulb_brown,7/3/2020,0.5,kg
vegetable,onion,bulb_red,7/3/2020,0.7,kg
vegetable,onion,saladspring,7/3/2020,0.35,kg
vegetable,swede,swede,7/3/2020,0.31,kg
vegetable,turnip,turnip,7/3/2020,1.66,kg
vegetable,peas,shelling_all_varieties,7/3/2020,2.62,kg
vegetable,rhubarb,outdoor,7/3/2020,1.62,kg
vegetable,spinach_leaf,loose_bunches,7/3/2020,1.27,kg
vegetable,tomatoes,round,7/3/2020,1.12,kg
vegetable,tomatoes,vine,7/3/2020,1.3,kg
vegetable,tomatoes,cherry,7/3/2020,0.7,kg
vegetable,tomatoes,plum,7/3/2020,0.87,kg
fruit,apples,bramleys_seedling,6/26/2020,2.48,kg
fruit,apples,gala,6/26/2020,1.18,kg
fruit,apples,other_late_season,6/26/2020,0.83,kg
fruit,blueberries,blueberries,6/26/2020,11.89,kg
fruit,cherries,all,6/26/2020,5.63,kg
fruit,gooseberries,gooseberries,6/26/2020,4.98,kg
fruit,raspberries,raspberries,6/26/2020,7.97,kg
fruit,strawberries,strawberries,6/26/2020,4,kg
vegetable,asparagus,asparagus,6/26/2020,8.83,kg
vegetable,beans,broad,6/26/2020,2.78,kg
vegetable,beetroot,beetroot,6/26/2020,0.48,kg
vegetable,pak_choi,pak_choi,6/26/2020,2.35,kg
vegetable,curly_kale,curly_kale,6/26/2020,3.42,kg
vegetable,cabbage,red,6/26/2020,0.65,kg
vegetable,cabbage,savoy,6/26/2020,0.65,head
vegetable,spring_greens,prepacked,6/26/2020,1.12,kg
vegetable,cabbage,summer_autumn_pointed,6/26/2020,0.69,kg
vegetable,cabbage,white,6/26/2020,0.69,kg
vegetable,cabbage,round_green_other,6/26/2020,0.64,head
vegetable,calabrese,calabrese,6/26/2020,1.29,kg
vegetable,capsicum,red,6/26/2020,1.3,kg
vegetable,capsicum,elongated,6/26/2020,1.6,kg
vegetable,carrots,topped_washed,6/26/2020,0.64,kg
vegetable,cauliflower,all,6/26/2020,0.63,head
vegetable,celery,all_washed,6/26/2020,0.91,kg
vegetable,celeriac,celeriac,6/26/2020,0.57,kg
vegetable,chinese_leaf,chinese_leaf,6/26/2020,0.9,kg
vegetable,coriander,coriander,6/26/2020,1.36,kg
vegetable,courgettes,courgettes,6/26/2020,1.27,kg
vegetable,cucumbers,cucumbers,6/26/2020,1.06,kg
vegetable,lettuce,butterhead_indoor,6/26/2020,0.38,head
vegetable,lettuce,cos,6/26/2020,0.59,head
vegetable,lettuce,crisp_iceberg_type,6/26/2020,0.47,head
vegetable,lettuce,little_gem,6/26/2020,0.63,twin
vegetable,rocket,rocket,6/26/2020,4.93,kg
vegetable,mixed_babyleaf_salad,pillow_pack,6/26/2020,4.86,kg
vegetable,onion,bulb_brown,6/26/2020,0.55,kg
vegetable,onion,bulb_red,6/26/2020,0.7,kg
vegetable,onion,saladspring,6/26/2020,0.36,kg
vegetable,swede,swede,6/26/2020,0.28,kg
vegetable,turnip,turnip,6/26/2020,1.6,kg
vegetable,peas,shelling_all_varieties,6/26/2020,2.95,kg
vegetable,rhubarb,outdoor,6/26/2020,1.83,kg
vegetable,spinach_leaf,loose_bunches,6/26/2020,1.26,kg
vegetable,tomatoes,round,6/26/2020,0.93,kg
vegetable,tomatoes,vine,6/26/2020,1.13,kg
vegetable,tomatoes,cherry,6/26/2020,0.76,kg
vegetable,tomatoes,plum,6/26/2020,1.02,kg
fruit,apples,bramleys_seedling,6/19/2020,2.37,kg
fruit,apples,gala,6/19/2020,1.23,kg
fruit,apples,other_late_season,6/19/2020,1.2,kg
fruit,blueberries,blueberries,6/19/2020,9.13,kg
fruit,cherries,all,6/19/2020,6.68,kg
fruit,gooseberries,gooseberries,6/19/2020,3.75,kg
fruit,raspberries,raspberries,6/19/2020,9.34,kg
fruit,strawberries,strawberries,6/19/2020,3.91,kg
vegetable,asparagus,asparagus,6/19/2020,9.65,kg
vegetable,beans,broad,6/19/2020,2.36,kg
vegetable,beetroot,beetroot,6/19/2020,0.5,kg
vegetable,pak_choi,pak_choi,6/19/2020,2.31,kg
vegetable,curly_kale,curly_kale,6/19/2020,3.6,kg
vegetable,cabbage,red,6/19/2020,0.65,kg
vegetable,cabbage,savoy,6/19/2020,0.76,head
vegetable,spring_greens,prepacked,6/19/2020,1.23,kg
vegetable,cabbage,summer_autumn_pointed,6/19/2020,0.62,kg
vegetable,cabbage,white,6/19/2020,0.66,kg
vegetable,cabbage,round_green_other,6/19/2020,0.64,head
vegetable,calabrese,calabrese,6/19/2020,1.95,kg
vegetable,capsicum,red,6/19/2020,1.44,kg
vegetable,capsicum,elongated,6/19/2020,1.16,kg
vegetable,carrots,topped_washed,6/19/2020,0.61,kg
vegetable,cauliflower,all,6/19/2020,0.8,head
vegetable,celery,all_washed,6/19/2020,0.93,kg
vegetable,celeriac,celeriac,6/19/2020,0.62,kg
vegetable,chinese_leaf,chinese_leaf,6/19/2020,0.96,kg
vegetable,coriander,coriander,6/19/2020,2.09,kg
vegetable,courgettes,courgettes,6/19/2020,1.22,kg
vegetable,cucumbers,cucumbers,6/19/2020,0.8,kg
vegetable,lettuce,butterhead_indoor,6/19/2020,0.39,head
vegetable,lettuce,cos,6/19/2020,0.64,head
vegetable,lettuce,crisp_iceberg_type,6/19/2020,0.54,head
vegetable,lettuce,little_gem,6/19/2020,0.65,twin
vegetable,rocket,rocket,6/19/2020,5.03,kg
vegetable,mixed_babyleaf_salad,pillow_pack,6/19/2020,4.93,kg
vegetable,onion,bulb_brown,6/19/2020,0.55,kg
vegetable,onion,bulb_red,6/19/2020,0.45,kg
vegetable,onion,saladspring,6/19/2020,0.36,kg
vegetable,swede,swede,6/19/2020,0.29,kg
vegetable,turnip,turnip,6/19/2020,1.65,kg
vegetable,peas,shelling_all_varieties,6/19/2020,2.99,kg
vegetable,rhubarb,outdoor,6/19/2020,1.69,kg
vegetable,spinach_leaf,loose_bunches,6/19/2020,1.41,kg
vegetable,tomatoes,round,6/19/2020,0.82,kg
vegetable,tomatoes,vine,6/19/2020,1.14,kg
vegetable,tomatoes,cherry,6/19/2020,1.6,kg
vegetable,tomatoes,plum,6/19/2020,1.3,kg
fruit,apples,bramleys_seedling,6/12/2020,2.25,kg
fruit,apples,gala,6/12/2020,1.15,kg
fruit,apples,other_late_season,6/12/2020,1.83,kg
fruit,cherries,all,6/12/2020,4.78,kg
fruit,gooseberries,gooseberries,6/12/2020,5.01,kg
fruit,raspberries,raspberries,6/12/2020,6.4,kg
fruit,strawberries,strawberries,6/12/2020,3.93,kg
vegetable,asparagus,asparagus,6/12/2020,9.69,kg
vegetable,beans,broad,6/12/2020,2.01,kg
vegetable,beetroot,beetroot,6/12/2020,0.5,kg
vegetable,pak_choi,pak_choi,6/12/2020,2.45,kg
vegetable,curly_kale,curly_kale,6/12/2020,3.53,kg
vegetable,cabbage,red,6/12/2020,0.67,kg
vegetable,cabbage,savoy,6/12/2020,0.74,head
vegetable,spring_greens,prepacked,6/12/2020,1.32,kg
vegetable,cabbage,summer_autumn_pointed,6/12/2020,0.62,kg
vegetable,cabbage,white,6/12/2020,0.67,kg
vegetable,cabbage,round_green_other,6/12/2020,0.72,head
vegetable,calabrese,calabrese,6/12/2020,2.32,kg
vegetable,capsicum,red,6/12/2020,1.5,kg
vegetable,capsicum,elongated,6/12/2020,1.6,kg
vegetable,carrots,topped_washed,6/12/2020,0.59,kg
vegetable,cauliflower,all,6/12/2020,1.09,head
vegetable,celery,all_washed,6/12/2020,1.03,kg
vegetable,celeriac,celeriac,6/12/2020,0.59,kg
vegetable,chinese_leaf,chinese_leaf,6/12/2020,1.01,kg
vegetable,coriander,coriander,6/12/2020,1.63,kg
vegetable,courgettes,courgettes,6/12/2020,1.16,kg
vegetable,cucumbers,cucumbers,6/12/2020,0.68,kg
vegetable,leeks,trimmed,6/12/2020,1.82,kg
vegetable,lettuce,butterhead_indoor,6/12/2020,0.4,head
vegetable,lettuce,cos,6/12/2020,0.63,head
vegetable,lettuce,crisp_iceberg_type,6/12/2020,0.55,head
vegetable,lettuce,little_gem,6/12/2020,0.69,twin
vegetable,rocket,rocket,6/12/2020,4.95,kg
vegetable,mixed_babyleaf_salad,pillow_pack,6/12/2020,4.73,kg
vegetable,onion,bulb_brown,6/12/2020,0.56,kg
vegetable,onion,bulb_red,6/12/2020,0.46,kg
vegetable,onion,saladspring,6/12/2020,0.37,kg
vegetable,swede,swede,6/12/2020,0.28,kg
vegetable,turnip,turnip,6/12/2020,1.65,kg
vegetable,parsnips,all_varieties,6/12/2020,1.12,kg
vegetable,peas,shelling_all_varieties,6/12/2020,2.99,kg
vegetable,rhubarb,outdoor,6/12/2020,1.52,kg
vegetable,spinach_leaf,loose_bunches,6/12/2020,1.48,kg
vegetable,tomatoes,round,6/12/2020,1.25,kg
vegetable,tomatoes,vine,6/12/2020,1.12,kg
vegetable,tomatoes,cherry,6/12/2020,1.37,kg
vegetable,tomatoes,plum,6/12/2020,1.35,kg
fruit,apples,bramleys_seedling,6/5/2020,2.3,kg
fruit,apples,braeburn,6/5/2020,1.13,kg
fruit,apples,gala,6/5/2020,1.23,kg
fruit,apples,other_late_season,6/5/2020,0.92,kg
fruit,gooseberries,gooseberries,6/5/2020,5.11,kg
fruit,raspberries,raspberries,6/5/2020,9.81,kg
fruit,strawberries,strawberries,6/5/2020,3.62,kg
vegetable,asparagus,asparagus,6/5/2020,8.23,kg
vegetable,beans,broad,6/5/2020,2.06,kg
vegetable,beetroot,beetroot,6/5/2020,0.5,kg
vegetable,pak_choi,pak_choi,6/5/2020,2.29,kg
vegetable,curly_kale,curly_kale,6/5/2020,4.62,kg
vegetable,cabbage,red,6/5/2020,0.63,kg
vegetable,cabbage,savoy,6/5/2020,1.21,head
vegetable,spring_greens,prepacked,6/5/2020,1.35,kg
vegetable,cabbage,summer_autumn_pointed,6/5/2020,0.75,kg
vegetable,cabbage,white,6/5/2020,0.64,kg
vegetable,cabbage,round_green_other,6/5/2020,0.71,head
vegetable,calabrese,calabrese,6/5/2020,1.77,kg
vegetable,capsicum,red,6/5/2020,1.64,kg
vegetable,capsicum,elongated,6/5/2020,1.8,kg
vegetable,carrots,topped_washed,6/5/2020,0.59,kg
vegetable,cauliflower,all,6/5/2020,1.27,head
vegetable,celery,all_washed,6/5/2020,1,kg
vegetable,celeriac,celeriac,6/5/2020,0.65,kg
vegetable,chinese_leaf,chinese_leaf,6/5/2020,1.09,kg
vegetable,coriander,coriander,6/5/2020,1.55,kg
vegetable,cucumbers,cucumbers,6/5/2020,0.79,kg
vegetable,lettuce,butterhead_indoor,6/5/2020,0.38,head
vegetable,lettuce,cos,6/5/2020,0.63,head
vegetable,lettuce,crisp_iceberg_type,6/5/2020,0.57,head
vegetable,lettuce,little_gem,6/5/2020,0.69,twin
vegetable,rocket,rocket,6/5/2020,4.88,kg
vegetable,mixed_babyleaf_salad,pillow_pack,6/5/2020,4.64,kg
vegetable,onion,bulb_brown,6/5/2020,0.56,kg
vegetable,onion,bulb_red,6/5/2020,0.63,kg
vegetable,onion,saladspring,6/5/2020,0.37,kg
vegetable,swede,swede,6/5/2020,0.26,kg
vegetable,turnip,turnip,6/5/2020,1.27,kg
vegetable,parsnips,all_varieties,6/5/2020,1.23,kg
vegetable,peas,shelling_all_varieties,6/5/2020,3.17,kg
vegetable,rhubarb,outdoor,6/5/2020,1.76,kg
vegetable,spinach_leaf,loose_bunches,6/5/2020,1.53,kg
vegetable,tomatoes,round,6/5/2020,0.7,kg
vegetable,tomatoes,vine,6/5/2020,1.24,kg
vegetable,tomatoes,cherry,6/5/2020,1.82,kg
fruit,apples,bramleys_seedling,5/29/2020,2.2,kg
fruit,apples,braeburn,5/29/2020,1.18,kg
fruit,apples,gala,5/29/2020,1.26,kg
fruit,apples,other_late_season,5/29/2020,1,kg
fruit,raspberries,raspberries,5/29/2020,9.55,kg
fruit,strawberries,strawberries,5/29/2020,3.41,kg
vegetable,asparagus,asparagus,5/29/2020,5.41,kg
vegetable,beans,broad,5/29/2020,2.45,kg
vegetable,beetroot,beetroot,5/29/2020,0.45,kg
vegetable,pak_choi,pak_choi,5/29/2020,2.26,kg
vegetable,curly_kale,curly_kale,5/29/2020,4.61,kg
vegetable,cabbage,red,5/29/2020,0.69,kg
vegetable,cabbage,savoy,5/29/2020,0.8,head
vegetable,spring_greens,prepacked,5/29/2020,1.41,kg
vegetable,cabbage,summer_autumn_pointed,5/29/2020,0.68,kg
vegetable,cabbage,white,5/29/2020,0.68,kg
vegetable,cabbage,round_green_other,5/29/2020,0.75,head
vegetable,calabrese,calabrese,5/29/2020,3.5,kg
vegetable,capsicum,red,5/29/2020,1.7,kg
vegetable,cauliflower,all,5/29/2020,1.32,head
vegetable,celeriac,celeriac,5/29/2020,0.66,kg
vegetable,chinese_leaf,chinese_leaf,5/29/2020,1.3,kg
vegetable,coriander,coriander,5/29/2020,1.38,kg
vegetable,cucumbers,cucumbers,5/29/2020,0.91,kg
vegetable,lettuce,butterhead_indoor,5/29/2020,0.39,head
vegetable,lettuce,cos,5/29/2020,0.6,head
vegetable,lettuce,crisp_iceberg_type,5/29/2020,0.69,head
vegetable,lettuce,little_gem,5/29/2020,0.67,twin
vegetable,rocket,rocket,5/29/2020,5.19,kg
vegetable,mixed_babyleaf_salad,pillow_pack,5/29/2020,5.07,kg
vegetable,onion,bulb_brown,5/29/2020,0.51,kg
vegetable,onion,bulb_red,5/29/2020,0.56,kg
vegetable,onion,saladspring,5/29/2020,0.36,kg
vegetable,swede,swede,5/29/2020,0.26,kg
vegetable,turnip,turnip,5/29/2020,0.6,kg
vegetable,parsnips,all_varieties,5/29/2020,0.87,kg
vegetable,peas,shelling_all_varieties,5/29/2020,2.98,kg
vegetable,rhubarb,outdoor,5/29/2020,1.91,kg
vegetable,tomatoes,round,5/29/2020,0.81,kg
vegetable,tomatoes,vine,5/29/2020,1.5,kg
vegetable,tomatoes,cherry,5/29/2020,1.52,kg
fruit,apples,bramleys_seedling,5/22/2020,2.2,kg
fruit,apples,braeburn,5/22/2020,1.25,kg
fruit,apples,gala,5/22/2020,1.26,kg
fruit,apples,other_late_season,5/22/2020,1,kg
fruit,strawberries,strawberries,5/22/2020,4.71,kg
vegetable,asparagus,asparagus,5/22/2020,4.72,kg
vegetable,beans,broad,5/22/2020,2.57,kg
vegetable,beetroot,beetroot,5/22/2020,0.46,kg
vegetable,pak_choi,pak_choi,5/22/2020,2.67,kg
vegetable,curly_kale,curly_kale,5/22/2020,4.3,kg
vegetable,cabbage,red,5/22/2020,0.69,kg
vegetable,cabbage,savoy,5/22/2020,0.8,head
vegetable,spring_greens,prepacked,5/22/2020,1.36,kg
vegetable,cabbage,summer_autumn_pointed,5/22/2020,0.79,kg
vegetable,cabbage,white,5/22/2020,0.69,kg
vegetable,cabbage,round_green_other,5/22/2020,0.74,head
vegetable,carrots,topped_washed,5/22/2020,0.55,kg
vegetable,cauliflower,all,5/22/2020,1.4,head
vegetable,celeriac,celeriac,5/22/2020,0.72,kg
vegetable,cucumbers,cucumbers,5/22/2020,0.88,kg
vegetable,leeks,trimmed,5/22/2020,1.16,kg
vegetable,lettuce,butterhead_indoor,5/22/2020,0.39,head
vegetable,lettuce,cos,5/22/2020,0.65,head
vegetable,lettuce,crisp_iceberg_type,5/22/2020,0.58,head
vegetable,lettuce,little_gem,5/22/2020,0.66,twin
vegetable,rocket,rocket,5/22/2020,5.06,kg
vegetable,mixed_babyleaf_salad,pillow_pack,5/22/2020,4.99,kg
vegetable,onion,bulb_brown,5/22/2020,0.54,kg
vegetable,onion,bulb_red,5/22/2020,0.6,kg
vegetable,onion,saladspring,5/22/2020,0.36,kg
vegetable,swede,swede,5/22/2020,0.28,kg
vegetable,parsnips,all_varieties,5/22/2020,0.87,kg
vegetable,rhubarb,outdoor,5/22/2020,2.06,kg
vegetable,tomatoes,round,5/22/2020,0.88,kg
vegetable,tomatoes,vine,5/22/2020,0.93,kg
fruit,apples,bramleys_seedling,5/15/2020,2.28,kg
fruit,apples,braeburn,5/15/2020,1.13,kg
fruit,apples,gala,5/15/2020,1.21,kg
fruit,apples,other_late_season,5/15/2020,1.83,kg
fruit,strawberries,strawberries,5/15/2020,5.19,kg
vegetable,asparagus,asparagus,5/15/2020,5.21,kg
vegetable,beetroot,beetroot,5/15/2020,0.46,kg
vegetable,pak_choi,pak_choi,5/15/2020,2.54,kg
vegetable,curly_kale,curly_kale,5/15/2020,4.65,kg
vegetable,cabbage,red,5/15/2020,0.67,kg
vegetable,spring_greens,prepacked,5/15/2020,1.44,kg
vegetable,cabbage,summer_autumn_pointed,5/15/2020,0.82,kg
vegetable,cabbage,white,5/15/2020,0.68,kg
vegetable,cabbage,round_green_other,5/15/2020,0.74,head
vegetable,carrots,topped_washed,5/15/2020,0.55,kg
vegetable,cauliflower,all,5/15/2020,1.35,head
vegetable,celeriac,celeriac,5/15/2020,0.76,kg
vegetable,cucumbers,cucumbers,5/15/2020,0.73,kg
vegetable,leeks,trimmed,5/15/2020,1.16,kg
vegetable,lettuce,butterhead_indoor,5/15/2020,0.38,head
vegetable,lettuce,cos,5/15/2020,0.72,head
vegetable,lettuce,crisp_iceberg_type,5/15/2020,0.57,head
vegetable,lettuce,little_gem,5/15/2020,0.69,twin
vegetable,rocket,rocket,5/15/2020,5.25,kg
vegetable,mixed_babyleaf_salad,pillow_pack,5/15/2020,5.07,kg
vegetable,onion,bulb_brown,5/15/2020,0.49,kg
vegetable,onion,bulb_red,5/15/2020,0.59,kg
vegetable,onion,saladspring,5/15/2020,0.35,kg
vegetable,swede,swede,5/15/2020,0.28,kg
vegetable,parsnips,all_varieties,5/15/2020,0.72,kg
vegetable,rhubarb,outdoor,5/15/2020,2.11,kg
vegetable,tomatoes,round,5/15/2020,0.79,kg
fruit,apples,bramleys_seedling,5/8/2020,2.23,kg
fruit,apples,braeburn,5/8/2020,1.16,kg
fruit,apples,gala,5/8/2020,1.25,kg
fruit,apples,other_mid_season,5/8/2020,0.8,kg
fruit,apples,other_late_season,5/8/2020,1.83,kg
fruit,pears,conference,5/8/2020,1.03,kg
fruit,strawberries,strawberries,5/8/2020,5.62,kg
vegetable,asparagus,asparagus,5/8/2020,5.35,kg
vegetable,beetroot,beetroot,5/8/2020,0.46,kg
vegetable,pak_choi,pak_choi,5/8/2020,2.58,kg
vegetable,cabbage,red,5/8/2020,0.67,kg
vegetable,spring_greens,prepacked,5/8/2020,1.45,kg
vegetable,cabbage,summer_autumn_pointed,5/8/2020,0.71,kg
vegetable,cabbage,white,5/8/2020,0.67,kg
vegetable,cabbage,round_green_other,5/8/2020,0.67,head
vegetable,carrots,topped_washed,5/8/2020,0.57,kg
vegetable,cauliflower,all,5/8/2020,1.01,head
vegetable,celeriac,celeriac,5/8/2020,0.76,kg
vegetable,coriander,coriander,5/8/2020,1.1,kg
vegetable,cucumbers,cucumbers,5/8/2020,0.69,kg
vegetable,leeks,trimmed,5/8/2020,1.23,kg
vegetable,lettuce,butterhead_indoor,5/8/2020,0.39,head
vegetable,lettuce,cos,5/8/2020,0.6,head
vegetable,lettuce,crisp_iceberg_type,5/8/2020,0.56,head
vegetable,lettuce,little_gem,5/8/2020,0.72,twin
vegetable,mixed_babyleaf_salad,pillow_pack,5/8/2020,5.5,kg
vegetable,onion,bulb_brown,5/8/2020,0.44,kg
vegetable,onion,bulb_red,5/8/2020,0.53,kg
vegetable,onion,saladspring,5/8/2020,0.37,kg
vegetable,swede,swede,5/8/2020,0.29,kg
vegetable,turnip,turnip,5/8/2020,2,kg
vegetable,parsnips,all_varieties,5/8/2020,0.71,kg
vegetable,rhubarb,forced,5/8/2020,4.27,kg
vegetable,rhubarb,outdoor,5/8/2020,2.13,kg
vegetable,tomatoes,round,5/8/2020,0.89,kg
vegetable,tomatoes,vine,5/8/2020,1.05,kg
fruit,apples,bramleys_seedling,5/1/2020,2,kg
fruit,apples,braeburn,5/1/2020,1.14,kg
fruit,apples,gala,5/1/2020,1.23,kg
fruit,apples,other_late_season,5/1/2020,0.8,kg
fruit,pears,conference,5/1/2020,1.07,kg
fruit,strawberries,strawberries,5/1/2020,6.43,kg
vegetable,asparagus,asparagus,5/1/2020,6.19,kg
vegetable,beetroot,beetroot,5/1/2020,0.45,kg
vegetable,pak_choi,pak_choi,5/1/2020,2.27,kg
vegetable,curly_kale,curly_kale,5/1/2020,3.68,kg
vegetable,cabbage,red,5/1/2020,0.68,kg
vegetable,spring_greens,prepacked,5/1/2020,1.51,kg
vegetable,cabbage,summer_autumn_pointed,5/1/2020,0.7,kg
vegetable,cabbage,white,5/1/2020,0.69,kg
vegetable,carrots,topped_washed,5/1/2020,0.62,kg
vegetable,cauliflower,all,5/1/2020,0.86,head
vegetable,celeriac,celeriac,5/1/2020,0.82,kg
vegetable,cucumbers,cucumbers,5/1/2020,0.82,kg
vegetable,leeks,trimmed,5/1/2020,1.24,kg
vegetable,lettuce,butterhead_indoor,5/1/2020,0.4,head
vegetable,lettuce,little_gem,5/1/2020,0.76,twin
vegetable,onion,bulb_brown,5/1/2020,0.46,kg
vegetable,onion,bulb_red,5/1/2020,0.56,kg
vegetable,onion,saladspring,5/1/2020,0.34,kg
vegetable,swede,swede,5/1/2020,0.29,kg
vegetable,parsnips,all_varieties,5/1/2020,0.75,kg
vegetable,rhubarb,forced,5/1/2020,4.02,kg
vegetable,rhubarb,outdoor,5/1/2020,2.14,kg
vegetable,tomatoes,round,5/1/2020,1.04,kg
cut_flowers,tulips,tulips,5/1/2020,0.2,stem
fruit,apples,bramleys_seedling,4/24/2020,2.17,kg
fruit,apples,coxs_orange_group,4/24/2020,1,kg
fruit,apples,braeburn,4/24/2020,1.12,kg
fruit,apples,gala,4/24/2020,1.24,kg
fruit,apples,other_late_season,4/24/2020,0.8,kg
fruit,pears,conference,4/24/2020,1.32,kg
fruit,strawberries,strawberries,4/24/2020,7.96,kg
vegetable,asparagus,asparagus,4/24/2020,5.98,kg
vegetable,beetroot,beetroot,4/24/2020,0.45,kg
vegetable,pak_choi,pak_choi,4/24/2020,2.31,kg
vegetable,curly_kale,curly_kale,4/24/2020,3.79,kg
vegetable,cabbage,red,4/24/2020,0.64,kg
vegetable,cabbage,savoy,4/24/2020,1.5,head
vegetable,spring_greens,prepacked,4/24/2020,1.54,kg
vegetable,cabbage,summer_autumn_pointed,4/24/2020,0.7,kg
vegetable,cabbage,white,4/24/2020,0.68,kg
vegetable,cabbage,round_green_other,4/24/2020,0.5,head
vegetable,carrots,topped_washed,4/24/2020,0.6,kg
vegetable,cauliflower,all,4/24/2020,0.88,head
vegetable,celeriac,celeriac,4/24/2020,0.79,kg
vegetable,cucumbers,cucumbers,4/24/2020,0.77,kg
vegetable,leeks,trimmed,4/24/2020,1.29,kg
vegetable,lettuce,butterhead_indoor,4/24/2020,0.4,head
vegetable,lettuce,little_gem,4/24/2020,0.76,twin
vegetable,onion,bulb_brown,4/24/2020,0.5,kg
vegetable,onion,bulb_red,4/24/2020,0.58,kg
vegetable,onion,saladspring,4/24/2020,0.46,kg
vegetable,swede,swede,4/24/2020,0.29,kg
vegetable,parsnips,all_varieties,4/24/2020,0.77,kg
vegetable,rhubarb,forced,4/24/2020,3.61,kg
vegetable,rhubarb,outdoor,4/24/2020,2.17,kg
vegetable,tomatoes,round,4/24/2020,1.04,kg
vegetable,tomatoes,vine,4/24/2020,1.2,kg
cut_flowers,tulips,tulips,4/24/2020,0.2,stem
fruit,apples,bramleys_seedling,4/17/2020,2.07,kg
fruit,apples,coxs_orange_group,4/17/2020,1.25,kg
fruit,apples,braeburn,4/17/2020,1.1,kg
fruit,apples,gala,4/17/2020,1.24,kg
fruit,pears,conference,4/17/2020,1.12,kg
fruit,strawberries,strawberries,4/17/2020,4.69,kg
vegetable,asparagus,asparagus,4/17/2020,7.74,kg
vegetable,beetroot,beetroot,4/17/2020,0.45,kg
vegetable,pak_choi,pak_choi,4/17/2020,2.08,kg
vegetable,curly_kale,curly_kale,4/17/2020,4.12,kg
vegetable,cabbage,red,4/17/2020,0.61,kg
vegetable,cabbage,savoy,4/17/2020,0.52,head
vegetable,spring_greens,prepacked,4/17/2020,1.63,kg
vegetable,cabbage,summer_autumn_pointed,4/17/2020,0.66,kg
vegetable,cabbage,white,4/17/2020,0.65,kg
vegetable,cabbage,round_green_other,4/17/2020,0.65,head
vegetable,carrots,topped_washed,4/17/2020,0.63,kg
vegetable,cauliflower,all,4/17/2020,1.17,head
vegetable,celeriac,celeriac,4/17/2020,0.85,kg
vegetable,cucumbers,cucumbers,4/17/2020,0.79,kg
vegetable,leeks,trimmed,4/17/2020,1.34,kg
vegetable,lettuce,butterhead_indoor,4/17/2020,0.4,head
vegetable,lettuce,little_gem,4/17/2020,0.81,twin
vegetable,onion,bulb_brown,4/17/2020,0.54,kg
vegetable,onion,bulb_red,4/17/2020,0.55,kg
vegetable,onion,saladspring,4/17/2020,0.47,kg
vegetable,swede,swede,4/17/2020,0.29,kg
vegetable,parsnips,all_varieties,4/17/2020,0.8,kg
vegetable,rhubarb,forced,4/17/2020,3.67,kg
vegetable,rhubarb,outdoor,4/17/2020,2.2,kg
vegetable,tomatoes,round,4/17/2020,1.27,kg
vegetable,tomatoes,vine,4/17/2020,1.58,kg
cut_flowers,tulips,tulips,4/17/2020,0.2,stem
fruit,apples,bramleys_seedling,4/10/2020,2.01,kg
fruit,apples,coxs_orange_group,4/10/2020,1.25,kg
fruit,apples,braeburn,4/10/2020,1.08,kg
fruit,apples,gala,4/10/2020,1.23,kg
fruit,pears,conference,4/10/2020,0.96,kg
fruit,strawberries,strawberries,4/10/2020,5.37,kg
vegetable,asparagus,asparagus,4/10/2020,8.04,kg
vegetable,beetroot,beetroot,4/10/2020,0.46,kg
vegetable,pak_choi,pak_choi,4/10/2020,2.04,kg
vegetable,curly_kale,curly_kale,4/10/2020,4.01,kg
vegetable,cabbage,red,4/10/2020,0.54,kg
vegetable,cabbage,savoy,4/10/2020,0.61,head
vegetable,spring_greens,prepacked,4/10/2020,1.76,kg
vegetable,cabbage,white,4/10/2020,0.56,kg
vegetable,cabbage,round_green_other,4/10/2020,0.6,head
vegetable,carrots,topped_washed,4/10/2020,0.62,kg
vegetable,cauliflower,all,4/10/2020,1.65,head
vegetable,celeriac,celeriac,4/10/2020,0.65,kg
vegetable,cucumbers,cucumbers,4/10/2020,0.68,kg
vegetable,leeks,trimmed,4/10/2020,1.39,kg
vegetable,lettuce,butterhead_indoor,4/10/2020,0.4,head
vegetable,lettuce,little_gem,4/10/2020,0.82,twin
vegetable,onion,bulb_brown,4/10/2020,0.55,kg
vegetable,onion,bulb_red,4/10/2020,0.54,kg
vegetable,swede,swede,4/10/2020,0.29,kg
vegetable,parsnips,all_varieties,4/10/2020,0.81,kg
vegetable,rhubarb,forced,4/10/2020,3.67,kg
vegetable,rhubarb,outdoor,4/10/2020,2.25,kg
vegetable,tomatoes,round,4/10/2020,1.24,kg
fruit,apples,bramleys_seedling,4/3/2020,1.88,kg
fruit,apples,braeburn,4/3/2020,1.04,kg
fruit,apples,gala,4/3/2020,1.19,kg
fruit,pears,conference,4/3/2020,1.27,kg
fruit,strawberries,strawberries,4/3/2020,4.92,kg
vegetable,asparagus,asparagus,4/3/2020,6.97,kg
vegetable,beetroot,beetroot,4/3/2020,0.48,kg
vegetable,pak_choi,pak_choi,4/3/2020,2.16,kg
vegetable,curly_kale,curly_kale,4/3/2020,4.08,kg
vegetable,cabbage,red,4/3/2020,0.58,kg
vegetable,cabbage,savoy,4/3/2020,0.64,head
vegetable,spring_greens,prepacked,4/3/2020,1.7,kg
vegetable,cabbage,white,4/3/2020,0.56,kg
vegetable,cabbage,round_green_other,4/3/2020,0.72,head
vegetable,carrots,topped_washed,4/3/2020,0.63,kg
vegetable,cauliflower,all,4/3/2020,2.12,head
vegetable,celeriac,celeriac,4/3/2020,0.57,kg
vegetable,cucumbers,cucumbers,4/3/2020,0.64,kg
vegetable,leeks,trimmed,4/3/2020,1.41,kg
vegetable,lettuce,butterhead_indoor,4/3/2020,0.35,head
vegetable,lettuce,little_gem,4/3/2020,0.57,twin
vegetable,onion,bulb_brown,4/3/2020,0.56,kg
vegetable,onion,bulb_red,4/3/2020,0.58,kg
vegetable,swede,swede,4/3/2020,0.26,kg
vegetable,parsnips,all_varieties,4/3/2020,0.82,kg
vegetable,rhubarb,forced,4/3/2020,3.47,kg
vegetable,rhubarb,outdoor,4/3/2020,1.99,kg
cut_flowers,tulips,tulips,4/3/2020,0.2,stem
fruit,apples,bramleys_seedling,3/27/2020,1.75,kg
fruit,apples,coxs_orange_group,3/27/2020,1.05,kg
fruit,apples,braeburn,3/27/2020,0.99,kg
fruit,apples,gala,3/27/2020,1.12,kg
fruit,pears,conference,3/27/2020,1.08,kg
fruit,strawberries,strawberries,3/27/2020,1,kg
vegetable,asparagus,asparagus,3/27/2020,15.18,kg
vegetable,beetroot,beetroot,3/27/2020,0.49,kg
vegetable,pak_choi,pak_choi,3/27/2020,2.14,kg
vegetable,curly_kale,curly_kale,3/27/2020,4.01,kg
vegetable,cabbage,red,3/27/2020,0.5,kg
vegetable,cabbage,savoy,3/27/2020,0.55,head
vegetable,spring_greens,prepacked,3/27/2020,1.68,kg
vegetable,cabbage,white,3/27/2020,0.52,kg
vegetable,cabbage,round_green_other,3/27/2020,0.52,head
vegetable,capsicum,green,3/27/2020,2.1,kg
vegetable,carrots,topped_washed,3/27/2020,0.63,kg
vegetable,cauliflower,all,3/27/2020,1.17,head
vegetable,celeriac,celeriac,3/27/2020,0.67,kg
vegetable,cucumbers,cucumbers,3/27/2020,0.72,kg
vegetable,leeks,trimmed,3/27/2020,1.48,kg
vegetable,lettuce,butterhead_indoor,3/27/2020,0.39,head
vegetable,lettuce,little_gem,3/27/2020,0.56,twin
vegetable,onion,bulb_brown,3/27/2020,0.55,kg
vegetable,onion,bulb_red,3/27/2020,0.57,kg
vegetable,swede,swede,3/27/2020,0.24,kg
vegetable,parsnips,all_varieties,3/27/2020,0.8,kg
vegetable,rhubarb,forced,3/27/2020,3.73,kg
vegetable,rhubarb,outdoor,3/27/2020,2.63,kg
vegetable,tomatoes,vine,3/27/2020,1.61,kg
cut_flowers,tulips,tulips,3/27/2020,0.21,stem
fruit,apples,bramleys_seedling,3/20/2020,1.55,kg
fruit,apples,coxs_orange_group,3/20/2020,0.93,kg
fruit,apples,egremont_russet,3/20/2020,1.5,kg
fruit,apples,braeburn,3/20/2020,0.89,kg
fruit,apples,gala,3/20/2020,0.96,kg
fruit,apples,other_late_season,3/20/2020,0.6,kg
fruit,pears,conference,3/20/2020,0.99,kg
fruit,strawberries,strawberries,3/20/2020,8,kg
vegetable,asparagus,asparagus,3/20/2020,16,kg
vegetable,beetroot,beetroot,3/20/2020,0.48,kg
vegetable,brussels_sprouts,brussels_sprouts,3/20/2020,0.83,kg
vegetable,pak_choi,pak_choi,3/20/2020,2.18,kg
vegetable,curly_kale,curly_kale,3/20/2020,3.64,kg
vegetable,cabbage,red,3/20/2020,0.42,kg
vegetable,cabbage,savoy,3/20/2020,0.56,head
vegetable,spring_greens,prepacked,3/20/2020,1.93,kg
vegetable,cabbage,white,3/20/2020,0.43,kg
vegetable,cabbage,round_green_other,3/20/2020,0.52,head
vegetable,capsicum,green,3/20/2020,2.12,kg
vegetable,carrots,topped_washed,3/20/2020,0.45,kg
vegetable,cauliflower,all,3/20/2020,0.96,head
vegetable,celeriac,celeriac,3/20/2020,0.7,kg
vegetable,cucumbers,cucumbers,3/20/2020,1.13,kg
vegetable,leeks,trimmed,3/20/2020,1.15,kg
vegetable,lettuce,butterhead_indoor,3/20/2020,0.39,head
vegetable,lettuce,little_gem,3/20/2020,0.66,twin
vegetable,onion,bulb_brown,3/20/2020,0.43,kg
vegetable,onion,bulb_red,3/20/2020,0.46,kg
vegetable,swede,swede,3/20/2020,0.22,kg
vegetable,parsnips,all_varieties,3/20/2020,0.68,kg
vegetable,rhubarb,forced,3/20/2020,3.67,kg
vegetable,rhubarb,outdoor,3/20/2020,2.72,kg
vegetable,tomatoes,vine,3/20/2020,1.8,kg
cut_flowers,tulips,tulips,3/20/2020,0.21,stem
fruit,apples,bramleys_seedling,3/13/2020,1.37,kg
fruit,apples,coxs_orange_group,3/13/2020,0.92,kg
fruit,apples,egremont_russet,3/13/2020,1.36,kg
fruit,apples,braeburn,3/13/2020,0.88,kg
fruit,apples,gala,3/13/2020,0.91,kg
fruit,apples,other_late_season,3/13/2020,0.6,kg
fruit,pears,conference,3/13/2020,1.01,kg
vegetable,beetroot,beetroot,3/13/2020,0.47,kg
vegetable,brussels_sprouts,brussels_sprouts,3/13/2020,0.95,kg
vegetable,pak_choi,pak_choi,3/13/2020,3.02,kg
vegetable,curly_kale,curly_kale,3/13/2020,3.56,kg
vegetable,cabbage,red,3/13/2020,0.4,kg
vegetable,cabbage,savoy,3/13/2020,0.54,head
vegetable,spring_greens,prepacked,3/13/2020,1.93,kg
vegetable,cabbage,white,3/13/2020,0.41,kg
vegetable,cabbage,round_green_other,3/13/2020,0.5,head
vegetable,carrots,topped_washed,3/13/2020,0.43,kg
vegetable,cauliflower,all,3/13/2020,0.88,head
vegetable,celeriac,celeriac,3/13/2020,0.7,kg
vegetable,cucumbers,cucumbers,3/13/2020,1.03,kg
vegetable,leeks,trimmed,3/13/2020,1.12,kg
vegetable,lettuce,butterhead_indoor,3/13/2020,0.43,head
vegetable,lettuce,little_gem,3/13/2020,0.67,twin
vegetable,onion,bulb_brown,3/13/2020,0.37,kg
vegetable,onion,bulb_red,3/13/2020,0.46,kg
vegetable,swede,swede,3/13/2020,0.22,kg
vegetable,parsnips,all_varieties,3/13/2020,0.72,kg
vegetable,rhubarb,forced,3/13/2020,3.47,kg
vegetable,rhubarb,outdoor,3/13/2020,2.46,kg
vegetable,tomatoes,vine,3/13/2020,2.83,kg
vegetable,tomatoes,cherry,3/13/2020,1.38,kg
cut_flowers,tulips,tulips,3/13/2020,0.2,stem
fruit,apples,bramleys_seedling,3/6/2020,1.31,kg
fruit,apples,coxs_orange_group,3/6/2020,0.97,kg
fruit,apples,egremont_russet,3/6/2020,1.23,kg
fruit,apples,braeburn,3/6/2020,0.86,kg
fruit,apples,gala,3/6/2020,0.88,kg
fruit,apples,other_late_season,3/6/2020,0.64,kg
fruit,pears,conference,3/6/2020,1.07,kg
fruit,pears,doyenne_du_comice,3/6/2020,0.95,kg
vegetable,beetroot,beetroot,3/6/2020,0.48,kg
vegetable,brussels_sprouts,brussels_sprouts,3/6/2020,0.87,kg
vegetable,pak_choi,pak_choi,3/6/2020,2.92,kg
vegetable,curly_kale,curly_kale,3/6/2020,3.75,kg
vegetable,cabbage,red,3/6/2020,0.38,kg
vegetable,cabbage,savoy,3/6/2020,0.53,head
vegetable,spring_greens,prepacked,3/6/2020,1.94,kg
vegetable,cabbage,white,3/6/2020,0.39,kg
vegetable,cabbage,round_green_other,3/6/2020,0.48,head
vegetable,carrots,topped_washed,3/6/2020,0.44,kg
vegetable,cauliflower,all,3/6/2020,0.77,head
vegetable,celeriac,celeriac,3/6/2020,0.69,kg
vegetable,cucumbers,cucumbers,3/6/2020,1.05,kg
vegetable,leeks,trimmed,3/6/2020,1.12,kg
vegetable,lettuce,butterhead_indoor,3/6/2020,0.46,head
vegetable,lettuce,little_gem,3/6/2020,0.67,twin
vegetable,onion,bulb_brown,3/6/2020,0.36,kg
vegetable,onion,bulb_red,3/6/2020,0.45,kg
vegetable,swede,swede,3/6/2020,0.22,kg
vegetable,parsnips,all_varieties,3/6/2020,0.71,kg
vegetable,rhubarb,forced,3/6/2020,3.58,kg
vegetable,rhubarb,outdoor,3/6/2020,2.3,kg
cut_flowers,tulips,tulips,3/6/2020,0.21,stem
fruit,apples,bramleys_seedling,2/28/2020,1.31,kg
fruit,apples,coxs_orange_group,2/28/2020,1.04,kg
fruit,apples,egremont_russet,2/28/2020,1.23,kg
fruit,apples,braeburn,2/28/2020,0.86,kg
fruit,apples,gala,2/28/2020,0.88,kg
fruit,apples,other_late_season,2/28/2020,0.6,kg
fruit,pears,conference,2/28/2020,0.98,kg
vegetable,beetroot,beetroot,2/28/2020,0.48,kg
vegetable,brussels_sprouts,brussels_sprouts,2/28/2020,0.91,kg
vegetable,pak_choi,pak_choi,2/28/2020,2.86,kg
vegetable,curly_kale,curly_kale,2/28/2020,3.7,kg
vegetable,cabbage,red,2/28/2020,0.43,kg
vegetable,cabbage,savoy,2/28/2020,0.57,head
vegetable,spring_greens,prepacked,2/28/2020,1.96,kg
vegetable,cabbage,white,2/28/2020,0.46,kg
vegetable,cabbage,round_green_other,2/28/2020,0.49,head
vegetable,carrots,topped_washed,2/28/2020,0.42,kg
vegetable,cauliflower,all,2/28/2020,0.69,head
vegetable,celeriac,celeriac,2/28/2020,0.69,kg
vegetable,cucumbers,cucumbers,2/28/2020,0.88,kg
vegetable,leeks,trimmed,2/28/2020,1.13,kg
vegetable,lettuce,butterhead_indoor,2/28/2020,0.46,head
vegetable,lettuce,little_gem,2/28/2020,0.68,twin
vegetable,onion,bulb_brown,2/28/2020,0.35,kg
vegetable,onion,bulb_red,2/28/2020,0.46,kg
vegetable,swede,swede,2/28/2020,0.22,kg
vegetable,parsnips,all_varieties,2/28/2020,0.86,kg
vegetable,rhubarb,forced,2/28/2020,4,kg
cut_flowers,tulips,tulips,2/28/2020,0.21,stem
fruit,apples,bramleys_seedling,2/21/2020,1.38,kg
fruit,apples,coxs_orange_group,2/21/2020,1.03,kg
fruit,apples,egremont_russet,2/21/2020,1.27,kg
fruit,apples,braeburn,2/21/2020,0.86,kg
fruit,apples,gala,2/21/2020,0.9,kg
fruit,apples,other_late_season,2/21/2020,0.9,kg
fruit,pears,conference,2/21/2020,0.96,kg
fruit,pears,doyenne_du_comice,2/21/2020,1.15,kg
vegetable,beetroot,beetroot,2/21/2020,0.47,kg
vegetable,brussels_sprouts,brussels_sprouts,2/21/2020,0.93,kg
vegetable,pak_choi,pak_choi,2/21/2020,2.88,kg
vegetable,curly_kale,curly_kale,2/21/2020,3.87,kg
vegetable,cabbage,red,2/21/2020,0.45,kg
vegetable,cabbage,savoy,2/21/2020,0.55,head
vegetable,spring_greens,prepacked,2/21/2020,1.99,kg
vegetable,cabbage,white,2/21/2020,0.47,kg
vegetable,cabbage,round_green_other,2/21/2020,0.49,head
vegetable,carrots,topped_washed,2/21/2020,0.4,kg
vegetable,cauliflower,all,2/21/2020,0.69,head
vegetable,celeriac,celeriac,2/21/2020,0.71,kg
vegetable,cucumbers,cucumbers,2/21/2020,0.92,kg
vegetable,leeks,trimmed,2/21/2020,1.09,kg
vegetable,lettuce,butterhead_indoor,2/21/2020,0.46,head
vegetable,lettuce,little_gem,2/21/2020,0.65,twin
vegetable,onion,bulb_brown,2/21/2020,0.36,kg
vegetable,onion,bulb_red,2/21/2020,0.46,kg
vegetable,swede,swede,2/21/2020,0.21,kg
vegetable,parsnips,all_varieties,2/21/2020,0.85,kg
vegetable,rhubarb,forced,2/21/2020,4.4,kg
cut_flowers,tulips,tulips,2/21/2020,0.21,stem
fruit,apples,bramleys_seedling,2/14/2020,1.14,kg
fruit,apples,coxs_orange_group,2/14/2020,1.01,kg
fruit,apples,egremont_russet,2/14/2020,1.24,kg
fruit,apples,braeburn,2/14/2020,0.9,kg
fruit,apples,gala,2/14/2020,0.9,kg
fruit,apples,other_late_season,2/14/2020,1.09,kg
fruit,pears,conference,2/14/2020,0.98,kg
fruit,pears,doyenne_du_comice,2/14/2020,1.11,kg
vegetable,beetroot,beetroot,2/14/2020,0.46,kg
vegetable,brussels_sprouts,brussels_sprouts,2/14/2020,0.91,kg
vegetable,pak_choi,pak_choi,2/14/2020,2.82,kg
vegetable,curly_kale,curly_kale,2/14/2020,3.38,kg
vegetable,cabbage,red,2/14/2020,0.44,kg
vegetable,cabbage,savoy,2/14/2020,0.55,head
vegetable,spring_greens,prepacked,2/14/2020,1.89,kg
vegetable,cabbage,white,2/14/2020,0.42,kg
vegetable,cabbage,round_green_other,2/14/2020,0.51,head
vegetable,carrots,topped_washed,2/14/2020,0.4,kg
vegetable,cauliflower,all,2/14/2020,0.72,head
vegetable,celeriac,celeriac,2/14/2020,0.69,kg
vegetable,leeks,trimmed,2/14/2020,1.05,kg
vegetable,lettuce,butterhead_indoor,2/14/2020,0.46,head
vegetable,lettuce,little_gem,2/14/2020,0.68,twin
vegetable,onion,bulb_brown,2/14/2020,0.35,kg
vegetable,onion,bulb_red,2/14/2020,0.45,kg
vegetable,swede,swede,2/14/2020,0.21,kg
vegetable,turnip,turnip,2/14/2020,0.84,kg
vegetable,parsnips,all_varieties,2/14/2020,0.88,kg
vegetable,rhubarb,forced,2/14/2020,4.26,kg
cut_flowers,tulips,tulips,2/14/2020,0.21,stem
fruit,apples,bramleys_seedling,2/7/2020,1.24,kg
fruit,apples,coxs_orange_group,2/7/2020,1.02,kg
fruit,apples,egremont_russet,2/7/2020,1.27,kg
fruit,apples,braeburn,2/7/2020,0.84,kg
fruit,apples,gala,2/7/2020,0.88,kg
fruit,apples,other_late_season,2/7/2020,0.94,kg
fruit,pears,conference,2/7/2020,0.77,kg
fruit,pears,doyenne_du_comice,2/7/2020,1.03,kg
vegetable,beetroot,beetroot,2/7/2020,0.47,kg
vegetable,brussels_sprouts,brussels_sprouts,2/7/2020,0.91,kg
vegetable,pak_choi,pak_choi,2/7/2020,2.97,kg
vegetable,curly_kale,curly_kale,2/7/2020,3.27,kg
vegetable,cabbage,red,2/7/2020,0.4,kg
vegetable,cabbage,savoy,2/7/2020,0.54,head
vegetable,spring_greens,prepacked,2/7/2020,2.02,kg
vegetable,cabbage,white,2/7/2020,0.43,kg
vegetable,cabbage,round_green_other,2/7/2020,0.52,head
vegetable,carrots,topped_washed,2/7/2020,0.39,kg
vegetable,cauliflower,all,2/7/2020,0.81,head
vegetable,celeriac,celeriac,2/7/2020,0.7,kg
vegetable,leeks,trimmed,2/7/2020,1.16,kg
vegetable,lettuce,butterhead_indoor,2/7/2020,0.45,head
vegetable,lettuce,little_gem,2/7/2020,0.68,twin
vegetable,onion,bulb_brown,2/7/2020,0.33,kg
vegetable,onion,bulb_red,2/7/2020,0.43,kg
vegetable,swede,swede,2/7/2020,0.21,kg
vegetable,turnip,turnip,2/7/2020,0.82,kg
vegetable,parsnips,all_varieties,2/7/2020,0.97,kg
vegetable,rhubarb,forced,2/7/2020,4,kg
cut_flowers,tulips,tulips,2/7/2020,0.22,stem
fruit,apples,bramleys_seedling,1/31/2020,1.33,kg
fruit,apples,coxs_orange_group,1/31/2020,1.05,kg
fruit,apples,egremont_russet,1/31/2020,1.31,kg
fruit,apples,braeburn,1/31/2020,0.88,kg
fruit,apples,gala,1/31/2020,0.9,kg
fruit,apples,other_late_season,1/31/2020,1.15,kg
fruit,pears,conference,1/31/2020,0.8,kg
fruit,pears,doyenne_du_comice,1/31/2020,1.1,kg
vegetable,beetroot,beetroot,1/31/2020,0.46,kg
vegetable,brussels_sprouts,brussels_sprouts,1/31/2020,0.93,kg
vegetable,pak_choi,pak_choi,1/31/2020,2.94,kg
vegetable,curly_kale,curly_kale,1/31/2020,3.22,kg
vegetable,cabbage,red,1/31/2020,0.42,kg
vegetable,cabbage,savoy,1/31/2020,0.54,head
vegetable,spring_greens,prepacked,1/31/2020,2.03,kg
vegetable,cabbage,white,1/31/2020,0.42,kg
vegetable,cabbage,round_green_other,1/31/2020,0.52,head
vegetable,carrots,topped_washed,1/31/2020,0.39,kg
vegetable,cauliflower,all,1/31/2020,0.87,head
vegetable,celeriac,celeriac,1/31/2020,0.79,kg
vegetable,leeks,trimmed,1/31/2020,1.18,kg
vegetable,lettuce,butterhead_indoor,1/31/2020,0.46,head
vegetable,lettuce,little_gem,1/31/2020,0.62,twin
vegetable,onion,bulb_brown,1/31/2020,0.33,kg
vegetable,onion,bulb_red,1/31/2020,0.43,kg
vegetable,swede,swede,1/31/2020,0.21,kg
vegetable,turnip,turnip,1/31/2020,1.05,kg
vegetable,parsnips,all_varieties,1/31/2020,1.01,kg
vegetable,rhubarb,forced,1/31/2020,4.2,kg
cut_flowers,tulips,tulips,1/31/2020,0.21,stem
fruit,apples,bramleys_seedling,1/24/2020,1.38,kg
fruit,apples,coxs_orange_group,1/24/2020,1.13,kg
fruit,apples,egremont_russet,1/24/2020,1.41,kg
fruit,apples,braeburn,1/24/2020,0.89,kg
fruit,apples,gala,1/24/2020,0.97,kg
fruit,apples,other_late_season,1/24/2020,0.97,kg
fruit,pears,conference,1/24/2020,0.68,kg
fruit,pears,doyenne_du_comice,1/24/2020,0.98,kg
vegetable,beetroot,beetroot,1/24/2020,0.47,kg
vegetable,brussels_sprouts,brussels_sprouts,1/24/2020,0.93,kg
vegetable,pak_choi,pak_choi,1/24/2020,2.9,kg
vegetable,curly_kale,curly_kale,1/24/2020,2.97,kg
vegetable,cabbage,red,1/24/2020,0.4,kg
vegetable,cabbage,savoy,1/24/2020,0.51,head
vegetable,spring_greens,prepacked,1/24/2020,2.11,kg
vegetable,cabbage,white,1/24/2020,0.42,kg
vegetable,cabbage,round_green_other,1/24/2020,0.53,head
vegetable,carrots,topped_washed,1/24/2020,0.38,kg
vegetable,cauliflower,all,1/24/2020,0.87,head
vegetable,celeriac,celeriac,1/24/2020,0.82,kg
vegetable,leeks,trimmed,1/24/2020,1.18,kg
vegetable,lettuce,butterhead_indoor,1/24/2020,0.44,head
vegetable,lettuce,little_gem,1/24/2020,0.73,twin
vegetable,onion,bulb_brown,1/24/2020,0.36,kg
vegetable,onion,bulb_red,1/24/2020,0.47,kg
vegetable,swede,swede,1/24/2020,0.21,kg
vegetable,turnip,turnip,1/24/2020,1.58,kg
vegetable,parsnips,all_varieties,1/24/2020,0.94,kg
vegetable,rhubarb,forced,1/24/2020,4.48,kg
cut_flowers,tulips,tulips,1/24/2020,0.21,stem
fruit,apples,bramleys_seedling,1/17/2020,1.23,kg
fruit,apples,coxs_orange_group,1/17/2020,1.11,kg
fruit,apples,egremont_russet,1/17/2020,1.34,kg
fruit,apples,braeburn,1/17/2020,0.89,kg
fruit,apples,gala,1/17/2020,0.95,kg
fruit,apples,other_late_season,1/17/2020,1.02,kg
fruit,pears,conference,1/17/2020,0.6,kg
fruit,pears,doyenne_du_comice,1/17/2020,0.81,kg
vegetable,beetroot,beetroot,1/17/2020,0.47,kg
vegetable,brussels_sprouts,brussels_sprouts,1/17/2020,0.98,kg
vegetable,pak_choi,pak_choi,1/17/2020,2.97,kg
vegetable,curly_kale,curly_kale,1/17/2020,2.9,kg
vegetable,cabbage,red,1/17/2020,0.43,kg
vegetable,cabbage,savoy,1/17/2020,0.53,head
vegetable,spring_greens,prepacked,1/17/2020,1.97,kg
vegetable,cabbage,white,1/17/2020,0.45,kg
vegetable,cabbage,round_green_other,1/17/2020,0.55,head
vegetable,carrots,topped_washed,1/17/2020,0.38,kg
vegetable,cauliflower,all,1/17/2020,0.94,head
vegetable,celeriac,celeriac,1/17/2020,0.84,kg
vegetable,leeks,trimmed,1/17/2020,1.2,kg
vegetable,lettuce,butterhead_indoor,1/17/2020,0.42,head
vegetable,lettuce,little_gem,1/17/2020,0.75,twin
vegetable,onion,bulb_brown,1/17/2020,0.39,kg
vegetable,onion,bulb_red,1/17/2020,0.5,kg
vegetable,swede,swede,1/17/2020,0.21,kg
vegetable,turnip,turnip,1/17/2020,1.58,kg
vegetable,parsnips,all_varieties,1/17/2020,0.99,kg
vegetable,rhubarb,forced,1/17/2020,4.91,kg
cut_flowers,tulips,tulips,1/17/2020,0.22,stem
fruit,apples,bramleys_seedling,1/10/2020,1.26,kg
fruit,apples,coxs_orange_group,1/10/2020,1.08,kg
fruit,apples,egremont_russet,1/10/2020,1.39,kg
fruit,apples,braeburn,1/10/2020,0.76,kg
fruit,apples,gala,1/10/2020,0.88,kg
fruit,apples,other_mid_season,1/10/2020,1.42,kg
fruit,apples,other_late_season,1/10/2020,0.94,kg
fruit,pears,conference,1/10/2020,0.63,kg
fruit,pears,doyenne_du_comice,1/10/2020,0.92,kg
vegetable,beetroot,beetroot,1/10/2020,0.45,kg
vegetable,brussels_sprouts,brussels_sprouts,1/10/2020,0.94,kg
vegetable,pak_choi,pak_choi,1/10/2020,3.01,kg
vegetable,curly_kale,curly_kale,1/10/2020,3.03,kg
vegetable,cabbage,red,1/10/2020,0.46,kg
vegetable,cabbage,savoy,1/10/2020,0.5,head
vegetable,spring_greens,prepacked,1/10/2020,1.9,kg
vegetable,cabbage,white,1/10/2020,0.46,kg
vegetable,cabbage,round_green_other,1/10/2020,0.51,head
vegetable,carrots,topped_washed,1/10/2020,0.35,kg
vegetable,cauliflower,all,1/10/2020,0.72,head
vegetable,celeriac,celeriac,1/10/2020,0.9,kg
vegetable,chinese_leaf,chinese_leaf,1/10/2020,0.92,kg
vegetable,leeks,trimmed,1/10/2020,1.19,kg
vegetable,lettuce,butterhead_indoor,1/10/2020,0.47,head
vegetable,lettuce,little_gem,1/10/2020,0.63,twin
vegetable,onion,bulb_brown,1/10/2020,0.39,kg
vegetable,onion,bulb_red,1/10/2020,0.5,kg
vegetable,swede,swede,1/10/2020,0.21,kg
vegetable,turnip,turnip,1/10/2020,1.07,kg
vegetable,parsnips,all_varieties,1/10/2020,1.02,kg
vegetable,rhubarb,forced,1/10/2020,5.17,kg
cut_flowers,tulips,tulips,1/10/2020,0.18,stem
fruit,apples,bramleys_seedling,12/20/2019,1.08,kg
fruit,apples,coxs_orange_group,12/20/2019,0.85,kg
fruit,apples,egremont_russet,12/20/2019,1.19,kg
fruit,apples,braeburn,12/20/2019,0.85,kg
fruit,apples,gala,12/20/2019,0.8,kg
fruit,apples,other_late_season,12/20/2019,0.79,kg
fruit,pears,conference,12/20/2019,0.76,kg
fruit,pears,doyenne_du_comice,12/20/2019,0.96,kg
fruit,strawberries,strawberries,12/20/2019,2.64,kg
vegetable,beetroot,beetroot,12/20/2019,0.5,kg
vegetable,brussels_sprouts,brussels_sprouts,12/20/2019,0.98,kg
vegetable,pak_choi,pak_choi,12/20/2019,2.79,kg
vegetable,curly_kale,curly_kale,12/20/2019,2.46,kg
vegetable,cabbage,red,12/20/2019,0.44,kg
vegetable,cabbage,savoy,12/20/2019,0.51,head
vegetable,spring_greens,prepacked,12/20/2019,1.18,kg
vegetable,cabbage,white,12/20/2019,0.46,kg
vegetable,cabbage,round_green_other,12/20/2019,0.5,head
vegetable,capsicum,yelloworange,12/20/2019,1,kg
vegetable,carrots,topped_washed,12/20/2019,0.39,kg
vegetable,cauliflower,all,12/20/2019,1.05,head
vegetable,celeriac,celeriac,12/20/2019,0.76,kg
vegetable,chinese_leaf,chinese_leaf,12/20/2019,0.91,kg
vegetable,leeks,trimmed,12/20/2019,1.18,kg
vegetable,lettuce,butterhead_indoor,12/20/2019,0.42,head
vegetable,lettuce,little_gem,12/20/2019,0.7,twin
vegetable,onion,bulb_brown,12/20/2019,0.32,kg
vegetable,onion,bulb_red,12/20/2019,0.44,kg
vegetable,swede,swede,12/20/2019,0.22,kg
vegetable,turnip,turnip,12/20/2019,1.42,kg
vegetable,parsnips,all_varieties,12/20/2019,0.87,kg
vegetable,rhubarb,forced,12/20/2019,4.52,kg
cut_flowers,tulips,tulips,12/20/2019,0.24,stem
fruit,apples,bramleys_seedling,12/13/2019,1.06,kg
fruit,apples,coxs_orange_group,12/13/2019,0.83,kg
fruit,apples,egremont_russet,12/13/2019,1.33,kg
fruit,apples,braeburn,12/13/2019,0.83,kg
fruit,apples,gala,12/13/2019,0.77,kg
fruit,apples,other_late_season,12/13/2019,0.75,kg
fruit,pears,conference,12/13/2019,0.69,kg
fruit,pears,doyenne_du_comice,12/13/2019,0.95,kg
fruit,strawberries,strawberries,12/13/2019,3.58,kg
vegetable,beetroot,beetroot,12/13/2019,0.47,kg
vegetable,brussels_sprouts,brussels_sprouts,12/13/2019,0.9,kg
vegetable,pak_choi,pak_choi,12/13/2019,3.02,kg
vegetable,curly_kale,curly_kale,12/13/2019,2.72,kg
vegetable,cabbage,red,12/13/2019,0.44,kg
vegetable,cabbage,savoy,12/13/2019,0.51,head
vegetable,spring_greens,prepacked,12/13/2019,1.14,kg
vegetable,cabbage,summer_autumn_pointed,12/13/2019,0.72,kg
vegetable,cabbage,white,12/13/2019,0.43,kg
vegetable,cabbage,round_green_other,12/13/2019,0.52,head
vegetable,capsicum,yelloworange,12/13/2019,1,kg
vegetable,carrots,topped_washed,12/13/2019,0.36,kg
vegetable,cauliflower,all,12/13/2019,1.01,head
vegetable,celeriac,celeriac,12/13/2019,0.76,kg
vegetable,chinese_leaf,chinese_leaf,12/13/2019,0.9,kg
vegetable,leeks,trimmed,12/13/2019,1.22,kg
vegetable,lettuce,butterhead_indoor,12/13/2019,0.43,head
vegetable,lettuce,little_gem,12/13/2019,0.7,twin
vegetable,onion,bulb_brown,12/13/2019,0.32,kg
vegetable,onion,bulb_red,12/13/2019,0.47,kg
vegetable,swede,swede,12/13/2019,0.21,kg
vegetable,turnip,turnip,12/13/2019,1.34,kg
vegetable,parsnips,all_varieties,12/13/2019,1,kg
vegetable,spinach_leaf,loose_bunches,12/13/2019,2.1,kg
cut_flowers,gladioli,all_varieties,12/13/2019,0.2,stem
fruit,apples,bramleys_seedling,12/6/2019,1.02,kg
fruit,apples,coxs_orange_group,12/6/2019,0.83,kg
fruit,apples,egremont_russet,12/6/2019,1.32,kg
fruit,apples,braeburn,12/6/2019,0.85,kg
fruit,apples,gala,12/6/2019,0.75,kg
fruit,apples,other_mid_season,12/6/2019,0.88,kg
fruit,apples,other_late_season,12/6/2019,0.9,kg
fruit,pears,conference,12/6/2019,0.69,kg
fruit,pears,doyenne_du_comice,12/6/2019,0.82,kg
fruit,strawberries,strawberries,12/6/2019,4.25,kg
vegetable,beetroot,beetroot,12/6/2019,0.49,kg
vegetable,brussels_sprouts,brussels_sprouts,12/6/2019,0.9,kg
vegetable,pak_choi,pak_choi,12/6/2019,2.37,kg
vegetable,curly_kale,curly_kale,12/6/2019,2.75,kg
vegetable,cabbage,red,12/6/2019,0.43,kg
vegetable,cabbage,savoy,12/6/2019,0.52,head
vegetable,spring_greens,prepacked,12/6/2019,1.09,kg
vegetable,cabbage,summer_autumn_pointed,12/6/2019,0.63,kg
vegetable,cabbage,white,12/6/2019,0.49,kg
vegetable,cabbage,round_green_other,12/6/2019,0.52,head
vegetable,capsicum,elongated,12/6/2019,0.9,kg
vegetable,carrots,topped_washed,12/6/2019,0.35,kg
vegetable,cauliflower,all,12/6/2019,0.94,head
vegetable,celery,all_washed,12/6/2019,0.79,kg
vegetable,celeriac,celeriac,12/6/2019,0.69,kg
vegetable,chinese_leaf,chinese_leaf,12/6/2019,0.89,kg
vegetable,coriander,coriander,12/6/2019,2.25,kg
vegetable,leeks,trimmed,12/6/2019,1.22,kg
vegetable,lettuce,butterhead_indoor,12/6/2019,0.43,head
vegetable,lettuce,little_gem,12/6/2019,0.7,twin
vegetable,onion,bulb_brown,12/6/2019,0.32,kg
vegetable,onion,bulb_red,12/6/2019,0.43,kg
vegetable,swede,swede,12/6/2019,0.22,kg
vegetable,turnip,turnip,12/6/2019,1.41,kg
vegetable,parsnips,all_varieties,12/6/2019,1.01,kg
vegetable,spinach_leaf,loose_bunches,12/6/2019,2.12,kg
vegetable,tomatoes,vine,12/6/2019,1.06,kg
vegetable,tomatoes,cherry,12/6/2019,0.99,kg
fruit,apples,bramleys_seedling,11/29/2019,0.98,kg
fruit,apples,coxs_orange_group,11/29/2019,0.84,kg
fruit,apples,egremont_russet,11/29/2019,1.3,kg
fruit,apples,braeburn,11/29/2019,0.88,kg
fruit,apples,gala,11/29/2019,0.76,kg
fruit,apples,other_mid_season,11/29/2019,0.68,kg
fruit,apples,other_late_season,11/29/2019,0.9,kg
fruit,pears,conference,11/29/2019,0.7,kg
fruit,pears,doyenne_du_comice,11/29/2019,0.87,kg
vegetable,beetroot,beetroot,11/29/2019,0.5,kg
vegetable,brussels_sprouts,brussels_sprouts,11/29/2019,0.86,kg
vegetable,pak_choi,pak_choi,11/29/2019,2.2,kg
vegetable,curly_kale,curly_kale,11/29/2019,2.79,kg
vegetable,cabbage,red,11/29/2019,0.44,kg
vegetable,cabbage,savoy,11/29/2019,0.53,head
vegetable,spring_greens,prepacked,11/29/2019,1.08,kg
vegetable,cabbage,summer_autumn_pointed,11/29/2019,0.6,kg
vegetable,cabbage,white,11/29/2019,0.49,kg
vegetable,cabbage,round_green_other,11/29/2019,0.52,head
vegetable,capsicum,green,11/29/2019,0.98,kg
vegetable,capsicum,elongated,11/29/2019,1.15,kg
vegetable,carrots,topped_washed,11/29/2019,0.36,kg
vegetable,cauliflower,all,11/29/2019,1.01,head
vegetable,celery,all_washed,11/29/2019,0.79,kg
vegetable,celeriac,celeriac,11/29/2019,0.7,kg
vegetable,chinese_leaf,chinese_leaf,11/29/2019,0.88,kg
vegetable,coriander,coriander,11/29/2019,2.25,kg
vegetable,courgettes,courgettes,11/29/2019,0.8,kg
vegetable,leeks,trimmed,11/29/2019,1.18,kg
vegetable,lettuce,butterhead_indoor,11/29/2019,0.43,head
vegetable,lettuce,little_gem,11/29/2019,0.69,twin
vegetable,onion,bulb_brown,11/29/2019,0.33,kg
vegetable,onion,bulb_red,11/29/2019,0.46,kg
vegetable,swede,swede,11/29/2019,0.23,kg
vegetable,turnip,turnip,11/29/2019,1.37,kg
vegetable,parsnips,all_varieties,11/29/2019,1.02,kg
vegetable,spinach_leaf,loose_bunches,11/29/2019,1.91,kg
vegetable,tomatoes,round,11/29/2019,1,kg
vegetable,tomatoes,cherry,11/29/2019,2.34,kg
fruit,apples,bramleys_seedling,11/22/2019,1.05,kg
fruit,apples,coxs_orange_group,11/22/2019,0.89,kg
fruit,apples,egremont_russet,11/22/2019,1.27,kg
fruit,apples,braeburn,11/22/2019,0.93,kg
fruit,apples,gala,11/22/2019,0.84,kg
fruit,apples,other_late_season,11/22/2019,0.93,kg
fruit,pears,conference,11/22/2019,0.84,kg
fruit,pears,doyenne_du_comice,11/22/2019,0.98,kg
fruit,pears,other,11/22/2019,0.84,kg
vegetable,beetroot,beetroot,11/22/2019,0.47,kg
vegetable,brussels_sprouts,brussels_sprouts,11/22/2019,0.86,kg
vegetable,pak_choi,pak_choi,11/22/2019,2.31,kg
vegetable,curly_kale,curly_kale,11/22/2019,2.52,kg
vegetable,cabbage,red,11/22/2019,0.43,kg
vegetable,cabbage,savoy,11/22/2019,0.53,head
vegetable,spring_greens,prepacked,11/22/2019,1.07,kg
vegetable,cabbage,summer_autumn_pointed,11/22/2019,0.6,kg
vegetable,cabbage,white,11/22/2019,0.5,kg
vegetable,cabbage,round_green_other,11/22/2019,0.52,head
vegetable,calabrese,calabrese,11/22/2019,1.33,kg
vegetable,capsicum,green,11/22/2019,0.6,kg
vegetable,capsicum,red,11/22/2019,0.6,kg
vegetable,capsicum,elongated,11/22/2019,0.83,kg
vegetable,capsicum,yelloworange,11/22/2019,0.4,kg
vegetable,carrots,topped_washed,11/22/2019,0.37,kg
vegetable,cauliflower,all,11/22/2019,1.18,head
vegetable,celery,all_washed,11/22/2019,0.81,kg
vegetable,celeriac,celeriac,11/22/2019,0.75,kg
vegetable,chinese_leaf,chinese_leaf,11/22/2019,0.87,kg
vegetable,coriander,coriander,11/22/2019,2.05,kg
vegetable,leeks,trimmed,11/22/2019,1.2,kg
vegetable,lettuce,butterhead_indoor,11/22/2019,0.41,head
vegetable,lettuce,little_gem,11/22/2019,0.69,twin
vegetable,onion,bulb_brown,11/22/2019,0.31,kg
vegetable,onion,bulb_red,11/22/2019,0.47,kg
vegetable,swede,swede,11/22/2019,0.23,kg
vegetable,turnip,turnip,11/22/2019,1.43,kg
vegetable,parsnips,all_varieties,11/22/2019,0.95,kg
vegetable,spinach_leaf,loose_bunches,11/22/2019,1.86,kg
vegetable,tomatoes,vine,11/22/2019,1.98,kg
fruit,apples,bramleys_seedling,11/15/2019,1.02,kg
fruit,apples,coxs_orange_group,11/15/2019,0.93,kg
fruit,apples,egremont_russet,11/15/2019,1.18,kg
fruit,apples,braeburn,11/15/2019,0.95,kg
fruit,apples,gala,11/15/2019,0.86,kg
fruit,apples,other_late_season,11/15/2019,0.9,kg
fruit,blueberries,blueberries,11/15/2019,5.6,kg
fruit,pears,conference,11/15/2019,0.85,kg
fruit,pears,doyenne_du_comice,11/15/2019,0.98,kg
fruit,pears,other,11/15/2019,0.84,kg
vegetable,beetroot,beetroot,11/15/2019,0.48,kg
vegetable,brussels_sprouts,brussels_sprouts,11/15/2019,0.85,kg
vegetable,pak_choi,pak_choi,11/15/2019,2.28,kg
vegetable,curly_kale,curly_kale,11/15/2019,2.51,kg
vegetable,cabbage,red,11/15/2019,0.44,kg
vegetable,cabbage,savoy,11/15/2019,0.53,head
vegetable,spring_greens,prepacked,11/15/2019,1.07,kg
vegetable,cabbage,summer_autumn_pointed,11/15/2019,0.6,kg
vegetable,cabbage,white,11/15/2019,0.5,kg
vegetable,cabbage,round_green_other,11/15/2019,0.5,head
vegetable,calabrese,calabrese,11/15/2019,1.38,kg
vegetable,capsicum,green,11/15/2019,0.62,kg
vegetable,capsicum,red,11/15/2019,0.62,kg
vegetable,capsicum,elongated,11/15/2019,1,kg
vegetable,capsicum,yelloworange,11/15/2019,0.44,kg
vegetable,carrots,topped_washed,11/15/2019,0.37,kg
vegetable,cauliflower,all,11/15/2019,0.9,head
vegetable,celery,all_washed,11/15/2019,0.76,kg
vegetable,celeriac,celeriac,11/15/2019,0.7,kg
vegetable,chinese_leaf,chinese_leaf,11/15/2019,0.86,kg
vegetable,coriander,coriander,11/15/2019,1.9,kg
vegetable,leeks,trimmed,11/15/2019,1.18,kg
vegetable,lettuce,butterhead_indoor,11/15/2019,0.4,head
vegetable,lettuce,cos,11/15/2019,0.31,head
vegetable,lettuce,little_gem,11/15/2019,0.68,twin
vegetable,onion,bulb_brown,11/15/2019,0.34,kg
vegetable,onion,bulb_red,11/15/2019,0.47,kg
vegetable,onion,saladspring,11/15/2019,0.2,kg
vegetable,swede,swede,11/15/2019,0.22,kg
vegetable,turnip,turnip,11/15/2019,1.45,kg
vegetable,parsnips,all_varieties,11/15/2019,0.95,kg
vegetable,spinach_leaf,loose_bunches,11/15/2019,2.04,kg
vegetable,tomatoes,round,11/15/2019,0.47,kg
vegetable,tomatoes,vine,11/15/2019,2.42,kg
fruit,apples,bramleys_seedling,11/8/2019,1.03,kg
fruit,apples,coxs_orange_group,11/8/2019,0.91,kg
fruit,apples,egremont_russet,11/8/2019,1.03,kg
fruit,apples,braeburn,11/8/2019,0.9,kg
fruit,apples,gala,11/8/2019,0.79,kg
fruit,apples,other_late_season,11/8/2019,0.84,kg
fruit,pears,conference,11/8/2019,0.83,kg
fruit,pears,doyenne_du_comice,11/8/2019,0.95,kg
fruit,pears,other,11/8/2019,0.84,kg
fruit,raspberries,raspberries,11/8/2019,8.32,kg
fruit,strawberries,strawberries,11/8/2019,4.4,kg
vegetable,beetroot,beetroot,11/8/2019,0.5,kg
vegetable,brussels_sprouts,brussels_sprouts,11/8/2019,0.85,kg
vegetable,pak_choi,pak_choi,11/8/2019,2.27,kg
vegetable,curly_kale,curly_kale,11/8/2019,2.52,kg
vegetable,cabbage,red,11/8/2019,0.43,kg
vegetable,cabbage,savoy,11/8/2019,0.53,head
vegetable,spring_greens,prepacked,11/8/2019,1.1,kg
vegetable,cabbage,summer_autumn_pointed,11/8/2019,0.62,kg
vegetable,cabbage,white,11/8/2019,0.52,kg
vegetable,cabbage,round_green_other,11/8/2019,0.5,head
vegetable,calabrese,calabrese,11/8/2019,1.36,kg
vegetable,capsicum,green,11/8/2019,0.6,kg
vegetable,capsicum,red,11/8/2019,0.6,kg
vegetable,capsicum,elongated,11/8/2019,1.2,kg
vegetable,capsicum,yelloworange,11/8/2019,0.4,kg
vegetable,carrots,topped_washed,11/8/2019,0.35,kg
vegetable,cauliflower,all,11/8/2019,0.73,head
vegetable,celery,all_washed,11/8/2019,0.76,kg
vegetable,celeriac,celeriac,11/8/2019,0.71,kg
vegetable,chinese_leaf,chinese_leaf,11/8/2019,0.89,kg
vegetable,coriander,coriander,11/8/2019,1.96,kg
vegetable,cucumbers,cucumbers,11/8/2019,0.83,kg
vegetable,leeks,trimmed,11/8/2019,1.17,kg
vegetable,lettuce,butterhead_indoor,11/8/2019,0.4,head
vegetable,lettuce,crisp_iceberg_type,11/8/2019,0.67,head
vegetable,lettuce,little_gem,11/8/2019,0.68,twin
vegetable,onion,bulb_brown,11/8/2019,0.31,kg
vegetable,onion,bulb_red,11/8/2019,0.48,kg
vegetable,onion,saladspring,11/8/2019,0.2,kg
vegetable,swede,swede,11/8/2019,0.22,kg
vegetable,turnip,turnip,11/8/2019,1.43,kg
vegetable,parsnips,all_varieties,11/8/2019,0.96,kg
vegetable,spinach_leaf,loose_bunches,11/8/2019,1.85,kg
vegetable,tomatoes,round,11/8/2019,0.64,kg
vegetable,tomatoes,vine,11/8/2019,1.93,kg
vegetable,tomatoes,plum,11/8/2019,0.78,kg
cut_flowers,gladioli,all_varieties,11/8/2019,0.1,stem
fruit,apples,bramleys_seedling,11/1/2019,0.99,kg
fruit,apples,coxs_orange_group,11/1/2019,0.87,kg
fruit,apples,egremont_russet,11/1/2019,1.07,kg
fruit,apples,braeburn,11/1/2019,0.93,kg
fruit,apples,gala,11/1/2019,0.83,kg
fruit,apples,other_late_season,11/1/2019,0.84,kg
fruit,blueberries,blueberries,11/1/2019,2,kg
fruit,pears,conference,11/1/2019,0.8,kg
fruit,pears,doyenne_du_comice,11/1/2019,0.83,kg
fruit,pears,other,11/1/2019,0.84,kg
fruit,raspberries,raspberries,11/1/2019,7.78,kg
fruit,strawberries,strawberries,11/1/2019,2.4,kg
vegetable,beans,broad,11/1/2019,1.12,kg
vegetable,beetroot,beetroot,11/1/2019,0.51,kg
vegetable,brussels_sprouts,brussels_sprouts,11/1/2019,0.83,kg
vegetable,pak_choi,pak_choi,11/1/2019,2.24,kg
vegetable,curly_kale,curly_kale,11/1/2019,2.62,kg
vegetable,cabbage,red,11/1/2019,0.48,kg
vegetable,cabbage,savoy,11/1/2019,0.54,head
vegetable,spring_greens,prepacked,11/1/2019,1.07,kg
vegetable,cabbage,summer_autumn_pointed,11/1/2019,0.59,kg
vegetable,cabbage,white,11/1/2019,0.5,kg
vegetable,cabbage,round_green_other,11/1/2019,0.5,head
vegetable,calabrese,calabrese,11/1/2019,1.5,kg
vegetable,capsicum,green,11/1/2019,0.64,kg
vegetable,capsicum,red,11/1/2019,0.55,kg
vegetable,capsicum,elongated,11/1/2019,1.2,kg
vegetable,capsicum,yelloworange,11/1/2019,0.47,kg
vegetable,carrots,topped_washed,11/1/2019,0.36,kg
vegetable,cauliflower,all,11/1/2019,0.69,head
vegetable,celery,all_washed,11/1/2019,0.74,kg
vegetable,celeriac,celeriac,11/1/2019,0.72,kg
vegetable,chinese_leaf,chinese_leaf,11/1/2019,0.88,kg
vegetable,coriander,coriander,11/1/2019,1.75,kg
vegetable,cucumbers,cucumbers,11/1/2019,0.74,kg
vegetable,leeks,trimmed,11/1/2019,1.18,kg
vegetable,lettuce,butterhead_indoor,11/1/2019,0.39,head
vegetable,lettuce,cos,11/1/2019,0.46,head
vegetable,lettuce,crisp_iceberg_type,11/1/2019,0.9,head
vegetable,lettuce,little_gem,11/1/2019,0.59,twin
vegetable,rocket,rocket,11/1/2019,4.8,kg
vegetable,onion,bulb_brown,11/1/2019,0.32,kg
vegetable,onion,bulb_red,11/1/2019,0.49,kg
vegetable,onion,saladspring,11/1/2019,0.25,kg
vegetable,swede,swede,11/1/2019,0.22,kg
vegetable,turnip,turnip,11/1/2019,1.4,kg
vegetable,parsnips,all_varieties,11/1/2019,0.98,kg
vegetable,spinach_leaf,loose_bunches,11/1/2019,1.89,kg
vegetable,sweetcorn,sweetcorn,11/1/2019,0.13,head
vegetable,tomatoes,round,11/1/2019,0.67,kg
vegetable,tomatoes,vine,11/1/2019,2.14,kg
cut_flowers,gladioli,all_varieties,11/1/2019,0.1,stem
fruit,apples,bramleys_seedling,10/25/2019,0.82,kg
fruit,apples,coxs_orange_group,10/25/2019,0.87,kg
fruit,apples,egremont_russet,10/25/2019,0.93,kg
fruit,apples,braeburn,10/25/2019,0.96,kg
fruit,apples,gala,10/25/2019,0.77,kg
fruit,apples,other_mid_season,10/25/2019,0.84,kg
fruit,apples,other_late_season,10/25/2019,0.83,kg
fruit,blueberries,blueberries,10/25/2019,11.18,kg
fruit,pears,conference,10/25/2019,0.72,kg
fruit,pears,doyenne_du_comice,10/25/2019,0.91,kg
fruit,raspberries,raspberries,10/25/2019,8.81,kg
fruit,strawberries,strawberries,10/25/2019,2.82,kg
vegetable,beans,broad,10/25/2019,1.15,kg
vegetable,beans,dwarf_french_or_kidney,10/25/2019,4.54,kg
vegetable,beetroot,beetroot,10/25/2019,0.51,kg
vegetable,brussels_sprouts,brussels_sprouts,10/25/2019,0.81,kg
vegetable,pak_choi,pak_choi,10/25/2019,2.2,kg
vegetable,curly_kale,curly_kale,10/25/2019,2.8,kg
vegetable,cabbage,red,10/25/2019,0.48,kg
vegetable,cabbage,savoy,10/25/2019,0.53,head
vegetable,spring_greens,prepacked,10/25/2019,1.05,kg
vegetable,cabbage,summer_autumn_pointed,10/25/2019,0.63,kg
vegetable,cabbage,white,10/25/2019,0.52,kg
vegetable,cabbage,round_green_other,10/25/2019,0.52,head
vegetable,calabrese,calabrese,10/25/2019,1.14,kg
vegetable,capsicum,green,10/25/2019,0.78,kg
vegetable,capsicum,yelloworange,10/25/2019,0.78,kg
vegetable,carrots,topped_washed,10/25/2019,0.36,kg
vegetable,cauliflower,all,10/25/2019,0.64,head
vegetable,celery,all_washed,10/25/2019,0.7,kg
vegetable,celeriac,celeriac,10/25/2019,0.73,kg
vegetable,chinese_leaf,chinese_leaf,10/25/2019,0.95,kg
vegetable,coriander,coriander,10/25/2019,1.64,kg
vegetable,courgettes,courgettes,10/25/2019,1.04,kg
vegetable,cucumbers,cucumbers,10/25/2019,0.85,kg
vegetable,leeks,trimmed,10/25/2019,1.17,kg
vegetable,lettuce,butterhead_indoor,10/25/2019,0.39,head
vegetable,lettuce,cos,10/25/2019,0.55,head
vegetable,lettuce,crisp_iceberg_type,10/25/2019,0.55,head
vegetable,lettuce,little_gem,10/25/2019,0.62,twin
vegetable,rocket,rocket,10/25/2019,5,kg
vegetable,onion,bulb_brown,10/25/2019,0.37,kg
vegetable,onion,bulb_red,10/25/2019,0.51,kg
vegetable,onion,saladspring,10/25/2019,0.3,kg
vegetable,swede,swede,10/25/2019,0.23,kg
vegetable,turnip,turnip,10/25/2019,1.35,kg
vegetable,parsnips,all_varieties,10/25/2019,0.99,kg
vegetable,rhubarb,outdoor,10/25/2019,1.19,kg
vegetable,spinach_leaf,loose_bunches,10/25/2019,1.71,kg
vegetable,sweetcorn,sweetcorn,10/25/2019,0.18,head
vegetable,tomatoes,round,10/25/2019,0.89,kg
vegetable,tomatoes,vine,10/25/2019,2.22,kg
cut_flowers,gladioli,all_varieties,10/25/2019,0.1,stem
fruit,apples,bramleys_seedling,10/18/2019,0.84,kg
fruit,apples,coxs_orange_group,10/18/2019,0.83,kg
fruit,apples,egremont_russet,10/18/2019,0.94,kg
fruit,apples,braeburn,10/18/2019,0.82,kg
fruit,apples,gala,10/18/2019,0.72,kg
fruit,apples,other_early_season,10/18/2019,0.76,kg
fruit,apples,other_mid_season,10/18/2019,0.85,kg
fruit,apples,other_late_season,10/18/2019,0.8,kg
fruit,blueberries,blueberries,10/18/2019,10,kg
fruit,pears,conference,10/18/2019,0.71,kg
fruit,pears,doyenne_du_comice,10/18/2019,0.81,kg
fruit,raspberries,raspberries,10/18/2019,9.44,kg
fruit,strawberries,strawberries,10/18/2019,2.63,kg
vegetable,beans,broad,10/18/2019,1.27,kg
vegetable,beans,dwarf_french_or_kidney,10/18/2019,2.05,kg
vegetable,beetroot,beetroot,10/18/2019,0.51,kg
vegetable,brussels_sprouts,brussels_sprouts,10/18/2019,0.81,kg
vegetable,pak_choi,pak_choi,10/18/2019,2.2,kg
vegetable,curly_kale,curly_kale,10/18/2019,2.81,kg
vegetable,cabbage,red,10/18/2019,0.46,kg
vegetable,cabbage,savoy,10/18/2019,0.53,head
vegetable,spring_greens,prepacked,10/18/2019,1.06,kg
vegetable,cabbage,summer_autumn_pointed,10/18/2019,0.6,kg
vegetable,cabbage,white,10/18/2019,0.55,kg
vegetable,cabbage,round_green_other,10/18/2019,0.52,head
vegetable,calabrese,calabrese,10/18/2019,1.07,kg
vegetable,capsicum,green,10/18/2019,0.62,kg
vegetable,capsicum,red,10/18/2019,0.57,kg
vegetable,capsicum,yelloworange,10/18/2019,0.65,kg
vegetable,carrots,topped_washed,10/18/2019,0.36,kg
vegetable,cauliflower,all,10/18/2019,0.46,head
vegetable,celery,all_washed,10/18/2019,0.71,kg
vegetable,celeriac,celeriac,10/18/2019,0.71,kg
vegetable,chinese_leaf,chinese_leaf,10/18/2019,0.95,kg
vegetable,coriander,coriander,10/18/2019,1.57,kg
vegetable,courgettes,courgettes,10/18/2019,0.98,kg
vegetable,cucumbers,cucumbers,10/18/2019,0.87,kg
vegetable,leeks,trimmed,10/18/2019,1.21,kg
vegetable,lettuce,butterhead_indoor,10/18/2019,0.39,head
vegetable,lettuce,cos,10/18/2019,0.52,head
vegetable,lettuce,crisp_iceberg_type,10/18/2019,0.57,head
vegetable,lettuce,little_gem,10/18/2019,0.6,twin
vegetable,onion,bulb_brown,10/18/2019,0.35,kg
vegetable,onion,bulb_red,10/18/2019,0.48,kg
vegetable,onion,saladspring,10/18/2019,0.27,kg
vegetable,swede,swede,10/18/2019,0.22,kg
vegetable,turnip,turnip,10/18/2019,1.32,kg
vegetable,parsnips,all_varieties,10/18/2019,1.02,kg
vegetable,peas,shelling_all_varieties,10/18/2019,1.55,kg
vegetable,rhubarb,outdoor,10/18/2019,1.25,kg
vegetable,spinach_leaf,loose_bunches,10/18/2019,1.42,kg
vegetable,sweetcorn,sweetcorn,10/18/2019,0.18,head
vegetable,tomatoes,round,10/18/2019,0.59,kg
vegetable,tomatoes,vine,10/18/2019,2.09,kg
vegetable,tomatoes,cherry,10/18/2019,2.61,kg
cut_flowers,gladioli,all_varieties,10/18/2019,0.23,stem
fruit,apples,bramleys_seedling,10/11/2019,0.81,kg
fruit,apples,coxs_orange_group,10/11/2019,0.82,kg
fruit,apples,egremont_russet,10/11/2019,0.95,kg
fruit,apples,gala,10/11/2019,0.73,kg
fruit,apples,other_early_season,10/11/2019,0.77,kg
fruit,apples,other_mid_season,10/11/2019,0.59,kg
fruit,apples,other_late_season,10/11/2019,0.8,kg
fruit,blackberries,blackberries,10/11/2019,6.4,kg
fruit,blueberries,blueberries,10/11/2019,7.59,kg
fruit,pears,conference,10/11/2019,0.69,kg
fruit,pears,doyenne_du_comice,10/11/2019,0.93,kg
fruit,raspberries,raspberries,10/11/2019,8.7,kg
fruit,strawberries,strawberries,10/11/2019,2.92,kg
vegetable,beans,broad,10/11/2019,1.26,kg
vegetable,beans,dwarf_french_or_kidney,10/11/2019,1.9,kg
vegetable,beans,runner_climbing,10/11/2019,1.08,kg
vegetable,beetroot,beetroot,10/11/2019,0.5,kg
vegetable,brussels_sprouts,brussels_sprouts,10/11/2019,0.83,kg
vegetable,pak_choi,pak_choi,10/11/2019,2.3,kg
vegetable,curly_kale,curly_kale,10/11/2019,2.81,kg
vegetable,cabbage,red,10/11/2019,0.46,kg
vegetable,cabbage,savoy,10/11/2019,0.56,head
vegetable,spring_greens,prepacked,10/11/2019,1.07,kg
vegetable,cabbage,summer_autumn_pointed,10/11/2019,0.61,kg
vegetable,cabbage,white,10/11/2019,0.52,kg
vegetable,cabbage,round_green_other,10/11/2019,0.5,head
vegetable,calabrese,calabrese,10/11/2019,1.08,kg
vegetable,capsicum,green,10/11/2019,0.95,kg
vegetable,capsicum,red,10/11/2019,0.91,kg
vegetable,capsicum,yelloworange,10/11/2019,0.87,kg
vegetable,carrots,topped_washed,10/11/2019,0.36,kg
vegetable,cauliflower,all,10/11/2019,0.51,head
vegetable,celery,all_washed,10/11/2019,0.72,kg
vegetable,celeriac,celeriac,10/11/2019,0.73,kg
vegetable,chinese_leaf,chinese_leaf,10/11/2019,0.95,kg
vegetable,coriander,coriander,10/11/2019,1.56,kg
vegetable,courgettes,courgettes,10/11/2019,1.02,kg
vegetable,cucumbers,cucumbers,10/11/2019,0.84,kg
vegetable,leeks,trimmed,10/11/2019,1.21,kg
vegetable,lettuce,butterhead_indoor,10/11/2019,0.39,head
vegetable,lettuce,cos,10/11/2019,0.53,head
vegetable,lettuce,crisp_iceberg_type,10/11/2019,0.55,head
vegetable,lettuce,little_gem,10/11/2019,0.59,twin
vegetable,rocket,rocket,10/11/2019,4.96,kg
vegetable,mixed_babyleaf_salad,pillow_pack,10/11/2019,4.96,kg
vegetable,onion,bulb_brown,10/11/2019,0.34,kg
vegetable,onion,bulb_red,10/11/2019,0.47,kg
vegetable,onion,saladspring,10/11/2019,0.26,kg
vegetable,swede,swede,10/11/2019,0.23,kg
vegetable,turnip,turnip,10/11/2019,1.37,kg
vegetable,parsnips,all_varieties,10/11/2019,1.01,kg
vegetable,peas,shelling_all_varieties,10/11/2019,1.3,kg
vegetable,rhubarb,outdoor,10/11/2019,1.25,kg
vegetable,spinach_leaf,loose_bunches,10/11/2019,1.7,kg
vegetable,sweetcorn,sweetcorn,10/11/2019,0.2,head
vegetable,tomatoes,round,10/11/2019,0.92,kg
vegetable,tomatoes,vine,10/11/2019,2.58,kg
cut_flowers,gladioli,all_varieties,10/11/2019,0.23,stem
fruit,apples,bramleys_seedling,10/4/2019,0.84,kg
fruit,apples,coxs_orange_group,10/4/2019,0.92,kg
fruit,apples,egremont_russet,10/4/2019,1,kg
fruit,apples,gala,10/4/2019,0.87,kg
fruit,apples,other_early_season,10/4/2019,0.75,kg
fruit,apples,other_mid_season,10/4/2019,0.85,kg
fruit,apples,other_late_season,10/4/2019,0.77,kg
fruit,blackberries,blackberries,10/4/2019,7.7,kg
fruit,blueberries,blueberries,10/4/2019,5.31,kg
fruit,pears,conference,10/4/2019,0.91,kg
fruit,pears,doyenne_du_comice,10/4/2019,0.99,kg
fruit,raspberries,raspberries,10/4/2019,8.71,kg
fruit,strawberries,strawberries,10/4/2019,2.75,kg
vegetable,beans,broad,10/4/2019,1.43,kg
vegetable,beans,dwarf_french_or_kidney,10/4/2019,1.96,kg
vegetable,beans,runner_climbing,10/4/2019,1.4,kg
vegetable,beetroot,beetroot,10/4/2019,0.51,kg
vegetable,brussels_sprouts,brussels_sprouts,10/4/2019,0.84,kg
vegetable,pak_choi,pak_choi,10/4/2019,2.41,kg
vegetable,curly_kale,curly_kale,10/4/2019,2.93,kg
vegetable,cabbage,red,10/4/2019,0.51,kg
vegetable,cabbage,savoy,10/4/2019,0.53,head
vegetable,spring_greens,prepacked,10/4/2019,1.09,kg
vegetable,cabbage,summer_autumn_pointed,10/4/2019,0.61,kg
vegetable,cabbage,white,10/4/2019,0.6,kg
vegetable,cabbage,round_green_other,10/4/2019,0.5,head
vegetable,calabrese,calabrese,10/4/2019,1.1,kg
vegetable,capsicum,green,10/4/2019,0.68,kg
vegetable,capsicum,red,10/4/2019,0.72,kg
vegetable,capsicum,yelloworange,10/4/2019,0.68,kg
vegetable,carrots,topped_washed,10/4/2019,0.4,kg
vegetable,cauliflower,all,10/4/2019,0.56,head
vegetable,celery,all_washed,10/4/2019,0.73,kg
vegetable,celeriac,celeriac,10/4/2019,0.72,kg
vegetable,chinese_leaf,chinese_leaf,10/4/2019,1,kg
vegetable,coriander,coriander,10/4/2019,1.4,kg
vegetable,courgettes,courgettes,10/4/2019,1.21,kg
vegetable,cucumbers,cucumbers,10/4/2019,0.95,kg
vegetable,leeks,trimmed,10/4/2019,1.21,kg
vegetable,lettuce,butterhead_indoor,10/4/2019,0.43,head
vegetable,lettuce,cos,10/4/2019,0.52,head
vegetable,lettuce,crisp_iceberg_type,10/4/2019,0.56,head
vegetable,lettuce,little_gem,10/4/2019,0.62,twin
vegetable,rocket,rocket,10/4/2019,4.93,kg
vegetable,mixed_babyleaf_salad,pillow_pack,10/4/2019,4.87,kg
vegetable,onion,bulb_brown,10/4/2019,0.35,kg
vegetable,onion,bulb_red,10/4/2019,0.46,kg
vegetable,onion,saladspring,10/4/2019,0.25,kg
vegetable,swede,swede,10/4/2019,0.23,kg
vegetable,turnip,turnip,10/4/2019,1.26,kg
vegetable,parsnips,all_varieties,10/4/2019,1.03,kg
vegetable,peas,shelling_all_varieties,10/4/2019,1.41,kg
vegetable,rhubarb,outdoor,10/4/2019,1.37,kg
vegetable,spinach_leaf,loose_bunches,10/4/2019,1.7,kg
vegetable,sweetcorn,sweetcorn,10/4/2019,0.21,head
vegetable,tomatoes,round,10/4/2019,0.98,kg
vegetable,tomatoes,vine,10/4/2019,1.82,kg
cut_flowers,gladioli,all_varieties,10/4/2019,0.23,stem
fruit,apples,bramleys_seedling,9/27/2019,0.84,kg
fruit,apples,coxs_orange_group,9/27/2019,1.04,kg
fruit,apples,egremont_russet,9/27/2019,0.97,kg
fruit,apples,gala,9/27/2019,1.1,kg
fruit,apples,other_early_season,9/27/2019,0.74,kg
fruit,apples,other_mid_season,9/27/2019,0.88,kg
fruit,apples,other_late_season,9/27/2019,0.77,kg
fruit,blackberries,blackberries,9/27/2019,5.48,kg
fruit,currants,black,9/27/2019,2.4,kg
fruit,blueberries,blueberries,9/27/2019,5.78,kg
fruit,pears,conference,9/27/2019,0.93,kg
fruit,pears,doyenne_du_comice,9/27/2019,0.82,kg
fruit,plums,all_other,9/27/2019,0.99,kg
fruit,raspberries,raspberries,9/27/2019,7.34,kg
fruit,strawberries,strawberries,9/27/2019,2.92,kg
vegetable,beans,broad,9/27/2019,1.48,kg
vegetable,beans,dwarf_french_or_kidney,9/27/2019,1.92,kg
vegetable,beans,runner_climbing,9/27/2019,1.4,kg
vegetable,beetroot,beetroot,9/27/2019,0.51,kg
vegetable,brussels_sprouts,brussels_sprouts,9/27/2019,0.85,kg
vegetable,pak_choi,pak_choi,9/27/2019,2.37,kg
vegetable,curly_kale,curly_kale,9/27/2019,2.96,kg
vegetable,cabbage,red,9/27/2019,0.52,kg
vegetable,cabbage,savoy,9/27/2019,0.53,head
vegetable,spring_greens,prepacked,9/27/2019,1.08,kg
vegetable,cabbage,summer_autumn_pointed,9/27/2019,0.58,kg
vegetable,cabbage,white,9/27/2019,0.59,kg
vegetable,cabbage,round_green_other,9/27/2019,0.49,head
vegetable,calabrese,calabrese,9/27/2019,1.16,kg
vegetable,capsicum,green,9/27/2019,0.65,kg
vegetable,capsicum,red,9/27/2019,0.72,kg
vegetable,capsicum,yelloworange,9/27/2019,0.66,kg
vegetable,carrots,topped_washed,9/27/2019,0.39,kg
vegetable,cauliflower,all,9/27/2019,0.64,head
vegetable,celery,all_washed,9/27/2019,0.71,kg
vegetable,celeriac,celeriac,9/27/2019,0.7,kg
vegetable,chinese_leaf,chinese_leaf,9/27/2019,0.97,kg
vegetable,coriander,coriander,9/27/2019,1.5,kg
vegetable,courgettes,courgettes,9/27/2019,1.34,kg
vegetable,cucumbers,cucumbers,9/27/2019,0.94,kg
vegetable,leeks,trimmed,9/27/2019,1.23,kg
vegetable,lettuce,butterhead_indoor,9/27/2019,0.42,head
vegetable,lettuce,cos,9/27/2019,0.49,head
vegetable,lettuce,crisp_iceberg_type,9/27/2019,0.55,head
vegetable,lettuce,little_gem,9/27/2019,0.63,twin
vegetable,rocket,rocket,9/27/2019,3.76,kg
vegetable,mixed_babyleaf_salad,pillow_pack,9/27/2019,4.87,kg
vegetable,onion,bulb_brown,9/27/2019,0.34,kg
vegetable,onion,bulb_red,9/27/2019,0.46,kg
vegetable,onion,saladspring,9/27/2019,0.26,kg
vegetable,swede,swede,9/27/2019,0.23,kg
vegetable,turnip,turnip,9/27/2019,1.42,kg
vegetable,parsnips,all_varieties,9/27/2019,1.02,kg
vegetable,peas,shelling_all_varieties,9/27/2019,1.79,kg
vegetable,rhubarb,outdoor,9/27/2019,1.26,kg
vegetable,spinach_leaf,loose_bunches,9/27/2019,1.73,kg
vegetable,sweetcorn,sweetcorn,9/27/2019,0.2,head
vegetable,tomatoes,round,9/27/2019,1.3,kg
vegetable,tomatoes,vine,9/27/2019,1.76,kg
cut_flowers,gladioli,all_varieties,9/27/2019,0.19,stem
fruit,apples,bramleys_seedling,9/20/2019,0.96,kg
fruit,apples,coxs_orange_group,9/20/2019,1,kg
fruit,apples,egremont_russet,9/20/2019,1.12,kg
fruit,apples,gala,9/20/2019,0.99,kg
fruit,apples,other_early_season,9/20/2019,0.7,kg
fruit,apples,other_mid_season,9/20/2019,0.72,kg
fruit,blackberries,blackberries,9/20/2019,7.2,kg
fruit,currants,black,9/20/2019,4.8,kg
fruit,blueberries,blueberries,9/20/2019,5.74,kg
fruit,pears,conference,9/20/2019,0.92,kg
fruit,pears,other,9/20/2019,0.75,kg
fruit,plums,victoria,9/20/2019,2.14,kg
fruit,plums,all_other,9/20/2019,0.88,kg
fruit,raspberries,raspberries,9/20/2019,8.15,kg
fruit,strawberries,strawberries,9/20/2019,3.71,kg
vegetable,beans,broad,9/20/2019,1.3,kg
vegetable,beans,dwarf_french_or_kidney,9/20/2019,1.95,kg
vegetable,beans,runner_climbing,9/20/2019,1.4,kg
vegetable,beetroot,beetroot,9/20/2019,0.5,kg
vegetable,brussels_sprouts,brussels_sprouts,9/20/2019,0.95,kg
vegetable,pak_choi,pak_choi,9/20/2019,2.62,kg
vegetable,curly_kale,curly_kale,9/20/2019,2.72,kg
vegetable,cabbage,red,9/20/2019,0.55,kg
vegetable,cabbage,savoy,9/20/2019,0.56,head
vegetable,spring_greens,prepacked,9/20/2019,0.93,kg
vegetable,cabbage,summer_autumn_pointed,9/20/2019,0.59,kg
vegetable,cabbage,white,9/20/2019,0.6,kg
vegetable,cabbage,round_green_other,9/20/2019,0.5,head
vegetable,calabrese,calabrese,9/20/2019,1.05,kg
vegetable,capsicum,green,9/20/2019,0.83,kg
vegetable,capsicum,red,9/20/2019,0.81,kg
vegetable,capsicum,elongated,9/20/2019,1.33,kg
vegetable,capsicum,yelloworange,9/20/2019,0.78,kg
vegetable,carrots,topped_washed,9/20/2019,0.38,kg
vegetable,cauliflower,all,9/20/2019,0.95,head
vegetable,celery,all_washed,9/20/2019,0.72,kg
vegetable,celeriac,celeriac,9/20/2019,0.74,kg
vegetable,chinese_leaf,chinese_leaf,9/20/2019,0.97,kg
vegetable,coriander,coriander,9/20/2019,1.54,kg
vegetable,courgettes,courgettes,9/20/2019,1.15,kg
vegetable,cucumbers,cucumbers,9/20/2019,0.97,kg
vegetable,leeks,trimmed,9/20/2019,1.19,kg
vegetable,lettuce,butterhead_indoor,9/20/2019,0.43,head
vegetable,lettuce,cos,9/20/2019,0.55,head
vegetable,lettuce,crisp_iceberg_type,9/20/2019,0.55,head
vegetable,lettuce,little_gem,9/20/2019,0.62,twin
vegetable,rocket,rocket,9/20/2019,4.95,kg
vegetable,mixed_babyleaf_salad,pillow_pack,9/20/2019,4.91,kg
vegetable,onion,bulb_brown,9/20/2019,0.38,kg
vegetable,onion,bulb_red,9/20/2019,0.44,kg
vegetable,onion,saladspring,9/20/2019,0.27,kg
vegetable,swede,swede,9/20/2019,0.24,kg
vegetable,turnip,turnip,9/20/2019,1.44,kg
vegetable,parsnips,all_varieties,9/20/2019,1.04,kg
vegetable,peas,shelling_all_varieties,9/20/2019,1.67,kg
vegetable,rhubarb,outdoor,9/20/2019,1.78,kg
vegetable,spinach_leaf,loose_bunches,9/20/2019,1.68,kg
vegetable,sweetcorn,sweetcorn,9/20/2019,0.22,head
vegetable,tomatoes,round,9/20/2019,1.54,kg
vegetable,tomatoes,vine,9/20/2019,2.44,kg
cut_flowers,gladioli,all_varieties,9/20/2019,0.22,stem
fruit,apples,bramleys_seedling,9/13/2019,0.93,kg
fruit,apples,coxs_orange_group,9/13/2019,1.15,kg
fruit,apples,egremont_russet,9/13/2019,1.19,kg
fruit,apples,other_early_season,9/13/2019,0.75,kg
fruit,blackberries,blackberries,9/13/2019,4.6,kg
fruit,currants,black,9/13/2019,3.46,kg
fruit,blueberries,blueberries,9/13/2019,5.7,kg
fruit,pears,conference,9/13/2019,0.99,kg
fruit,pears,other,9/13/2019,0.83,kg
fruit,plums,victoria,9/13/2019,2.13,kg
fruit,plums,all_other,9/13/2019,1.21,kg
fruit,raspberries,raspberries,9/13/2019,7.22,kg
fruit,strawberries,strawberries,9/13/2019,3.14,kg
vegetable,beans,broad,9/13/2019,1.49,kg
vegetable,beans,dwarf_french_or_kidney,9/13/2019,1.96,kg
vegetable,beans,runner_climbing,9/13/2019,1.34,kg
vegetable,beetroot,beetroot,9/13/2019,0.49,kg
vegetable,brussels_sprouts,brussels_sprouts,9/13/2019,0.98,kg
vegetable,pak_choi,pak_choi,9/13/2019,2.52,kg
vegetable,curly_kale,curly_kale,9/13/2019,2.74,kg
vegetable,cabbage,red,9/13/2019,0.57,kg
vegetable,cabbage,savoy,9/13/2019,0.51,head
vegetable,spring_greens,prepacked,9/13/2019,1.04,kg
vegetable,cabbage,summer_autumn_pointed,9/13/2019,0.56,kg
vegetable,cabbage,white,9/13/2019,0.61,kg
vegetable,cabbage,round_green_other,9/13/2019,0.49,head
vegetable,calabrese,calabrese,9/13/2019,1.13,kg
vegetable,capsicum,green,9/13/2019,0.87,kg
vegetable,capsicum,red,9/13/2019,0.84,kg
vegetable,capsicum,elongated,9/13/2019,1.09,kg
vegetable,capsicum,yelloworange,9/13/2019,0.95,kg
vegetable,carrots,topped_washed,9/13/2019,0.4,kg
vegetable,cauliflower,all,9/13/2019,1.16,head
vegetable,celery,all_washed,9/13/2019,0.75,kg
vegetable,celeriac,celeriac,9/13/2019,0.72,kg
vegetable,chinese_leaf,chinese_leaf,9/13/2019,0.97,kg
vegetable,coriander,coriander,9/13/2019,1.58,kg
vegetable,courgettes,courgettes,9/13/2019,1.27,kg
vegetable,cucumbers,cucumbers,9/13/2019,0.96,kg
vegetable,leeks,trimmed,9/13/2019,1.26,kg
vegetable,lettuce,butterhead_indoor,9/13/2019,0.39,head
vegetable,lettuce,cos,9/13/2019,0.57,head
vegetable,lettuce,crisp_iceberg_type,9/13/2019,0.51,head
vegetable,lettuce,little_gem,9/13/2019,0.6,twin
vegetable,rocket,rocket,9/13/2019,4.72,kg
vegetable,mixed_babyleaf_salad,pillow_pack,9/13/2019,4.61,kg
vegetable,onion,bulb_brown,9/13/2019,0.38,kg
vegetable,onion,bulb_red,9/13/2019,0.46,kg
vegetable,onion,saladspring,9/13/2019,0.26,kg
vegetable,swede,swede,9/13/2019,0.24,kg
vegetable,turnip,turnip,9/13/2019,1.46,kg
vegetable,parsnips,all_varieties,9/13/2019,1.21,kg
vegetable,peas,shelling_all_varieties,9/13/2019,1.91,kg
vegetable,rhubarb,outdoor,9/13/2019,1.24,kg
vegetable,spinach_leaf,loose_bunches,9/13/2019,1.65,kg
vegetable,sweetcorn,sweetcorn,9/13/2019,0.22,head
vegetable,tomatoes,round,9/13/2019,1.36,kg
vegetable,tomatoes,vine,9/13/2019,2.41,kg
vegetable,tomatoes,plum,9/13/2019,4.5,kg
cut_flowers,gladioli,all_varieties,9/13/2019,0.24,stem
fruit,apples,bramleys_seedling,9/6/2019,0.94,kg
fruit,apples,coxs_orange_group,9/6/2019,0.97,kg
fruit,apples,other_early_season,9/6/2019,0.74,kg
fruit,blackberries,blackberries,9/6/2019,3.74,kg
fruit,currants,black,9/6/2019,3.46,kg
fruit,blueberries,blueberries,9/6/2019,4.96,kg
fruit,gooseberries,gooseberries,9/6/2019,4.96,kg
fruit,pears,conference,9/6/2019,0.95,kg
fruit,pears,other,9/6/2019,0.83,kg
fruit,plums,victoria,9/6/2019,2.09,kg
fruit,plums,all_other,9/6/2019,1.33,kg
fruit,raspberries,raspberries,9/6/2019,7.4,kg
fruit,strawberries,strawberries,9/6/2019,2.12,kg
vegetable,beans,broad,9/6/2019,1.36,kg
vegetable,beans,dwarf_french_or_kidney,9/6/2019,1.77,kg
vegetable,beans,runner_climbing,9/6/2019,1.35,kg
vegetable,beetroot,beetroot,9/6/2019,0.49,kg
vegetable,brussels_sprouts,brussels_sprouts,9/6/2019,0.94,kg
vegetable,pak_choi,pak_choi,9/6/2019,2.78,kg
vegetable,curly_kale,curly_kale,9/6/2019,2.94,kg
vegetable,cabbage,red,9/6/2019,0.58,kg
vegetable,cabbage,savoy,9/6/2019,0.52,head
vegetable,spring_greens,prepacked,9/6/2019,1.02,kg
vegetable,cabbage,summer_autumn_pointed,9/6/2019,0.58,kg
vegetable,cabbage,white,9/6/2019,0.63,kg
vegetable,cabbage,round_green_other,9/6/2019,0.49,head
vegetable,calabrese,calabrese,9/6/2019,1.56,kg
vegetable,capsicum,green,9/6/2019,0.93,kg
vegetable,capsicum,red,9/6/2019,0.84,kg
vegetable,capsicum,elongated,9/6/2019,1.14,kg
vegetable,capsicum,yelloworange,9/6/2019,0.91,kg
vegetable,carrots,topped_washed,9/6/2019,0.39,kg
vegetable,cauliflower,all,9/6/2019,0.79,head
vegetable,celery,all_washed,9/6/2019,0.76,kg
vegetable,celeriac,celeriac,9/6/2019,0.69,kg
vegetable,chinese_leaf,chinese_leaf,9/6/2019,1,kg
vegetable,coriander,coriander,9/6/2019,1.45,kg
vegetable,courgettes,courgettes,9/6/2019,1.17,kg
vegetable,cucumbers,cucumbers,9/6/2019,0.97,kg
vegetable,leeks,trimmed,9/6/2019,1.21,kg
vegetable,lettuce,butterhead_indoor,9/6/2019,0.41,head
vegetable,lettuce,cos,9/6/2019,0.55,head
vegetable,lettuce,crisp_iceberg_type,9/6/2019,0.51,head
vegetable,lettuce,little_gem,9/6/2019,0.6,twin
vegetable,rocket,rocket,9/6/2019,4.71,kg
vegetable,mixed_babyleaf_salad,pillow_pack,9/6/2019,4.88,kg
vegetable,onion,bulb_brown,9/6/2019,0.39,kg
vegetable,onion,bulb_red,9/6/2019,0.49,kg
vegetable,onion,saladspring,9/6/2019,0.26,kg
vegetable,swede,swede,9/6/2019,0.24,kg
vegetable,turnip,turnip,9/6/2019,1.11,kg
vegetable,parsnips,all_varieties,9/6/2019,1.27,kg
vegetable,peas,shelling_all_varieties,9/6/2019,1.54,kg
vegetable,rhubarb,outdoor,9/6/2019,1.09,kg
vegetable,spinach_leaf,loose_bunches,9/6/2019,1.43,kg
vegetable,sweetcorn,sweetcorn,9/6/2019,0.18,head
vegetable,tomatoes,round,9/6/2019,1.17,kg
vegetable,tomatoes,vine,9/6/2019,2.38,kg
cut_flowers,gladioli,all_varieties,9/6/2019,0.24,stem
fruit,apples,bramleys_seedling,8/30/2019,0.97,kg
fruit,apples,coxs_orange_group,8/30/2019,1.32,kg
fruit,apples,gala,8/30/2019,0.99,kg
fruit,apples,other_early_season,8/30/2019,0.75,kg
fruit,blackberries,blackberries,8/30/2019,6.26,kg
fruit,currants,black,8/30/2019,3.96,kg
fruit,currants,red,8/30/2019,7.2,kg
fruit,blueberries,blueberries,8/30/2019,6.55,kg
fruit,cherries,all,8/30/2019,3.06,kg
fruit,gooseberries,gooseberries,8/30/2019,4.02,kg
fruit,pears,conference,8/30/2019,0.98,kg
fruit,pears,other,8/30/2019,0.88,kg
fruit,plums,victoria,8/30/2019,1.51,kg
fruit,plums,all_other,8/30/2019,1.37,kg
fruit,raspberries,raspberries,8/30/2019,8.89,kg
fruit,strawberries,strawberries,8/30/2019,2.5,kg
vegetable,beans,broad,8/30/2019,1.13,kg
vegetable,beans,dwarf_french_or_kidney,8/30/2019,1.8,kg
vegetable,beans,runner_climbing,8/30/2019,1.38,kg
vegetable,beetroot,beetroot,8/30/2019,0.49,kg
vegetable,pak_choi,pak_choi,8/30/2019,2.62,kg
vegetable,curly_kale,curly_kale,8/30/2019,2.74,kg
vegetable,cabbage,red,8/30/2019,0.5,kg
vegetable,cabbage,savoy,8/30/2019,0.54,head
vegetable,spring_greens,prepacked,8/30/2019,1.03,kg
vegetable,cabbage,summer_autumn_pointed,8/30/2019,0.65,kg
vegetable,cabbage,white,8/30/2019,0.62,kg
vegetable,cabbage,round_green_other,8/30/2019,0.48,head
vegetable,calabrese,calabrese,8/30/2019,1.95,kg
vegetable,capsicum,green,8/30/2019,0.92,kg
vegetable,capsicum,red,8/30/2019,0.9,kg
vegetable,capsicum,elongated,8/30/2019,1.12,kg
vegetable,capsicum,yelloworange,8/30/2019,0.79,kg
vegetable,carrots,topped_washed,8/30/2019,0.45,kg
vegetable,cauliflower,all,8/30/2019,0.92,head
vegetable,celery,all_washed,8/30/2019,0.8,kg
vegetable,celeriac,celeriac,8/30/2019,0.71,kg
vegetable,coriander,coriander,8/30/2019,1.53,kg
vegetable,courgettes,courgettes,8/30/2019,1.03,kg
vegetable,cucumbers,cucumbers,8/30/2019,1.17,kg
vegetable,leeks,trimmed,8/30/2019,1.27,kg
vegetable,lettuce,butterhead_indoor,8/30/2019,0.41,head
vegetable,lettuce,cos,8/30/2019,0.55,head
vegetable,lettuce,crisp_iceberg_type,8/30/2019,0.5,head
vegetable,lettuce,little_gem,8/30/2019,0.55,twin
vegetable,rocket,rocket,8/30/2019,4.79,kg
vegetable,mixed_babyleaf_salad,pillow_pack,8/30/2019,4.75,kg
vegetable,onion,bulb_brown,8/30/2019,0.34,kg
vegetable,onion,bulb_red,8/30/2019,0.67,kg
vegetable,onion,saladspring,8/30/2019,0.28,kg
vegetable,swede,swede,8/30/2019,0.25,kg
vegetable,turnip,turnip,8/30/2019,1.29,kg
vegetable,parsnips,all_varieties,8/30/2019,1.28,kg
vegetable,peas,shelling_all_varieties,8/30/2019,1.65,kg
vegetable,rhubarb,outdoor,8/30/2019,1.22,kg
vegetable,spinach_leaf,loose_bunches,8/30/2019,1.62,kg
vegetable,sweetcorn,sweetcorn,8/30/2019,0.19,head
vegetable,tomatoes,round,8/30/2019,1.35,kg
vegetable,tomatoes,vine,8/30/2019,1.95,kg
vegetable,tomatoes,cherry,8/30/2019,2.8,kg
vegetable,watercress,pillow_packs,8/30/2019,10.14,kg
cut_flowers,gladioli,all_varieties,8/30/2019,0.25,stem
fruit,apples,bramleys_seedling,8/23/2019,1.02,kg
fruit,apples,braeburn,8/23/2019,0.55,kg
fruit,apples,gala,8/23/2019,0.99,kg
fruit,apples,other_early_season,8/23/2019,0.92,kg
fruit,blackberries,blackberries,8/23/2019,6.39,kg
fruit,currants,black,8/23/2019,5.06,kg
fruit,blueberries,blueberries,8/23/2019,6.07,kg
fruit,cherries,all,8/23/2019,3.68,kg
fruit,gooseberries,gooseberries,8/23/2019,4.02,kg
fruit,pears,conference,8/23/2019,1.09,kg
fruit,pears,other,8/23/2019,0.87,kg
fruit,plums,victoria,8/23/2019,1.53,kg
fruit,plums,all_other,8/23/2019,1.25,kg
fruit,raspberries,raspberries,8/23/2019,8.37,kg
fruit,strawberries,strawberries,8/23/2019,2.68,kg
vegetable,beans,broad,8/23/2019,1.12,kg
vegetable,beans,dwarf_french_or_kidney,8/23/2019,1.82,kg
vegetable,beans,runner_climbing,8/23/2019,1.37,kg
vegetable,beetroot,beetroot,8/23/2019,0.49,kg
vegetable,pak_choi,pak_choi,8/23/2019,2.6,kg
vegetable,curly_kale,curly_kale,8/23/2019,2.74,kg
vegetable,cabbage,red,8/23/2019,0.55,kg
vegetable,cabbage,savoy,8/23/2019,0.54,head
vegetable,spring_greens,prepacked,8/23/2019,1.05,kg
vegetable,cabbage,summer_autumn_pointed,8/23/2019,0.56,kg
vegetable,cabbage,white,8/23/2019,0.65,kg
vegetable,cabbage,round_green_other,8/23/2019,0.5,head
vegetable,calabrese,calabrese,8/23/2019,3.38,kg
vegetable,capsicum,green,8/23/2019,1.04,kg
vegetable,capsicum,red,8/23/2019,1,kg
vegetable,capsicum,yelloworange,8/23/2019,1.01,kg
vegetable,carrots,topped_washed,8/23/2019,0.43,kg
vegetable,cauliflower,all,8/23/2019,1.63,head
vegetable,celery,all_washed,8/23/2019,0.81,kg
vegetable,celeriac,celeriac,8/23/2019,0.71,kg
vegetable,coriander,coriander,8/23/2019,1.52,kg
vegetable,courgettes,courgettes,8/23/2019,1.06,kg
vegetable,cucumbers,cucumbers,8/23/2019,0.94,kg
vegetable,leeks,trimmed,8/23/2019,1.26,kg
vegetable,lettuce,butterhead_indoor,8/23/2019,0.39,head
vegetable,lettuce,cos,8/23/2019,0.5,head
vegetable,lettuce,crisp_iceberg_type,8/23/2019,0.43,head
vegetable,lettuce,little_gem,8/23/2019,0.56,twin
vegetable,rocket,rocket,8/23/2019,4.87,kg
vegetable,mixed_babyleaf_salad,pillow_pack,8/23/2019,4.78,kg
vegetable,onion,bulb_brown,8/23/2019,0.34,kg
vegetable,onion,bulb_red,8/23/2019,0.59,kg
vegetable,onion,saladspring,8/23/2019,0.27,kg
vegetable,swede,swede,8/23/2019,0.25,kg
vegetable,turnip,turnip,8/23/2019,1.25,kg
vegetable,parsnips,all_varieties,8/23/2019,1.31,kg
vegetable,peas,shelling_all_varieties,8/23/2019,1.62,kg
vegetable,rhubarb,outdoor,8/23/2019,1.1,kg
vegetable,spinach_leaf,loose_bunches,8/23/2019,1.59,kg
vegetable,sweetcorn,sweetcorn,8/23/2019,0.18,head
vegetable,tomatoes,round,8/23/2019,1.23,kg
vegetable,tomatoes,vine,8/23/2019,1.55,kg
vegetable,tomatoes,cherry,8/23/2019,2.8,kg
vegetable,watercress,pillow_packs,8/23/2019,10.16,kg
cut_flowers,gladioli,all_varieties,8/23/2019,0.22,stem
fruit,apples,bramleys_seedling,8/16/2019,1.01,kg
fruit,apples,braeburn,8/16/2019,0.83,kg
fruit,apples,gala,8/16/2019,0.95,kg
fruit,apples,other_early_season,8/16/2019,0.92,kg
fruit,blackberries,blackberries,8/16/2019,6.02,kg
fruit,currants,black,8/16/2019,4.44,kg
fruit,blueberries,blueberries,8/16/2019,5.4,kg
fruit,cherries,all,8/16/2019,3.12,kg
fruit,pears,conference,8/16/2019,1.32,kg
fruit,pears,other,8/16/2019,0.78,kg
fruit,plums,victoria,8/16/2019,1.79,kg
fruit,plums,all_other,8/16/2019,1.42,kg
fruit,raspberries,raspberries,8/16/2019,7.11,kg
fruit,strawberries,strawberries,8/16/2019,1.54,kg
vegetable,beans,broad,8/16/2019,1.13,kg
vegetable,beans,dwarf_french_or_kidney,8/16/2019,1.72,kg
vegetable,beans,runner_climbing,8/16/2019,1.29,kg
vegetable,beetroot,beetroot,8/16/2019,0.5,kg
vegetable,pak_choi,pak_choi,8/16/2019,1.86,kg
vegetable,curly_kale,curly_kale,8/16/2019,2.8,kg
vegetable,cabbage,red,8/16/2019,0.62,kg
vegetable,cabbage,savoy,8/16/2019,0.58,head
vegetable,spring_greens,prepacked,8/16/2019,1.11,kg
vegetable,cabbage,summer_autumn_pointed,8/16/2019,0.59,kg
vegetable,cabbage,white,8/16/2019,0.7,kg
vegetable,cabbage,round_green_other,8/16/2019,0.5,head
vegetable,calabrese,calabrese,8/16/2019,2.05,kg
vegetable,capsicum,green,8/16/2019,0.89,kg
vegetable,capsicum,red,8/16/2019,0.86,kg
vegetable,capsicum,elongated,8/16/2019,0.94,kg
vegetable,capsicum,yelloworange,8/16/2019,0.95,kg
vegetable,carrots,topped_washed,8/16/2019,0.43,kg
vegetable,cauliflower,all,8/16/2019,1.57,head
vegetable,celery,all_washed,8/16/2019,0.84,kg
vegetable,celeriac,celeriac,8/16/2019,0.85,kg
vegetable,coriander,coriander,8/16/2019,1.7,kg
vegetable,courgettes,courgettes,8/16/2019,0.79,kg
vegetable,cucumbers,cucumbers,8/16/2019,0.95,kg
vegetable,leeks,trimmed,8/16/2019,1.25,kg
vegetable,lettuce,butterhead_indoor,8/16/2019,0.35,head
vegetable,lettuce,cos,8/16/2019,0.51,head
vegetable,lettuce,crisp_iceberg_type,8/16/2019,0.4,head
vegetable,lettuce,little_gem,8/16/2019,0.55,twin
vegetable,rocket,rocket,8/16/2019,4.84,kg
vegetable,mixed_babyleaf_salad,pillow_pack,8/16/2019,4.73,kg
vegetable,onion,bulb_brown,8/16/2019,0.44,kg
vegetable,onion,bulb_red,8/16/2019,0.53,kg
vegetable,onion,saladspring,8/16/2019,0.27,kg
vegetable,swede,swede,8/16/2019,0.25,kg
vegetable,turnip,turnip,8/16/2019,1.28,kg
vegetable,parsnips,all_varieties,8/16/2019,1.32,kg
vegetable,peas,shelling_all_varieties,8/16/2019,1.5,kg
vegetable,rhubarb,outdoor,8/16/2019,1.11,kg
vegetable,spinach_leaf,loose_bunches,8/16/2019,1.6,kg
vegetable,sweetcorn,sweetcorn,8/16/2019,0.16,head
vegetable,tomatoes,round,8/16/2019,1.15,kg
vegetable,tomatoes,vine,8/16/2019,1.11,kg
vegetable,tomatoes,cherry,8/16/2019,1.08,kg
vegetable,tomatoes,plum,8/16/2019,1.05,kg
vegetable,watercress,pillow_packs,8/16/2019,9.94,kg
cut_flowers,gladioli,all_varieties,8/16/2019,0.16,stem
fruit,apples,bramleys_seedling,8/9/2019,1.17,kg
fruit,apples,braeburn,8/9/2019,0.93,kg
fruit,apples,gala,8/9/2019,1.12,kg
fruit,apples,other_early_season,8/9/2019,1.14,kg
fruit,blackberries,blackberries,8/9/2019,6.16,kg
fruit,currants,black,8/9/2019,4.7,kg
fruit,currants,red,8/9/2019,5.3,kg
fruit,blueberries,blueberries,8/9/2019,6.33,kg
fruit,cherries,all,8/9/2019,3.11,kg
fruit,gooseberries,gooseberries,8/9/2019,4.74,kg
fruit,plums,victoria,8/9/2019,3.3,kg
fruit,plums,all_other,8/9/2019,1.44,kg
fruit,raspberries,raspberries,8/9/2019,7.99,kg
fruit,strawberries,strawberries,8/9/2019,1.03,kg
vegetable,beans,broad,8/9/2019,1.08,kg
vegetable,beans,dwarf_french_or_kidney,8/9/2019,2.03,kg
vegetable,beans,runner_climbing,8/9/2019,1.52,kg
vegetable,beetroot,beetroot,8/9/2019,0.49,kg
vegetable,pak_choi,pak_choi,8/9/2019,2.01,kg
vegetable,curly_kale,curly_kale,8/9/2019,2.93,kg
vegetable,cabbage,red,8/9/2019,0.57,kg
vegetable,cabbage,savoy,8/9/2019,0.52,head
vegetable,spring_greens,prepacked,8/9/2019,1.07,kg
vegetable,cabbage,summer_autumn_pointed,8/9/2019,0.59,kg
vegetable,cabbage,white,8/9/2019,0.57,kg
vegetable,cabbage,round_green_other,8/9/2019,0.51,head
vegetable,calabrese,calabrese,8/9/2019,1.87,kg
vegetable,capsicum,red,8/9/2019,1.05,kg
vegetable,capsicum,elongated,8/9/2019,1.35,kg
vegetable,capsicum,yelloworange,8/9/2019,1.07,kg
vegetable,carrots,topped_washed,8/9/2019,0.44,kg
vegetable,cauliflower,all,8/9/2019,1.39,head
vegetable,celery,all_washed,8/9/2019,0.86,kg
vegetable,celeriac,celeriac,8/9/2019,0.79,kg
vegetable,coriander,coriander,8/9/2019,1.62,kg
vegetable,courgettes,courgettes,8/9/2019,0.88,kg
vegetable,cucumbers,cucumbers,8/9/2019,1.29,kg
vegetable,leeks,trimmed,8/9/2019,1.35,kg
vegetable,lettuce,butterhead_indoor,8/9/2019,0.35,head
vegetable,lettuce,cos,8/9/2019,0.54,head
vegetable,lettuce,crisp_iceberg_type,8/9/2019,0.42,head
vegetable,lettuce,little_gem,8/9/2019,0.55,twin
vegetable,rocket,rocket,8/9/2019,4.74,kg
vegetable,mixed_babyleaf_salad,pillow_pack,8/9/2019,4.72,kg
vegetable,onion,bulb_brown,8/9/2019,0.34,kg
vegetable,onion,bulb_red,8/9/2019,0.53,kg
vegetable,onion,saladspring,8/9/2019,0.27,kg
vegetable,swede,swede,8/9/2019,0.26,kg
vegetable,turnip,turnip,8/9/2019,1.16,kg
vegetable,parsnips,all_varieties,8/9/2019,1.41,kg
vegetable,peas,shelling_all_varieties,8/9/2019,1.78,kg
vegetable,rhubarb,outdoor,8/9/2019,1.29,kg
vegetable,spinach_leaf,loose_bunches,8/9/2019,1.64,kg
vegetable,sweetcorn,sweetcorn,8/9/2019,0.24,head
vegetable,tomatoes,round,8/9/2019,1.06,kg
vegetable,tomatoes,vine,8/9/2019,0.96,kg
vegetable,tomatoes,cherry,8/9/2019,1.04,kg
vegetable,watercress,pillow_packs,8/9/2019,10.08,kg
cut_flowers,gladioli,all_varieties,8/9/2019,0.19,stem
fruit,apples,bramleys_seedling,8/2/2019,1.16,kg
fruit,apples,braeburn,8/2/2019,0.68,kg
fruit,apples,gala,8/2/2019,1.01,kg
fruit,blackberries,blackberries,8/2/2019,4.19,kg
fruit,currants,black,8/2/2019,6.05,kg
fruit,currants,red,8/2/2019,7,kg
fruit,blueberries,blueberries,8/2/2019,7.57,kg
fruit,cherries,all,8/2/2019,2.86,kg
fruit,plums,all_other,8/2/2019,1.2,kg
fruit,raspberries,raspberries,8/2/2019,6.68,kg
fruit,strawberries,strawberries,8/2/2019,1.66,kg
vegetable,beans,broad,8/2/2019,1.1,kg
vegetable,beans,dwarf_french_or_kidney,8/2/2019,2.32,kg
vegetable,beans,runner_climbing,8/2/2019,2.21,kg
vegetable,beetroot,beetroot,8/2/2019,0.52,kg
vegetable,pak_choi,pak_choi,8/2/2019,2.02,kg
vegetable,curly_kale,curly_kale,8/2/2019,2.62,kg
vegetable,cabbage,red,8/2/2019,0.65,kg
vegetable,cabbage,savoy,8/2/2019,0.52,head
vegetable,spring_greens,prepacked,8/2/2019,1.07,kg
vegetable,cabbage,summer_autumn_pointed,8/2/2019,0.59,kg
vegetable,cabbage,white,8/2/2019,0.65,kg
vegetable,cabbage,round_green_other,8/2/2019,0.5,head
vegetable,calabrese,calabrese,8/2/2019,1.42,kg
vegetable,capsicum,red,8/2/2019,1.33,kg
vegetable,capsicum,elongated,8/2/2019,1.18,kg
vegetable,capsicum,yelloworange,8/2/2019,1.49,kg
vegetable,carrots,topped_washed,8/2/2019,0.46,kg
vegetable,cauliflower,all,8/2/2019,0.52,head
vegetable,celery,all_washed,8/2/2019,0.84,kg
vegetable,celeriac,celeriac,8/2/2019,0.78,kg
vegetable,coriander,coriander,8/2/2019,1.87,kg
vegetable,courgettes,courgettes,8/2/2019,0.75,kg
vegetable,cucumbers,cucumbers,8/2/2019,1.26,kg
vegetable,leeks,trimmed,8/2/2019,1.4,kg
vegetable,lettuce,butterhead_indoor,8/2/2019,0.35,head
vegetable,lettuce,cos,8/2/2019,0.53,head
vegetable,lettuce,crisp_iceberg_type,8/2/2019,0.41,head
vegetable,lettuce,little_gem,8/2/2019,0.54,twin
vegetable,rocket,rocket,8/2/2019,4.76,kg
vegetable,mixed_babyleaf_salad,pillow_pack,8/2/2019,4.72,kg
vegetable,onion,bulb_brown,8/2/2019,0.47,kg
vegetable,onion,saladspring,8/2/2019,0.27,kg
vegetable,swede,swede,8/2/2019,0.27,kg
vegetable,turnip,turnip,8/2/2019,1.1,kg
vegetable,parsnips,all_varieties,8/2/2019,1.56,kg
vegetable,peas,shelling_all_varieties,8/2/2019,1.75,kg
vegetable,rhubarb,outdoor,8/2/2019,1.52,kg
vegetable,spinach_leaf,loose_bunches,8/2/2019,1.97,kg
vegetable,sweetcorn,sweetcorn,8/2/2019,0.29,head
vegetable,tomatoes,round,8/2/2019,1.29,kg
vegetable,tomatoes,vine,8/2/2019,2.06,kg
vegetable,tomatoes,cherry,8/2/2019,1.3,kg
vegetable,watercress,pillow_packs,8/2/2019,9.5,kg
cut_flowers,gladioli,all_varieties,8/2/2019,0.22,stem
fruit,apples,bramleys_seedling,7/26/2019,1.06,kg
fruit,apples,braeburn,7/26/2019,0.87,kg
fruit,apples,gala,7/26/2019,0.98,kg
fruit,blackberries,blackberries,7/26/2019,3.59,kg
fruit,currants,black,7/26/2019,6.78,kg
fruit,blueberries,blueberries,7/26/2019,8.18,kg
fruit,cherries,all,7/26/2019,2.3,kg
fruit,gooseberries,gooseberries,7/26/2019,3.77,kg
fruit,plums,all_other,7/26/2019,1.84,kg
fruit,raspberries,raspberries,7/26/2019,5.73,kg
fruit,strawberries,strawberries,7/26/2019,2.96,kg
vegetable,beans,broad,7/26/2019,1.29,kg
vegetable,beans,dwarf_french_or_kidney,7/26/2019,4.13,kg
vegetable,beans,runner_climbing,7/26/2019,3.4,kg
vegetable,beetroot,beetroot,7/26/2019,0.54,kg
vegetable,pak_choi,pak_choi,7/26/2019,1.69,kg
vegetable,curly_kale,curly_kale,7/26/2019,2.81,kg
vegetable,cabbage,red,7/26/2019,0.69,kg
vegetable,cabbage,savoy,7/26/2019,0.6,head
vegetable,spring_greens,prepacked,7/26/2019,1.07,kg
vegetable,cabbage,summer_autumn_pointed,7/26/2019,0.57,kg
vegetable,cabbage,white,7/26/2019,0.73,kg
vegetable,cabbage,round_green_other,7/26/2019,0.54,head
vegetable,calabrese,calabrese,7/26/2019,1.5,kg
vegetable,capsicum,red,7/26/2019,1,kg
vegetable,capsicum,elongated,7/26/2019,1.15,kg
vegetable,capsicum,yelloworange,7/26/2019,0.96,kg
vegetable,carrots,topped_washed,7/26/2019,0.49,kg
vegetable,cauliflower,all,7/26/2019,0.54,head
vegetable,celery,all_washed,7/26/2019,1.03,kg
vegetable,celeriac,celeriac,7/26/2019,0.79,kg
vegetable,coriander,coriander,7/26/2019,1.84,kg
vegetable,courgettes,courgettes,7/26/2019,0.86,kg
vegetable,cucumbers,cucumbers,7/26/2019,1.19,kg
vegetable,leeks,trimmed,7/26/2019,1.47,kg
vegetable,lettuce,butterhead_indoor,7/26/2019,0.35,head
vegetable,lettuce,cos,7/26/2019,0.53,head
vegetable,lettuce,crisp_iceberg_type,7/26/2019,0.4,head
vegetable,lettuce,little_gem,7/26/2019,0.54,twin
vegetable,rocket,rocket,7/26/2019,4.93,kg
vegetable,mixed_babyleaf_salad,pillow_pack,7/26/2019,4.83,kg
vegetable,onion,bulb_brown,7/26/2019,0.34,kg
vegetable,onion,saladspring,7/26/2019,0.27,kg
vegetable,swede,swede,7/26/2019,0.26,kg
vegetable,turnip,turnip,7/26/2019,1.2,kg
vegetable,parsnips,all_varieties,7/26/2019,1.66,kg
vegetable,peas,shelling_all_varieties,7/26/2019,1.82,kg
vegetable,rhubarb,outdoor,7/26/2019,1.53,kg
vegetable,spinach_leaf,loose_bunches,7/26/2019,1.9,kg
vegetable,sweetcorn,sweetcorn,7/26/2019,0.35,head
vegetable,tomatoes,round,7/26/2019,1.25,kg
vegetable,tomatoes,vine,7/26/2019,1.05,kg
vegetable,tomatoes,cherry,7/26/2019,1.41,kg
vegetable,tomatoes,plum,7/26/2019,1.04,kg
vegetable,watercress,pillow_packs,7/26/2019,9.29,kg
cut_flowers,gladioli,all_varieties,7/26/2019,0.18,stem
fruit,apples,bramleys_seedling,7/19/2019,1.04,kg
fruit,apples,braeburn,7/19/2019,1.09,kg
fruit,apples,gala,7/19/2019,1.09,kg
fruit,apples,other_late_season,7/19/2019,0.75,kg
fruit,blackberries,blackberries,7/19/2019,5.74,kg
fruit,currants,black,7/19/2019,7.1,kg
fruit,blueberries,blueberries,7/19/2019,8.05,kg
fruit,cherries,all,7/19/2019,3.2,kg
fruit,gooseberries,gooseberries,7/19/2019,4.09,kg
fruit,plums,all_other,7/19/2019,1.72,kg
fruit,raspberries,raspberries,7/19/2019,6.99,kg
fruit,strawberries,strawberries,7/19/2019,2.95,kg
vegetable,beans,broad,7/19/2019,1.2,kg
vegetable,beans,dwarf_french_or_kidney,7/19/2019,3.38,kg
vegetable,beans,runner_climbing,7/19/2019,4.72,kg
vegetable,beetroot,beetroot,7/19/2019,0.52,kg
vegetable,pak_choi,pak_choi,7/19/2019,1.8,kg
vegetable,curly_kale,curly_kale,7/19/2019,2.98,kg
vegetable,cabbage,red,7/19/2019,0.65,kg
vegetable,cabbage,savoy,7/19/2019,0.57,head
vegetable,spring_greens,prepacked,7/19/2019,1.07,kg
vegetable,cabbage,summer_autumn_pointed,7/19/2019,0.57,kg
vegetable,cabbage,white,7/19/2019,0.76,kg
vegetable,cabbage,round_green_other,7/19/2019,0.54,head
vegetable,calabrese,calabrese,7/19/2019,2.08,kg
vegetable,capsicum,green,7/19/2019,0.64,kg
vegetable,capsicum,red,7/19/2019,1.03,kg
vegetable,capsicum,elongated,7/19/2019,1.02,kg
vegetable,capsicum,yelloworange,7/19/2019,1.12,kg
vegetable,carrots,topped_washed,7/19/2019,0.5,kg
vegetable,cauliflower,all,7/19/2019,0.7,head
vegetable,celery,all_washed,7/19/2019,1.07,kg
vegetable,celeriac,celeriac,7/19/2019,0.86,kg
vegetable,coriander,coriander,7/19/2019,1.56,kg
vegetable,courgettes,courgettes,7/19/2019,0.89,kg
vegetable,cucumbers,cucumbers,7/19/2019,1.1,kg
vegetable,leeks,trimmed,7/19/2019,1.51,kg
vegetable,lettuce,butterhead_indoor,7/19/2019,0.35,head
vegetable,lettuce,cos,7/19/2019,0.54,head
vegetable,lettuce,crisp_iceberg_type,7/19/2019,0.39,head
vegetable,lettuce,little_gem,7/19/2019,0.55,twin
vegetable,rocket,rocket,7/19/2019,4.94,kg
vegetable,mixed_babyleaf_salad,pillow_pack,7/19/2019,4.9,kg
vegetable,onion,bulb_brown,7/19/2019,0.61,kg
vegetable,onion,saladspring,7/19/2019,0.26,kg
vegetable,swede,swede,7/19/2019,0.27,kg
vegetable,turnip,turnip,7/19/2019,1.22,kg
vegetable,parsnips,all_varieties,7/19/2019,1.81,kg
vegetable,peas,shelling_all_varieties,7/19/2019,1.68,kg
vegetable,rhubarb,outdoor,7/19/2019,1.54,kg
vegetable,spinach_leaf,loose_bunches,7/19/2019,1.84,kg
vegetable,tomatoes,round,7/19/2019,1.17,kg
vegetable,tomatoes,vine,7/19/2019,1.18,kg
vegetable,tomatoes,cherry,7/19/2019,1.54,kg
vegetable,tomatoes,plum,7/19/2019,1.05,kg
vegetable,watercress,pillow_packs,7/19/2019,9.25,kg
cut_flowers,gladioli,all_varieties,7/19/2019,0.17,stem
fruit,apples,bramleys_seedling,7/12/2019,1.02,kg
fruit,apples,braeburn,7/12/2019,1.06,kg
fruit,apples,gala,7/12/2019,1.02,kg
fruit,apples,other_late_season,7/12/2019,0.75,kg
fruit,blackberries,blackberries,7/12/2019,6.01,kg
fruit,currants,black,7/12/2019,6.74,kg
fruit,blueberries,blueberries,7/12/2019,9.2,kg
fruit,cherries,all,7/12/2019,4.27,kg
fruit,gooseberries,gooseberries,7/12/2019,3.27,kg
fruit,plums,all_other,7/12/2019,1.87,kg
fruit,raspberries,raspberries,7/12/2019,6.31,kg
fruit,strawberries,strawberries,7/12/2019,2.83,kg
vegetable,beans,broad,7/12/2019,1.31,kg
vegetable,beans,dwarf_french_or_kidney,7/12/2019,2.03,kg
vegetable,beans,runner_climbing,7/12/2019,4.94,kg
vegetable,beetroot,beetroot,7/12/2019,0.53,kg
vegetable,pak_choi,pak_choi,7/12/2019,1.89,kg
vegetable,curly_kale,curly_kale,7/12/2019,2.97,kg
vegetable,cabbage,red,7/12/2019,0.78,kg
vegetable,cabbage,savoy,7/12/2019,0.57,head
vegetable,spring_greens,prepacked,7/12/2019,1.07,kg
vegetable,cabbage,summer_autumn_pointed,7/12/2019,0.57,kg
vegetable,cabbage,white,7/12/2019,0.95,kg
vegetable,cabbage,round_green_other,7/12/2019,0.5,head
vegetable,calabrese,calabrese,7/12/2019,2.13,kg
vegetable,capsicum,red,7/12/2019,1.5,kg
vegetable,capsicum,elongated,7/12/2019,1.2,kg
vegetable,capsicum,yelloworange,7/12/2019,1.53,kg
vegetable,carrots,topped_washed,7/12/2019,0.51,kg
vegetable,cauliflower,all,7/12/2019,0.87,head
vegetable,celery,all_washed,7/12/2019,1.08,kg
vegetable,celeriac,celeriac,7/12/2019,0.94,kg
vegetable,coriander,coriander,7/12/2019,1.64,kg
vegetable,courgettes,courgettes,7/12/2019,0.99,kg
vegetable,cucumbers,cucumbers,7/12/2019,1.08,kg
vegetable,leeks,trimmed,7/12/2019,1.57,kg
vegetable,lettuce,butterhead_indoor,7/12/2019,0.35,head
vegetable,lettuce,cos,7/12/2019,0.58,head
vegetable,lettuce,crisp_iceberg_type,7/12/2019,0.4,head
vegetable,lettuce,little_gem,7/12/2019,0.54,twin
vegetable,rocket,rocket,7/12/2019,4.82,kg
vegetable,mixed_babyleaf_salad,pillow_pack,7/12/2019,4.89,kg
vegetable,onion,bulb_brown,7/12/2019,0.54,kg
vegetable,onion,saladspring,7/12/2019,0.25,kg
vegetable,swede,swede,7/12/2019,0.27,kg
vegetable,turnip,turnip,7/12/2019,1.21,kg
vegetable,parsnips,all_varieties,7/12/2019,1.76,kg
vegetable,peas,shelling_all_varieties,7/12/2019,1.68,kg
vegetable,rhubarb,forced,7/12/2019,1.56,kg
vegetable,rhubarb,outdoor,7/12/2019,1.59,kg
vegetable,spinach_leaf,loose_bunches,7/12/2019,1.48,kg
vegetable,sweetcorn,sweetcorn,7/12/2019,0.45,head
vegetable,tomatoes,round,7/12/2019,0.95,kg
vegetable,tomatoes,vine,7/12/2019,1.28,kg
vegetable,tomatoes,cherry,7/12/2019,1.86,kg
vegetable,tomatoes,plum,7/12/2019,1.13,kg
vegetable,watercress,pillow_packs,7/12/2019,10,kg
cut_flowers,gladioli,all_varieties,7/12/2019,0.25,stem
fruit,apples,bramleys_seedling,7/5/2019,1.03,kg
fruit,apples,braeburn,7/5/2019,1.03,kg
fruit,apples,gala,7/5/2019,1.11,kg
fruit,apples,other_late_season,7/5/2019,0.75,kg
fruit,blackberries,blackberries,7/5/2019,9.02,kg
fruit,currants,black,7/5/2019,9,kg
fruit,blueberries,blueberries,7/5/2019,11.97,kg
fruit,cherries,all,7/5/2019,5.54,kg
fruit,gooseberries,gooseberries,7/5/2019,3.67,kg
fruit,raspberries,raspberries,7/5/2019,8.64,kg
fruit,strawberries,strawberries,7/5/2019,3.07,kg
vegetable,asparagus,asparagus,7/5/2019,13,kg
vegetable,beans,broad,7/5/2019,1.3,kg
vegetable,beans,runner_climbing,7/5/2019,6.05,kg
vegetable,beetroot,beetroot,7/5/2019,0.54,kg
vegetable,pak_choi,pak_choi,7/5/2019,1.66,kg
vegetable,curly_kale,curly_kale,7/5/2019,2.96,kg
vegetable,cabbage,red,7/5/2019,0.81,kg
vegetable,cabbage,savoy,7/5/2019,0.63,head
vegetable,spring_greens,prepacked,7/5/2019,1.09,kg
vegetable,cabbage,summer_autumn_pointed,7/5/2019,0.65,kg
vegetable,cabbage,white,7/5/2019,0.91,kg
vegetable,cabbage,round_green_other,7/5/2019,0.54,head
vegetable,calabrese,calabrese,7/5/2019,1.89,kg
vegetable,capsicum,green,7/5/2019,1.07,kg
vegetable,capsicum,red,7/5/2019,1.53,kg
vegetable,capsicum,elongated,7/5/2019,1.42,kg
vegetable,capsicum,yelloworange,7/5/2019,1.57,kg
vegetable,carrots,topped_washed,7/5/2019,0.52,kg
vegetable,cauliflower,all,7/5/2019,0.7,head
vegetable,celery,all_washed,7/5/2019,1.08,kg
vegetable,celeriac,celeriac,7/5/2019,0.92,kg
vegetable,coriander,coriander,7/5/2019,1.57,kg
vegetable,courgettes,courgettes,7/5/2019,1.05,kg
vegetable,cucumbers,cucumbers,7/5/2019,0.98,kg
vegetable,leeks,trimmed,7/5/2019,1.8,kg
vegetable,lettuce,butterhead_indoor,7/5/2019,0.36,head
vegetable,lettuce,cos,7/5/2019,0.5,head
vegetable,lettuce,crisp_iceberg_type,7/5/2019,0.37,head
vegetable,lettuce,little_gem,7/5/2019,0.56,twin
vegetable,rocket,rocket,7/5/2019,4.98,kg
vegetable,mixed_babyleaf_salad,pillow_pack,7/5/2019,4.91,kg
vegetable,onion,bulb_brown,7/5/2019,0.66,kg
vegetable,onion,saladspring,7/5/2019,0.25,kg
vegetable,swede,swede,7/5/2019,0.27,kg
vegetable,turnip,turnip,7/5/2019,1.2,kg
vegetable,parsnips,all_varieties,7/5/2019,1.79,kg
vegetable,peas,shelling_all_varieties,7/5/2019,1.86,kg
vegetable,rhubarb,outdoor,7/5/2019,1.72,kg
vegetable,spinach_leaf,loose_bunches,7/5/2019,1.59,kg
vegetable,tomatoes,round,7/5/2019,1.02,kg
vegetable,tomatoes,vine,7/5/2019,1.22,kg
vegetable,tomatoes,cherry,7/5/2019,1.85,kg
vegetable,tomatoes,plum,7/5/2019,1.2,kg
vegetable,watercress,pillow_packs,7/5/2019,9.45,kg
cut_flowers,gladioli,all_varieties,7/5/2019,0.25,stem
fruit,apples,bramleys_seedling,6/28/2019,1.14,kg
fruit,apples,braeburn,6/28/2019,1.11,kg
fruit,apples,gala,6/28/2019,1.11,kg
fruit,apples,other_late_season,6/28/2019,0.88,kg
fruit,cherries,all,6/28/2019,3.74,kg
fruit,gooseberries,gooseberries,6/28/2019,4.38,kg
fruit,raspberries,raspberries,6/28/2019,9.77,kg
fruit,strawberries,strawberries,6/28/2019,2.52,kg
vegetable,asparagus,asparagus,6/28/2019,3.5,kg
vegetable,beans,broad,6/28/2019,1.37,kg
vegetable,beans,runner_climbing,6/28/2019,7.71,kg
vegetable,beetroot,beetroot,6/28/2019,0.5,kg
vegetable,pak_choi,pak_choi,6/28/2019,1.61,kg
vegetable,curly_kale,curly_kale,6/28/2019,2.98,kg
vegetable,cabbage,red,6/28/2019,0.77,kg
vegetable,cabbage,savoy,6/28/2019,0.56,head
vegetable,spring_greens,prepacked,6/28/2019,1.09,kg
vegetable,cabbage,summer_autumn_pointed,6/28/2019,0.75,kg
vegetable,cabbage,white,6/28/2019,0.89,kg
vegetable,cabbage,round_green_other,6/28/2019,0.54,head
vegetable,calabrese,calabrese,6/28/2019,2.01,kg
vegetable,capsicum,red,6/28/2019,2.28,kg
vegetable,capsicum,elongated,6/28/2019,1.69,kg
vegetable,capsicum,yelloworange,6/28/2019,1.8,kg
vegetable,carrots,topped_washed,6/28/2019,0.55,kg
vegetable,cauliflower,all,6/28/2019,0.6,head
vegetable,celery,all_washed,6/28/2019,1.17,kg
vegetable,celeriac,celeriac,6/28/2019,0.89,kg
vegetable,coriander,coriander,6/28/2019,1.54,kg
vegetable,courgettes,courgettes,6/28/2019,1.36,kg
vegetable,cucumbers,cucumbers,6/28/2019,0.82,kg
vegetable,leeks,trimmed,6/28/2019,1.15,kg
vegetable,lettuce,butterhead_indoor,6/28/2019,0.33,head
vegetable,lettuce,cos,6/28/2019,0.53,head
vegetable,lettuce,crisp_iceberg_type,6/28/2019,0.38,head
vegetable,lettuce,little_gem,6/28/2019,0.56,twin
vegetable,rocket,rocket,6/28/2019,4.95,kg
vegetable,mixed_babyleaf_salad,pillow_pack,6/28/2019,4.79,kg
vegetable,onion,saladspring,6/28/2019,0.25,kg
vegetable,swede,swede,6/28/2019,0.27,kg
vegetable,turnip,turnip,6/28/2019,1.21,kg
vegetable,parsnips,all_varieties,6/28/2019,1.4,kg
vegetable,peas,shelling_all_varieties,6/28/2019,1.88,kg
vegetable,rhubarb,outdoor,6/28/2019,1.6,kg
vegetable,spinach_leaf,loose_bunches,6/28/2019,1.19,kg
vegetable,tomatoes,round,6/28/2019,1.04,kg
vegetable,tomatoes,vine,6/28/2019,1.18,kg
vegetable,tomatoes,cherry,6/28/2019,1.59,kg
vegetable,tomatoes,plum,6/28/2019,1.12,kg
vegetable,watercress,pillow_packs,6/28/2019,9.09,kg
fruit,apples,bramleys_seedling,6/21/2019,1.11,kg
fruit,apples,braeburn,6/21/2019,1.04,kg
fruit,apples,gala,6/21/2019,1.04,kg
fruit,apples,other_late_season,6/21/2019,0.71,kg
fruit,blackberries,blackberries,6/21/2019,12.18,kg
fruit,cherries,all,6/21/2019,5.51,kg
fruit,gooseberries,gooseberries,6/21/2019,3.78,kg
fruit,raspberries,raspberries,6/21/2019,10.09,kg
fruit,strawberries,strawberries,6/21/2019,3.61,kg
vegetable,asparagus,asparagus,6/21/2019,7.21,kg
vegetable,beans,broad,6/21/2019,1.32,kg
vegetable,beetroot,beetroot,6/21/2019,0.49,kg
vegetable,pak_choi,pak_choi,6/21/2019,1.93,kg
vegetable,curly_kale,curly_kale,6/21/2019,2.89,kg
vegetable,cabbage,red,6/21/2019,0.82,kg
vegetable,cabbage,savoy,6/21/2019,0.63,head
vegetable,spring_greens,prepacked,6/21/2019,0.86,kg
vegetable,cabbage,summer_autumn_pointed,6/21/2019,0.72,kg
vegetable,cabbage,white,6/21/2019,0.99,kg
vegetable,cabbage,round_green_other,6/21/2019,0.56,head
vegetable,calabrese,calabrese,6/21/2019,2.35,kg
vegetable,capsicum,red,6/21/2019,1.89,kg
vegetable,capsicum,yelloworange,6/21/2019,1.65,kg
vegetable,carrots,topped_washed,6/21/2019,0.53,kg
vegetable,cauliflower,all,6/21/2019,1.04,head
vegetable,celery,all_washed,6/21/2019,1.33,kg
vegetable,celeriac,celeriac,6/21/2019,0.94,kg
vegetable,coriander,coriander,6/21/2019,1.25,kg
vegetable,courgettes,courgettes,6/21/2019,1.29,kg
vegetable,cucumbers,cucumbers,6/21/2019,0.57,kg
vegetable,lettuce,butterhead_indoor,6/21/2019,0.32,head
vegetable,lettuce,cos,6/21/2019,0.51,head
vegetable,lettuce,crisp_iceberg_type,6/21/2019,0.39,head
vegetable,lettuce,little_gem,6/21/2019,0.56,twin
vegetable,rocket,rocket,6/21/2019,4.97,kg
vegetable,mixed_babyleaf_salad,pillow_pack,6/21/2019,5.03,kg
vegetable,onion,saladspring,6/21/2019,0.23,kg
vegetable,swede,swede,6/21/2019,0.25,kg
vegetable,turnip,turnip,6/21/2019,1.2,kg
vegetable,parsnips,all_varieties,6/21/2019,0.6,kg
vegetable,peas,shelling_all_varieties,6/21/2019,2.05,kg
vegetable,rhubarb,forced,6/21/2019,3,kg
vegetable,rhubarb,outdoor,6/21/2019,1.5,kg
vegetable,spinach_leaf,loose_bunches,6/21/2019,1.22,kg
vegetable,tomatoes,round,6/21/2019,1.06,kg
vegetable,tomatoes,vine,6/21/2019,1.17,kg
vegetable,tomatoes,cherry,6/21/2019,1.62,kg
vegetable,tomatoes,plum,6/21/2019,1.13,kg
vegetable,watercress,pillow_packs,6/21/2019,9.8,kg
fruit,apples,bramleys_seedling,6/14/2019,1.06,kg
fruit,apples,braeburn,6/14/2019,0.92,kg
fruit,apples,gala,6/14/2019,1.06,kg
fruit,apples,other_late_season,6/14/2019,0.91,kg
fruit,gooseberries,gooseberries,6/14/2019,3.8,kg
fruit,pears,conference,6/14/2019,0.88,kg
fruit,raspberries,raspberries,6/14/2019,9.52,kg
fruit,strawberries,strawberries,6/14/2019,3.22,kg
vegetable,asparagus,asparagus,6/14/2019,5.44,kg
vegetable,beans,broad,6/14/2019,1.4,kg
vegetable,beetroot,beetroot,6/14/2019,0.48,kg
vegetable,pak_choi,pak_choi,6/14/2019,1.88,kg
vegetable,curly_kale,curly_kale,6/14/2019,3,kg
vegetable,cabbage,red,6/14/2019,0.89,kg
vegetable,cabbage,savoy,6/14/2019,0.64,head
vegetable,spring_greens,prepacked,6/14/2019,1,kg
vegetable,cabbage,summer_autumn_pointed,6/14/2019,0.73,kg
vegetable,cabbage,white,6/14/2019,0.97,kg
vegetable,cabbage,round_green_other,6/14/2019,0.57,head
vegetable,calabrese,calabrese,6/14/2019,2.01,kg
vegetable,capsicum,green,6/14/2019,2,kg
vegetable,capsicum,red,6/14/2019,1.83,kg
vegetable,capsicum,yelloworange,6/14/2019,1.46,kg
vegetable,carrots,topped_washed,6/14/2019,0.57,kg
vegetable,cauliflower,all,6/14/2019,0.94,head
vegetable,celery,all_washed,6/14/2019,1.39,kg
vegetable,celeriac,celeriac,6/14/2019,0.94,kg
vegetable,coriander,coriander,6/14/2019,1.48,kg
vegetable,courgettes,courgettes,6/14/2019,1.24,kg
vegetable,cucumbers,cucumbers,6/14/2019,0.76,kg
vegetable,lettuce,butterhead_indoor,6/14/2019,0.33,head
vegetable,lettuce,cos,6/14/2019,0.59,head
vegetable,lettuce,crisp_iceberg_type,6/14/2019,0.42,head
vegetable,lettuce,little_gem,6/14/2019,0.59,twin
vegetable,rocket,rocket,6/14/2019,5,kg
vegetable,mixed_babyleaf_salad,pillow_pack,6/14/2019,5.06,kg
vegetable,onion,bulb_brown,6/14/2019,0.84,kg
vegetable,onion,saladspring,6/14/2019,0.3,kg
vegetable,swede,swede,6/14/2019,0.22,kg
vegetable,turnip,turnip,6/14/2019,1.29,kg
vegetable,parsnips,all_varieties,6/14/2019,0.98,kg
vegetable,peas,shelling_all_varieties,6/14/2019,2.11,kg
vegetable,rhubarb,forced,6/14/2019,3.23,kg
vegetable,rhubarb,outdoor,6/14/2019,1.53,kg
vegetable,spinach_leaf,loose_bunches,6/14/2019,1.23,kg
vegetable,tomatoes,round,6/14/2019,0.93,kg
vegetable,tomatoes,vine,6/14/2019,1.12,kg
vegetable,tomatoes,cherry,6/14/2019,1.49,kg
vegetable,watercress,pillow_packs,6/14/2019,9.7,kg
fruit,apples,bramleys_seedling,6/7/2019,0.96,kg
fruit,apples,braeburn,6/7/2019,1.04,kg
fruit,apples,gala,6/7/2019,1.07,kg
fruit,apples,other_late_season,6/7/2019,0.99,kg
fruit,gooseberries,gooseberries,6/7/2019,4.86,kg
fruit,raspberries,raspberries,6/7/2019,9.15,kg
fruit,strawberries,strawberries,6/7/2019,2.34,kg
vegetable,asparagus,asparagus,6/7/2019,4.29,kg
vegetable,beans,broad,6/7/2019,1.89,kg
vegetable,beetroot,beetroot,6/7/2019,0.5,kg
vegetable,pak_choi,pak_choi,6/7/2019,1.7,kg
vegetable,curly_kale,curly_kale,6/7/2019,3.01,kg
vegetable,cabbage,red,6/7/2019,0.95,kg
vegetable,cabbage,savoy,6/7/2019,0.49,head
vegetable,spring_greens,prepacked,6/7/2019,1.1,kg
vegetable,cabbage,summer_autumn_pointed,6/7/2019,0.62,kg
vegetable,cabbage,white,6/7/2019,0.98,kg
vegetable,cabbage,round_green_other,6/7/2019,0.57,head
vegetable,calabrese,calabrese,6/7/2019,1.62,kg
vegetable,capsicum,red,6/7/2019,1.64,kg
vegetable,capsicum,elongated,6/7/2019,1.5,kg
vegetable,capsicum,yelloworange,6/7/2019,2,kg
vegetable,carrots,topped_washed,6/7/2019,0.5,kg
vegetable,cauliflower,all,6/7/2019,0.72,head
vegetable,celery,all_washed,6/7/2019,1.33,kg
vegetable,celeriac,celeriac,6/7/2019,0.86,kg
vegetable,coriander,coriander,6/7/2019,1.38,kg
vegetable,courgettes,courgettes,6/7/2019,1.19,kg
vegetable,cucumbers,cucumbers,6/7/2019,0.74,kg
vegetable,leeks,trimmed,6/7/2019,1.08,kg
vegetable,lettuce,butterhead_indoor,6/7/2019,0.33,head
vegetable,lettuce,cos,6/7/2019,0.6,head
vegetable,lettuce,crisp_iceberg_type,6/7/2019,0.41,head
vegetable,lettuce,little_gem,6/7/2019,0.58,twin
vegetable,rocket,rocket,6/7/2019,5.14,kg
vegetable,mixed_babyleaf_salad,pillow_pack,6/7/2019,5.1,kg
vegetable,onion,bulb_brown,6/7/2019,0.8,kg
vegetable,onion,bulb_red,6/7/2019,0.59,kg
vegetable,onion,saladspring,6/7/2019,0.26,kg
vegetable,swede,swede,6/7/2019,0.21,kg
vegetable,turnip,turnip,6/7/2019,1.51,kg
vegetable,parsnips,all_varieties,6/7/2019,1.13,kg
vegetable,peas,shelling_all_varieties,6/7/2019,2.64,kg
vegetable,rhubarb,forced,6/7/2019,3.41,kg
vegetable,rhubarb,outdoor,6/7/2019,1.18,kg
vegetable,spinach_leaf,loose_bunches,6/7/2019,1.29,kg
vegetable,tomatoes,round,6/7/2019,0.86,kg
vegetable,tomatoes,vine,6/7/2019,1.28,kg
vegetable,tomatoes,cherry,6/7/2019,1.45,kg
vegetable,tomatoes,plum,6/7/2019,1.63,kg
vegetable,watercress,pillow_packs,6/7/2019,9.37,kg
fruit,apples,bramleys_seedling,5/31/2019,1.04,kg
fruit,apples,braeburn,5/31/2019,0.89,kg
fruit,apples,gala,5/31/2019,0.95,kg
fruit,apples,other_late_season,5/31/2019,0.84,kg
fruit,raspberries,raspberries,5/31/2019,10.72,kg
fruit,strawberries,strawberries,5/31/2019,2.75,kg
vegetable,asparagus,asparagus,5/31/2019,4.01,kg
vegetable,beans,broad,5/31/2019,2.24,kg
vegetable,beetroot,beetroot,5/31/2019,0.5,kg
vegetable,pak_choi,pak_choi,5/31/2019,1.78,kg
vegetable,curly_kale,curly_kale,5/31/2019,2.68,kg
vegetable,cabbage,red,5/31/2019,0.91,kg
vegetable,spring_greens,prepacked,5/31/2019,1.12,kg
vegetable,cabbage,summer_autumn_pointed,5/31/2019,0.71,kg
vegetable,cabbage,white,5/31/2019,0.8,kg
vegetable,cabbage,round_green_other,5/31/2019,0.68,head
vegetable,calabrese,calabrese,5/31/2019,1.52,kg
vegetable,capsicum,red,5/31/2019,1.66,kg
vegetable,carrots,topped_washed,5/31/2019,0.52,kg
vegetable,cauliflower,all,5/31/2019,0.83,head
vegetable,celery,all_washed,5/31/2019,1.16,kg
vegetable,celeriac,celeriac,5/31/2019,0.72,kg
vegetable,coriander,coriander,5/31/2019,1.26,kg
vegetable,cucumbers,cucumbers,5/31/2019,0.79,kg
vegetable,lettuce,butterhead_indoor,5/31/2019,0.31,head
vegetable,lettuce,cos,5/31/2019,0.62,head
vegetable,lettuce,crisp_iceberg_type,5/31/2019,0.46,head
vegetable,lettuce,little_gem,5/31/2019,0.59,twin
vegetable,rocket,rocket,5/31/2019,4.97,kg
vegetable,mixed_babyleaf_salad,pillow_pack,5/31/2019,4.88,kg
vegetable,onion,bulb_brown,5/31/2019,0.79,kg
vegetable,onion,bulb_red,5/31/2019,0.78,kg
vegetable,onion,saladspring,5/31/2019,0.27,kg
vegetable,swede,swede,5/31/2019,0.21,kg
vegetable,turnip,turnip,5/31/2019,1.51,kg
vegetable,parsnips,all_varieties,5/31/2019,1.04,kg
vegetable,rhubarb,forced,5/31/2019,3.41,kg
vegetable,rhubarb,outdoor,5/31/2019,1.2,kg
vegetable,spinach_leaf,loose_bunches,5/31/2019,1.35,kg
vegetable,tomatoes,round,5/31/2019,0.86,kg
vegetable,tomatoes,vine,5/31/2019,1.39,kg
vegetable,tomatoes,cherry,5/31/2019,1.4,kg
vegetable,watercress,pillow_packs,5/31/2019,9.9,kg
fruit,apples,bramleys_seedling,5/24/2019,1.09,kg
fruit,apples,braeburn,5/24/2019,0.94,kg
fruit,apples,gala,5/24/2019,0.98,kg
fruit,apples,other_late_season,5/24/2019,0.99,kg
fruit,strawberries,strawberries,5/24/2019,3.35,kg
vegetable,asparagus,asparagus,5/24/2019,4.16,kg
vegetable,beans,broad,5/24/2019,1.86,kg
vegetable,beetroot,beetroot,5/24/2019,0.5,kg
vegetable,pak_choi,pak_choi,5/24/2019,1.71,kg
vegetable,curly_kale,curly_kale,5/24/2019,2.6,kg
vegetable,cabbage,red,5/24/2019,0.94,kg
vegetable,spring_greens,prepacked,5/24/2019,1.12,kg
vegetable,cabbage,summer_autumn_pointed,5/24/2019,0.68,kg
vegetable,cabbage,white,5/24/2019,0.75,kg
vegetable,cabbage,round_green_other,5/24/2019,0.66,head
vegetable,calabrese,calabrese,5/24/2019,1.67,kg
vegetable,capsicum,red,5/24/2019,1.8,kg
vegetable,carrots,topped_washed,5/24/2019,0.53,kg
vegetable,cauliflower,all,5/24/2019,0.8,head
vegetable,celeriac,celeriac,5/24/2019,0.79,kg
vegetable,coriander,coriander,5/24/2019,1.18,kg
vegetable,cucumbers,cucumbers,5/24/2019,0.75,kg
vegetable,leeks,trimmed,5/24/2019,1.11,kg
vegetable,lettuce,butterhead_indoor,5/24/2019,0.32,head
vegetable,lettuce,cos,5/24/2019,0.62,head
vegetable,lettuce,crisp_iceberg_type,5/24/2019,0.49,head
vegetable,lettuce,little_gem,5/24/2019,0.59,twin
vegetable,rocket,rocket,5/24/2019,6.1,kg
vegetable,mixed_babyleaf_salad,pillow_pack,5/24/2019,5.62,kg
vegetable,onion,bulb_brown,5/24/2019,0.79,kg
vegetable,onion,bulb_red,5/24/2019,0.81,kg
vegetable,onion,saladspring,5/24/2019,0.27,kg
vegetable,swede,swede,5/24/2019,0.21,kg
vegetable,turnip,turnip,5/24/2019,1.58,kg
vegetable,parsnips,all_varieties,5/24/2019,0.98,kg
vegetable,rhubarb,forced,5/24/2019,2.78,kg
vegetable,rhubarb,outdoor,5/24/2019,1.28,kg
vegetable,spinach_leaf,loose_bunches,5/24/2019,1.23,kg
vegetable,tomatoes,round,5/24/2019,0.77,kg
vegetable,tomatoes,vine,5/24/2019,1.05,kg
vegetable,tomatoes,cherry,5/24/2019,1.42,kg
vegetable,tomatoes,plum,5/24/2019,1,kg
vegetable,watercress,pillow_packs,5/24/2019,9.95,kg
cut_flowers,gladioli,all_varieties,5/24/2019,0.2,stem
fruit,apples,bramleys_seedling,5/17/2019,0.91,kg
fruit,apples,braeburn,5/17/2019,0.88,kg
fruit,apples,gala,5/17/2019,0.96,kg
fruit,apples,other_late_season,5/17/2019,0.78,kg
fruit,strawberries,strawberries,5/17/2019,3.2,kg
vegetable,asparagus,asparagus,5/17/2019,4.14,kg
vegetable,beetroot,beetroot,5/17/2019,0.51,kg
vegetable,pak_choi,pak_choi,5/17/2019,1.74,kg
vegetable,curly_kale,curly_kale,5/17/2019,2.46,kg
vegetable,cabbage,red,5/17/2019,0.86,kg
vegetable,spring_greens,prepacked,5/17/2019,1.28,kg
vegetable,cabbage,summer_autumn_pointed,5/17/2019,0.63,kg
vegetable,cabbage,white,5/17/2019,0.72,kg
vegetable,cabbage,round_green_other,5/17/2019,0.65,head
vegetable,carrots,topped_washed,5/17/2019,0.52,kg
vegetable,cauliflower,all,5/17/2019,0.77,head
vegetable,celeriac,celeriac,5/17/2019,0.95,kg
vegetable,coriander,coriander,5/17/2019,1.32,kg
vegetable,cucumbers,cucumbers,5/17/2019,0.65,kg
vegetable,leeks,trimmed,5/17/2019,1.09,kg
vegetable,lettuce,butterhead_indoor,5/17/2019,0.34,head
vegetable,lettuce,cos,5/17/2019,0.57,head
vegetable,lettuce,crisp_iceberg_type,5/17/2019,0.4,head
vegetable,lettuce,little_gem,5/17/2019,0.6,twin
vegetable,rocket,rocket,5/17/2019,6.19,kg
vegetable,mixed_babyleaf_salad,pillow_pack,5/17/2019,5.62,kg
vegetable,onion,bulb_brown,5/17/2019,0.7,kg
vegetable,onion,bulb_red,5/17/2019,0.85,kg
vegetable,onion,saladspring,5/17/2019,0.27,kg
vegetable,swede,swede,5/17/2019,0.22,kg
vegetable,parsnips,all_varieties,5/17/2019,1.01,kg
vegetable,rhubarb,forced,5/17/2019,2.78,kg
vegetable,rhubarb,outdoor,5/17/2019,1.18,kg
vegetable,spinach_leaf,loose_bunches,5/17/2019,1.27,kg
vegetable,tomatoes,round,5/17/2019,0.91,kg
vegetable,tomatoes,vine,5/17/2019,1.03,kg
vegetable,tomatoes,cherry,5/17/2019,1.45,kg
vegetable,watercress,pillow_packs,5/17/2019,7.92,kg
fruit,apples,bramleys_seedling,5/10/2019,0.95,kg
fruit,apples,coxs_orange_group,5/10/2019,0.66,kg
fruit,apples,braeburn,5/10/2019,0.84,kg
fruit,apples,gala,5/10/2019,0.92,kg
fruit,apples,other_late_season,5/10/2019,0.82,kg
fruit,strawberries,strawberries,5/10/2019,3.43,kg
vegetable,asparagus,asparagus,5/10/2019,5,kg
vegetable,beetroot,beetroot,5/10/2019,0.51,kg
vegetable,pak_choi,pak_choi,5/10/2019,1.82,kg
vegetable,curly_kale,curly_kale,5/10/2019,2.39,kg
vegetable,cabbage,red,5/10/2019,0.84,kg
vegetable,spring_greens,prepacked,5/10/2019,1.24,kg
vegetable,cabbage,summer_autumn_pointed,5/10/2019,0.56,kg
vegetable,cabbage,white,5/10/2019,0.72,kg
vegetable,cabbage,round_green_other,5/10/2019,0.28,head
vegetable,carrots,topped_washed,5/10/2019,0.5,kg
vegetable,cauliflower,all,5/10/2019,0.63,head
vegetable,celeriac,celeriac,5/10/2019,0.93,kg
vegetable,coriander,coriander,5/10/2019,1.5,kg
vegetable,cucumbers,cucumbers,5/10/2019,0.7,kg
vegetable,leeks,trimmed,5/10/2019,1.04,kg
vegetable,lettuce,butterhead_indoor,5/10/2019,0.31,head
vegetable,lettuce,cos,5/10/2019,0.6,head
vegetable,lettuce,crisp_iceberg_type,5/10/2019,0.44,head
vegetable,lettuce,little_gem,5/10/2019,0.61,twin
vegetable,rocket,rocket,5/10/2019,6.1,kg
vegetable,mixed_babyleaf_salad,pillow_pack,5/10/2019,6,kg
vegetable,onion,bulb_brown,5/10/2019,0.74,kg
vegetable,onion,bulb_red,5/10/2019,0.84,kg
vegetable,onion,saladspring,5/10/2019,0.27,kg
vegetable,swede,swede,5/10/2019,0.22,kg
vegetable,parsnips,all_varieties,5/10/2019,0.96,kg
vegetable,rhubarb,forced,5/10/2019,2.78,kg
vegetable,rhubarb,outdoor,5/10/2019,1.24,kg
vegetable,spinach_leaf,loose_bunches,5/10/2019,1.46,kg
vegetable,tomatoes,round,5/10/2019,0.89,kg
vegetable,tomatoes,vine,5/10/2019,1.33,kg
vegetable,tomatoes,cherry,5/10/2019,1.79,kg
vegetable,watercress,pillow_packs,5/10/2019,10.05,kg
cut_flowers,tulips,tulips,5/10/2019,0.2,stem
fruit,apples,bramleys_seedling,5/3/2019,1.02,kg
fruit,apples,coxs_orange_group,5/3/2019,0.75,kg
fruit,apples,braeburn,5/3/2019,0.91,kg
fruit,apples,gala,5/3/2019,0.91,kg
fruit,apples,other_late_season,5/3/2019,0.84,kg
fruit,pears,conference,5/3/2019,0.66,kg
fruit,strawberries,strawberries,5/3/2019,2.39,kg
vegetable,asparagus,asparagus,5/3/2019,6.86,kg
vegetable,beetroot,beetroot,5/3/2019,0.52,kg
vegetable,pak_choi,pak_choi,5/3/2019,1.82,kg
vegetable,curly_kale,curly_kale,5/3/2019,2.16,kg
vegetable,cabbage,red,5/3/2019,0.83,kg
vegetable,cabbage,savoy,5/3/2019,0.32,head
vegetable,spring_greens,prepacked,5/3/2019,1.3,kg
vegetable,cabbage,summer_autumn_pointed,5/3/2019,0.53,kg
vegetable,cabbage,white,5/3/2019,0.69,kg
vegetable,cabbage,round_green_other,5/3/2019,0.48,head
vegetable,capsicum,yelloworange,5/3/2019,2.6,kg
vegetable,carrots,topped_washed,5/3/2019,0.5,kg
vegetable,cauliflower,all,5/3/2019,0.57,head
vegetable,celeriac,celeriac,5/3/2019,0.84,kg
vegetable,coriander,coriander,5/3/2019,2.17,kg
vegetable,cucumbers,cucumbers,5/3/2019,0.74,kg
vegetable,leeks,trimmed,5/3/2019,1.05,kg
vegetable,lettuce,butterhead_indoor,5/3/2019,0.3,head
vegetable,lettuce,cos,5/3/2019,0.58,head
vegetable,lettuce,little_gem,5/3/2019,0.67,twin
vegetable,rocket,rocket,5/3/2019,5.2,kg
vegetable,onion,bulb_brown,5/3/2019,0.73,kg
vegetable,onion,bulb_red,5/3/2019,0.84,kg
vegetable,onion,saladspring,5/3/2019,0.26,kg
vegetable,swede,swede,5/3/2019,0.22,kg
vegetable,parsnips,all_varieties,5/3/2019,0.93,kg
vegetable,rhubarb,forced,5/3/2019,3.63,kg
vegetable,rhubarb,outdoor,5/3/2019,1.26,kg
vegetable,spinach_leaf,loose_bunches,5/3/2019,2.22,kg
vegetable,tomatoes,round,5/3/2019,0.95,kg
vegetable,tomatoes,vine,5/3/2019,1.59,kg
vegetable,tomatoes,cherry,5/3/2019,2.2,kg
vegetable,tomatoes,plum,5/3/2019,1.65,kg
vegetable,watercress,pillow_packs,5/3/2019,9.68,kg
cut_flowers,tulips,tulips,5/3/2019,0.11,stem
fruit,apples,bramleys_seedling,4/26/2019,0.99,kg
fruit,apples,coxs_orange_group,4/26/2019,0.83,kg
fruit,apples,braeburn,4/26/2019,0.78,kg
fruit,apples,gala,4/26/2019,0.79,kg
fruit,apples,other_late_season,4/26/2019,0.84,kg
fruit,pears,conference,4/26/2019,0.65,kg
fruit,strawberries,strawberries,4/26/2019,2.78,kg
vegetable,asparagus,asparagus,4/26/2019,7.76,kg
vegetable,beetroot,beetroot,4/26/2019,0.51,kg
vegetable,brussels_sprouts,brussels_sprouts,4/26/2019,0.72,kg
vegetable,pak_choi,pak_choi,4/26/2019,1.66,kg
vegetable,curly_kale,curly_kale,4/26/2019,2.28,kg
vegetable,cabbage,red,4/26/2019,0.85,kg
vegetable,cabbage,savoy,4/26/2019,0.47,head
vegetable,spring_greens,prepacked,4/26/2019,1.36,kg
vegetable,cabbage,summer_autumn_pointed,4/26/2019,0.58,kg
vegetable,cabbage,white,4/26/2019,0.68,kg
vegetable,cabbage,round_green_other,4/26/2019,0.57,head
vegetable,capsicum,red,4/26/2019,2.25,kg
vegetable,capsicum,yelloworange,4/26/2019,2.25,kg
vegetable,carrots,topped_washed,4/26/2019,0.48,kg
vegetable,cauliflower,all,4/26/2019,0.65,head
vegetable,celeriac,celeriac,4/26/2019,0.87,kg
vegetable,coriander,coriander,4/26/2019,1.5,kg
vegetable,cucumbers,cucumbers,4/26/2019,0.62,kg
vegetable,leeks,trimmed,4/26/2019,1.09,kg
vegetable,lettuce,butterhead_indoor,4/26/2019,0.33,head
vegetable,lettuce,little_gem,4/26/2019,0.77,twin
vegetable,mixed_babyleaf_salad,pillow_pack,4/26/2019,4.8,kg
vegetable,onion,bulb_brown,4/26/2019,0.64,kg
vegetable,onion,bulb_red,4/26/2019,0.81,kg
vegetable,onion,saladspring,4/26/2019,0.26,kg
vegetable,swede,swede,4/26/2019,0.22,kg
vegetable,parsnips,all_varieties,4/26/2019,0.97,kg
vegetable,rhubarb,forced,4/26/2019,3.73,kg
vegetable,rhubarb,outdoor,4/26/2019,1.25,kg
vegetable,spinach_leaf,loose_bunches,4/26/2019,1.35,kg
vegetable,tomatoes,round,4/26/2019,1.29,kg
vegetable,tomatoes,vine,4/26/2019,1.35,kg
vegetable,watercress,pillow_packs,4/26/2019,10.05,kg
cut_flowers,tulips,tulips,4/26/2019,0.19,stem
fruit,apples,bramleys_seedling,4/19/2019,0.91,kg
fruit,apples,coxs_orange_group,4/19/2019,0.88,kg
fruit,apples,braeburn,4/19/2019,0.82,kg
fruit,apples,gala,4/19/2019,0.86,kg
fruit,apples,other_late_season,4/19/2019,0.73,kg
fruit,pears,conference,4/19/2019,0.79,kg
fruit,strawberries,strawberries,4/19/2019,8.21,kg
vegetable,asparagus,asparagus,4/19/2019,9.9,kg
vegetable,beetroot,beetroot,4/19/2019,0.52,kg
vegetable,brussels_sprouts,brussels_sprouts,4/19/2019,0.7,kg
vegetable,pak_choi,pak_choi,4/19/2019,1.63,kg
vegetable,curly_kale,curly_kale,4/19/2019,2.03,kg
vegetable,cabbage,red,4/19/2019,0.84,kg
vegetable,cabbage,savoy,4/19/2019,0.49,head
vegetable,spring_greens,prepacked,4/19/2019,1.32,kg
vegetable,cabbage,summer_autumn_pointed,4/19/2019,0.45,kg
vegetable,cabbage,white,4/19/2019,0.68,kg
vegetable,cabbage,round_green_other,4/19/2019,0.51,head
vegetable,carrots,topped_washed,4/19/2019,0.48,kg
vegetable,cauliflower,all,4/19/2019,0.72,head
vegetable,celeriac,celeriac,4/19/2019,0.83,kg
vegetable,coriander,coriander,4/19/2019,1.5,kg
vegetable,cucumbers,cucumbers,4/19/2019,0.7,kg
vegetable,leeks,trimmed,4/19/2019,1.17,kg
vegetable,lettuce,butterhead_indoor,4/19/2019,0.34,head
vegetable,lettuce,little_gem,4/19/2019,0.54,twin
vegetable,onion,bulb_brown,4/19/2019,0.66,kg
vegetable,onion,bulb_red,4/19/2019,0.81,kg
vegetable,onion,saladspring,4/19/2019,0.26,kg
vegetable,swede,swede,4/19/2019,0.22,kg
vegetable,parsnips,all_varieties,4/19/2019,1,kg
vegetable,rhubarb,forced,4/19/2019,3.75,kg
vegetable,rhubarb,outdoor,4/19/2019,1.25,kg
vegetable,tomatoes,round,4/19/2019,1.12,kg
vegetable,tomatoes,vine,4/19/2019,2.26,kg
vegetable,watercress,pillow_packs,4/19/2019,9.51,kg
cut_flowers,tulips,tulips,4/19/2019,0.2,stem
fruit,apples,bramleys_seedling,4/12/2019,1.05,kg
fruit,apples,coxs_orange_group,4/12/2019,0.73,kg
fruit,apples,braeburn,4/12/2019,0.86,kg
fruit,apples,gala,4/12/2019,0.92,kg
fruit,apples,other_late_season,4/12/2019,0.87,kg
fruit,pears,conference,4/12/2019,0.86,kg
fruit,strawberries,strawberries,4/12/2019,8.03,kg
vegetable,asparagus,asparagus,4/12/2019,9.66,kg
vegetable,beetroot,beetroot,4/12/2019,0.52,kg
vegetable,brussels_sprouts,brussels_sprouts,4/12/2019,0.65,kg
vegetable,pak_choi,pak_choi,4/12/2019,1.87,kg
vegetable,curly_kale,curly_kale,4/12/2019,2.03,kg
vegetable,cabbage,red,4/12/2019,0.78,kg
vegetable,cabbage,savoy,4/12/2019,0.47,head
vegetable,spring_greens,prepacked,4/12/2019,1.13,kg
vegetable,cabbage,white,4/12/2019,0.6,kg
vegetable,cabbage,round_green_other,4/12/2019,0.46,head
vegetable,carrots,topped_washed,4/12/2019,0.48,kg
vegetable,cauliflower,all,4/12/2019,0.63,head
vegetable,celeriac,celeriac,4/12/2019,0.9,kg
vegetable,cucumbers,cucumbers,4/12/2019,0.71,kg
vegetable,leeks,trimmed,4/12/2019,1.2,kg
vegetable,lettuce,butterhead_indoor,4/12/2019,0.33,head
vegetable,lettuce,little_gem,4/12/2019,0.49,twin
vegetable,onion,bulb_brown,4/12/2019,0.68,kg
vegetable,onion,bulb_red,4/12/2019,0.62,kg
vegetable,onion,saladspring,4/12/2019,0.28,kg
vegetable,swede,swede,4/12/2019,0.22,kg
vegetable,parsnips,all_varieties,4/12/2019,0.95,kg
vegetable,rhubarb,forced,4/12/2019,3.21,kg
vegetable,rhubarb,outdoor,4/12/2019,1.64,kg
vegetable,tomatoes,round,4/12/2019,1.31,kg
vegetable,tomatoes,vine,4/12/2019,2.4,kg
vegetable,tomatoes,plum,4/12/2019,4.5,kg
vegetable,watercress,pillow_packs,4/12/2019,9.44,kg
cut_flowers,tulips,tulips,4/12/2019,0.22,stem
fruit,apples,bramleys_seedling,4/5/2019,1.01,kg
fruit,apples,coxs_orange_group,4/5/2019,0.88,kg
fruit,apples,braeburn,4/5/2019,0.87,kg
fruit,apples,gala,4/5/2019,0.82,kg
fruit,apples,other_late_season,4/5/2019,0.85,kg
fruit,pears,conference,4/5/2019,0.7,kg
vegetable,asparagus,asparagus,4/5/2019,10.99,kg
vegetable,beetroot,beetroot,4/5/2019,0.47,kg
vegetable,brussels_sprouts,brussels_sprouts,4/5/2019,0.76,kg
vegetable,pak_choi,pak_choi,4/5/2019,1.68,kg
vegetable,curly_kale,curly_kale,4/5/2019,1.97,kg
vegetable,cabbage,red,4/5/2019,0.73,kg
vegetable,cabbage,savoy,4/5/2019,0.5,head
vegetable,spring_greens,prepacked,4/5/2019,1.18,kg
vegetable,cabbage,white,4/5/2019,0.6,kg
vegetable,cabbage,round_green_other,4/5/2019,0.48,head
vegetable,capsicum,red,4/5/2019,1.8,kg
vegetable,capsicum,yelloworange,4/5/2019,1.6,kg
vegetable,carrots,topped_washed,4/5/2019,0.47,kg
vegetable,cauliflower,all,4/5/2019,0.51,head
vegetable,celeriac,celeriac,4/5/2019,0.74,kg
vegetable,cucumbers,cucumbers,4/5/2019,0.8,kg
vegetable,leeks,trimmed,4/5/2019,1.2,kg
vegetable,lettuce,butterhead_indoor,4/5/2019,0.33,head
vegetable,lettuce,little_gem,4/5/2019,0.53,twin
vegetable,mixed_babyleaf_salad,pillow_pack,4/5/2019,5,kg
vegetable,onion,bulb_brown,4/5/2019,0.68,kg
vegetable,onion,bulb_red,4/5/2019,0.77,kg
vegetable,onion,saladspring,4/5/2019,0.33,kg
vegetable,swede,swede,4/5/2019,0.22,kg
vegetable,parsnips,all_varieties,4/5/2019,0.91,kg
vegetable,rhubarb,forced,4/5/2019,3.14,kg
vegetable,rhubarb,outdoor,4/5/2019,1.78,kg
vegetable,tomatoes,round,4/5/2019,1.21,kg
vegetable,tomatoes,vine,4/5/2019,2.22,kg
vegetable,tomatoes,plum,4/5/2019,4.5,kg
vegetable,watercress,pillow_packs,4/5/2019,8.9,kg
cut_flowers,tulips,tulips,4/5/2019,0.21,stem
fruit,apples,bramleys_seedling,3/29/2019,0.9,kg
fruit,apples,coxs_orange_group,3/29/2019,0.77,kg
fruit,apples,braeburn,3/29/2019,0.76,kg
fruit,apples,gala,3/29/2019,0.82,kg
fruit,apples,other_late_season,3/29/2019,0.77,kg
fruit,pears,conference,3/29/2019,0.66,kg
vegetable,asparagus,asparagus,3/29/2019,12.75,kg
vegetable,beetroot,beetroot,3/29/2019,0.48,kg
vegetable,brussels_sprouts,brussels_sprouts,3/29/2019,0.73,kg
vegetable,pak_choi,pak_choi,3/29/2019,1.6,kg
vegetable,curly_kale,curly_kale,3/29/2019,1.85,kg
vegetable,cabbage,red,3/29/2019,0.67,kg
vegetable,cabbage,savoy,3/29/2019,0.5,head
vegetable,spring_greens,prepacked,3/29/2019,1.23,kg
vegetable,cabbage,white,3/29/2019,0.49,kg
vegetable,cabbage,round_green_other,3/29/2019,0.51,head
vegetable,capsicum,yelloworange,3/29/2019,1.6,kg
vegetable,carrots,topped_washed,3/29/2019,0.44,kg
vegetable,cauliflower,all,3/29/2019,0.51,head
vegetable,celeriac,celeriac,3/29/2019,0.85,kg
vegetable,cucumbers,cucumbers,3/29/2019,0.75,kg
vegetable,leeks,trimmed,3/29/2019,1.19,kg
vegetable,lettuce,butterhead_indoor,3/29/2019,0.33,head
vegetable,lettuce,little_gem,3/29/2019,0.51,twin
vegetable,mixed_babyleaf_salad,pillow_pack,3/29/2019,4.9,kg
vegetable,onion,bulb_brown,3/29/2019,0.67,kg
vegetable,onion,bulb_red,3/29/2019,0.76,kg
vegetable,swede,swede,3/29/2019,0.22,kg
vegetable,parsnips,all_varieties,3/29/2019,0.92,kg
vegetable,rhubarb,forced,3/29/2019,2.74,kg
vegetable,rhubarb,outdoor,3/29/2019,1.89,kg
vegetable,watercress,pillow_packs,3/29/2019,9.55,kg
cut_flowers,tulips,tulips,3/29/2019,0.19,stem
fruit,apples,bramleys_seedling,3/22/2019,0.89,kg
fruit,apples,coxs_orange_group,3/22/2019,0.8,kg
fruit,apples,braeburn,3/22/2019,0.74,kg
fruit,apples,gala,3/22/2019,0.86,kg
fruit,apples,other_late_season,3/22/2019,0.8,kg
fruit,pears,conference,3/22/2019,0.59,kg
vegetable,asparagus,asparagus,3/22/2019,15,kg
vegetable,beetroot,beetroot,3/22/2019,0.46,kg
vegetable,brussels_sprouts,brussels_sprouts,3/22/2019,0.77,kg
vegetable,pak_choi,pak_choi,3/22/2019,1.67,kg
vegetable,curly_kale,curly_kale,3/22/2019,1.87,kg
vegetable,cabbage,red,3/22/2019,0.68,kg
vegetable,cabbage,savoy,3/22/2019,0.49,head
vegetable,spring_greens,prepacked,3/22/2019,1.49,kg
vegetable,cabbage,white,3/22/2019,0.49,kg
vegetable,cabbage,round_green_other,3/22/2019,0.49,head
vegetable,capsicum,green,3/22/2019,1,kg
vegetable,carrots,topped_washed,3/22/2019,0.46,kg
vegetable,cauliflower,all,3/22/2019,0.56,head
vegetable,celeriac,celeriac,3/22/2019,0.82,kg
vegetable,cucumbers,cucumbers,3/22/2019,0.78,kg
vegetable,leeks,trimmed,3/22/2019,1.22,kg
vegetable,lettuce,butterhead_indoor,3/22/2019,0.34,head
vegetable,lettuce,little_gem,3/22/2019,0.55,twin
vegetable,onion,bulb_brown,3/22/2019,0.69,kg
vegetable,onion,bulb_red,3/22/2019,0.79,kg
vegetable,swede,swede,3/22/2019,0.22,kg
vegetable,turnip,turnip,3/22/2019,0.56,kg
vegetable,parsnips,all_varieties,3/22/2019,0.92,kg
vegetable,rhubarb,forced,3/22/2019,3.06,kg
vegetable,rhubarb,outdoor,3/22/2019,1.87,kg
vegetable,tomatoes,vine,3/22/2019,2.22,kg
vegetable,watercress,pillow_packs,3/22/2019,9.16,kg
cut_flowers,tulips,tulips,3/22/2019,0.21,stem
fruit,apples,bramleys_seedling,3/15/2019,0.85,kg
fruit,apples,coxs_orange_group,3/15/2019,0.82,kg
fruit,apples,egremont_russet,3/15/2019,1.26,kg
fruit,apples,braeburn,3/15/2019,0.74,kg
fruit,apples,gala,3/15/2019,0.78,kg
fruit,apples,other_late_season,3/15/2019,0.91,kg
fruit,pears,conference,3/15/2019,0.69,kg
vegetable,beetroot,beetroot,3/15/2019,0.47,kg
vegetable,brussels_sprouts,brussels_sprouts,3/15/2019,0.76,kg
vegetable,pak_choi,pak_choi,3/15/2019,1.72,kg
vegetable,curly_kale,curly_kale,3/15/2019,2.05,kg
vegetable,cabbage,red,3/15/2019,0.68,kg
vegetable,cabbage,savoy,3/15/2019,0.5,head
vegetable,spring_greens,prepacked,3/15/2019,1.28,kg
vegetable,cabbage,white,3/15/2019,0.48,kg
vegetable,cabbage,round_green_other,3/15/2019,0.49,head
vegetable,capsicum,green,3/15/2019,1.7,kg
vegetable,carrots,topped_washed,3/15/2019,0.46,kg
vegetable,cauliflower,all,3/15/2019,0.7,head
vegetable,celeriac,celeriac,3/15/2019,0.98,kg
vegetable,cucumbers,cucumbers,3/15/2019,0.71,kg
vegetable,leeks,trimmed,3/15/2019,1.21,kg
vegetable,lettuce,butterhead_indoor,3/15/2019,0.36,head
vegetable,lettuce,little_gem,3/15/2019,0.53,twin
vegetable,onion,bulb_brown,3/15/2019,0.65,kg
vegetable,onion,bulb_red,3/15/2019,0.8,kg
vegetable,swede,swede,3/15/2019,0.23,kg
vegetable,turnip,turnip,3/15/2019,0.56,kg
vegetable,parsnips,all_varieties,3/15/2019,0.92,kg
vegetable,rhubarb,forced,3/15/2019,3.26,kg
vegetable,rhubarb,outdoor,3/15/2019,1.94,kg
vegetable,watercress,pillow_packs,3/15/2019,6.65,kg
cut_flowers,tulips,tulips,3/15/2019,0.2,stem
fruit,apples,bramleys_seedling,3/8/2019,0.89,kg
fruit,apples,coxs_orange_group,3/8/2019,0.85,kg
fruit,apples,egremont_russet,3/8/2019,1.14,kg
fruit,apples,braeburn,3/8/2019,0.78,kg
fruit,apples,gala,3/8/2019,0.85,kg
fruit,apples,other_late_season,3/8/2019,1.02,kg
fruit,pears,conference,3/8/2019,0.64,kg
fruit,pears,other,3/8/2019,0.67,kg
vegetable,asparagus,asparagus,3/8/2019,14.66,kg
vegetable,beetroot,beetroot,3/8/2019,0.48,kg
vegetable,brussels_sprouts,brussels_sprouts,3/8/2019,0.76,kg
vegetable,pak_choi,pak_choi,3/8/2019,1.84,kg
vegetable,curly_kale,curly_kale,3/8/2019,2.01,kg
vegetable,cabbage,red,3/8/2019,0.59,kg
vegetable,cabbage,savoy,3/8/2019,0.5,head
vegetable,spring_greens,prepacked,3/8/2019,1.28,kg
vegetable,cabbage,white,3/8/2019,0.46,kg
vegetable,cabbage,round_green_other,3/8/2019,0.48,head
vegetable,capsicum,green,3/8/2019,1.7,kg
vegetable,carrots,topped_washed,3/8/2019,0.47,kg
vegetable,cauliflower,all,3/8/2019,0.74,head
vegetable,celeriac,celeriac,3/8/2019,0.98,kg
vegetable,cucumbers,cucumbers,3/8/2019,0.84,kg
vegetable,leeks,trimmed,3/8/2019,1.2,kg
vegetable,lettuce,butterhead_indoor,3/8/2019,0.38,head
vegetable,lettuce,little_gem,3/8/2019,0.52,twin
vegetable,onion,bulb_brown,3/8/2019,0.65,kg
vegetable,onion,bulb_red,3/8/2019,0.77,kg
vegetable,swede,swede,3/8/2019,0.23,kg
vegetable,turnip,turnip,3/8/2019,0.55,kg
vegetable,parsnips,all_varieties,3/8/2019,0.92,kg
vegetable,rhubarb,forced,3/8/2019,4.29,kg
vegetable,rhubarb,outdoor,3/8/2019,2.91,kg
vegetable,watercress,pillow_packs,3/8/2019,6.59,kg
cut_flowers,tulips,tulips,3/8/2019,0.15,stem
fruit,apples,bramleys_seedling,3/1/2019,0.94,kg
fruit,apples,coxs_orange_group,3/1/2019,0.85,kg
fruit,apples,egremont_russet,3/1/2019,1.18,kg
fruit,apples,braeburn,3/1/2019,0.83,kg
fruit,apples,gala,3/1/2019,0.9,kg
fruit,apples,other_late_season,3/1/2019,0.88,kg
fruit,pears,conference,3/1/2019,0.92,kg
fruit,pears,doyenne_du_comice,3/1/2019,0.9,kg
fruit,pears,other,3/1/2019,0.68,kg
vegetable,beetroot,beetroot,3/1/2019,0.46,kg
vegetable,brussels_sprouts,brussels_sprouts,3/1/2019,0.78,kg
vegetable,pak_choi,pak_choi,3/1/2019,1.78,kg
vegetable,curly_kale,curly_kale,3/1/2019,2.02,kg
vegetable,cabbage,red,3/1/2019,0.62,kg
vegetable,cabbage,savoy,3/1/2019,0.48,head
vegetable,spring_greens,prepacked,3/1/2019,1.29,kg
vegetable,cabbage,white,3/1/2019,0.46,kg
vegetable,cabbage,round_green_other,3/1/2019,0.46,head
vegetable,carrots,topped_washed,3/1/2019,0.49,kg
vegetable,cauliflower,all,3/1/2019,0.66,head
vegetable,celeriac,celeriac,3/1/2019,0.88,kg
vegetable,cucumbers,cucumbers,3/1/2019,0.99,kg
vegetable,leeks,trimmed,3/1/2019,1.26,kg
vegetable,lettuce,butterhead_indoor,3/1/2019,0.4,head
vegetable,lettuce,little_gem,3/1/2019,0.52,twin
vegetable,onion,bulb_brown,3/1/2019,0.64,kg
vegetable,onion,bulb_red,3/1/2019,0.84,kg
vegetable,swede,swede,3/1/2019,0.23,kg
vegetable,turnip,turnip,3/1/2019,0.55,kg
vegetable,parsnips,all_varieties,3/1/2019,0.93,kg
vegetable,rhubarb,forced,3/1/2019,4.7,kg
vegetable,watercress,pillow_packs,3/1/2019,9.49,kg
cut_flowers,tulips,tulips,3/1/2019,0.15,stem
fruit,apples,bramleys_seedling,2/22/2019,0.94,kg
fruit,apples,coxs_orange_group,2/22/2019,0.82,kg
fruit,apples,egremont_russet,2/22/2019,1.15,kg
fruit,apples,braeburn,2/22/2019,0.78,kg
fruit,apples,gala,2/22/2019,0.92,kg
fruit,apples,other_late_season,2/22/2019,0.75,kg
fruit,pears,conference,2/22/2019,0.88,kg
fruit,pears,doyenne_du_comice,2/22/2019,0.89,kg
fruit,pears,other,2/22/2019,0.68,kg
vegetable,beetroot,beetroot,2/22/2019,0.46,kg
vegetable,brussels_sprouts,brussels_sprouts,2/22/2019,0.76,kg
vegetable,pak_choi,pak_choi,2/22/2019,1.72,kg
vegetable,curly_kale,curly_kale,2/22/2019,2.02,kg
vegetable,cabbage,red,2/22/2019,0.6,kg
vegetable,cabbage,savoy,2/22/2019,0.5,head
vegetable,spring_greens,prepacked,2/22/2019,1.31,kg
vegetable,cabbage,white,2/22/2019,0.47,kg
vegetable,cabbage,round_green_other,2/22/2019,0.47,head
vegetable,carrots,topped_washed,2/22/2019,0.46,kg
vegetable,cauliflower,all,2/22/2019,0.59,head
vegetable,celeriac,celeriac,2/22/2019,0.86,kg
vegetable,cucumbers,cucumbers,2/22/2019,1.24,kg
vegetable,leeks,trimmed,2/22/2019,1.26,kg
vegetable,lettuce,butterhead_indoor,2/22/2019,0.4,head
vegetable,lettuce,little_gem,2/22/2019,0.52,twin
vegetable,onion,bulb_brown,2/22/2019,0.61,kg
vegetable,onion,bulb_red,2/22/2019,0.78,kg
vegetable,swede,swede,2/22/2019,0.24,kg
vegetable,turnip,turnip,2/22/2019,0.85,kg
vegetable,parsnips,all_varieties,2/22/2019,0.92,kg
vegetable,rhubarb,forced,2/22/2019,4.62,kg
vegetable,watercress,pillow_packs,2/22/2019,9.08,kg
cut_flowers,tulips,tulips,2/22/2019,0.21,stem
fruit,apples,bramleys_seedling,2/15/2019,0.92,kg
fruit,apples,coxs_orange_group,2/15/2019,0.8,kg
fruit,apples,egremont_russet,2/15/2019,1.13,kg
fruit,apples,braeburn,2/15/2019,0.79,kg
fruit,apples,gala,2/15/2019,0.81,kg
fruit,apples,other_late_season,2/15/2019,0.66,kg
fruit,pears,conference,2/15/2019,0.63,kg
fruit,pears,doyenne_du_comice,2/15/2019,0.81,kg
fruit,pears,other,2/15/2019,0.68,kg
vegetable,beetroot,beetroot,2/15/2019,0.49,kg
vegetable,brussels_sprouts,brussels_sprouts,2/15/2019,0.76,kg
vegetable,pak_choi,pak_choi,2/15/2019,1.85,kg
vegetable,curly_kale,curly_kale,2/15/2019,2.04,kg
vegetable,cabbage,red,2/15/2019,0.6,kg
vegetable,cabbage,savoy,2/15/2019,0.52,head
vegetable,spring_greens,prepacked,2/15/2019,1.04,kg
vegetable,cabbage,white,2/15/2019,0.46,kg
vegetable,cabbage,round_green_other,2/15/2019,0.51,head
vegetable,carrots,topped_washed,2/15/2019,0.47,kg
vegetable,cauliflower,all,2/15/2019,0.71,head
vegetable,celeriac,celeriac,2/15/2019,0.83,kg
vegetable,leeks,trimmed,2/15/2019,1.25,kg
vegetable,lettuce,butterhead_indoor,2/15/2019,0.42,head
vegetable,lettuce,little_gem,2/15/2019,0.49,twin
vegetable,onion,bulb_brown,2/15/2019,0.62,kg
vegetable,onion,bulb_red,2/15/2019,0.79,kg
vegetable,swede,swede,2/15/2019,0.23,kg
vegetable,turnip,turnip,2/15/2019,0.65,kg
vegetable,parsnips,all_varieties,2/15/2019,0.96,kg
vegetable,rhubarb,forced,2/15/2019,3.67,kg
vegetable,watercress,pillow_packs,2/15/2019,6.56,kg
cut_flowers,tulips,tulips,2/15/2019,0.17,stem
fruit,apples,bramleys_seedling,2/8/2019,0.88,kg
fruit,apples,coxs_orange_group,2/8/2019,0.84,kg
fruit,apples,egremont_russet,2/8/2019,1.07,kg
fruit,apples,braeburn,2/8/2019,0.78,kg
fruit,apples,gala,2/8/2019,0.85,kg
fruit,apples,other_late_season,2/8/2019,0.81,kg
fruit,pears,conference,2/8/2019,0.57,kg
fruit,pears,doyenne_du_comice,2/8/2019,0.77,kg
fruit,pears,other,2/8/2019,0.68,kg
vegetable,beetroot,beetroot,2/8/2019,0.5,kg
vegetable,brussels_sprouts,brussels_sprouts,2/8/2019,0.74,kg
vegetable,pak_choi,pak_choi,2/8/2019,1.86,kg
vegetable,curly_kale,curly_kale,2/8/2019,2.08,kg
vegetable,cabbage,red,2/8/2019,0.61,kg
vegetable,cabbage,savoy,2/8/2019,0.5,head
vegetable,spring_greens,prepacked,2/8/2019,0.96,kg
vegetable,cabbage,white,2/8/2019,0.44,kg
vegetable,cabbage,round_green_other,2/8/2019,0.49,head
vegetable,carrots,topped_washed,2/8/2019,0.49,kg
vegetable,cauliflower,all,2/8/2019,0.88,head
vegetable,celeriac,celeriac,2/8/2019,0.81,kg
vegetable,cucumbers,cucumbers,2/8/2019,0.92,kg
vegetable,leeks,trimmed,2/8/2019,1.24,kg
vegetable,lettuce,butterhead_indoor,2/8/2019,0.44,head
vegetable,lettuce,little_gem,2/8/2019,0.58,twin
vegetable,onion,bulb_brown,2/8/2019,0.59,kg
vegetable,onion,bulb_red,2/8/2019,0.81,kg
vegetable,swede,swede,2/8/2019,0.23,kg
vegetable,turnip,turnip,2/8/2019,0.7,kg
vegetable,parsnips,all_varieties,2/8/2019,1.03,kg
vegetable,rhubarb,forced,2/8/2019,3.83,kg
vegetable,watercress,pillow_packs,2/8/2019,6.55,kg
cut_flowers,tulips,tulips,2/8/2019,0.17,stem
fruit,apples,bramleys_seedling,2/1/2019,1,kg
fruit,apples,coxs_orange_group,2/1/2019,0.88,kg
fruit,apples,egremont_russet,2/1/2019,1.13,kg
fruit,apples,braeburn,2/1/2019,0.86,kg
fruit,apples,gala,2/1/2019,0.93,kg
fruit,apples,other_late_season,2/1/2019,0.8,kg
fruit,pears,conference,2/1/2019,0.6,kg
fruit,pears,doyenne_du_comice,2/1/2019,0.89,kg
fruit,pears,other,2/1/2019,0.75,kg
vegetable,beetroot,beetroot,2/1/2019,0.49,kg
vegetable,brussels_sprouts,brussels_sprouts,2/1/2019,0.77,kg
vegetable,pak_choi,pak_choi,2/1/2019,1.91,kg
vegetable,curly_kale,curly_kale,2/1/2019,2.04,kg
vegetable,cabbage,red,2/1/2019,0.59,kg
vegetable,cabbage,savoy,2/1/2019,0.46,head
vegetable,spring_greens,prepacked,2/1/2019,0.81,kg
vegetable,cabbage,white,2/1/2019,0.4,kg
vegetable,cabbage,round_green_other,2/1/2019,0.46,head
vegetable,carrots,topped_washed,2/1/2019,0.48,kg
vegetable,cauliflower,all,2/1/2019,0.89,head
vegetable,celeriac,celeriac,2/1/2019,0.69,kg
vegetable,cucumbers,cucumbers,2/1/2019,1,kg
vegetable,leeks,trimmed,2/1/2019,1.18,kg
vegetable,lettuce,butterhead_indoor,2/1/2019,0.45,head
vegetable,lettuce,little_gem,2/1/2019,0.74,twin
vegetable,onion,bulb_brown,2/1/2019,0.61,kg
vegetable,onion,bulb_red,2/1/2019,0.81,kg
vegetable,swede,swede,2/1/2019,0.23,kg
vegetable,turnip,turnip,2/1/2019,0.66,kg
vegetable,parsnips,all_varieties,2/1/2019,1,kg
vegetable,rhubarb,forced,2/1/2019,5.51,kg
vegetable,watercress,pillow_packs,2/1/2019,6.56,kg
cut_flowers,tulips,tulips,2/1/2019,0.22,stem
fruit,apples,bramleys_seedling,1/25/2019,0.95,kg
fruit,apples,coxs_orange_group,1/25/2019,0.79,kg
fruit,apples,egremont_russet,1/25/2019,1.07,kg
fruit,apples,braeburn,1/25/2019,0.81,kg
fruit,apples,gala,1/25/2019,0.94,kg
fruit,apples,other_late_season,1/25/2019,0.88,kg
fruit,pears,conference,1/25/2019,0.52,kg
fruit,pears,doyenne_du_comice,1/25/2019,0.83,kg
fruit,pears,other,1/25/2019,0.67,kg
vegetable,beetroot,beetroot,1/25/2019,0.46,kg
vegetable,brussels_sprouts,brussels_sprouts,1/25/2019,0.74,kg
vegetable,pak_choi,pak_choi,1/25/2019,2.08,kg
vegetable,curly_kale,curly_kale,1/25/2019,1.94,kg
vegetable,cabbage,red,1/25/2019,0.6,kg
vegetable,cabbage,savoy,1/25/2019,0.49,head
vegetable,spring_greens,prepacked,1/25/2019,0.73,kg
vegetable,cabbage,white,1/25/2019,0.44,kg
vegetable,cabbage,round_green_other,1/25/2019,0.49,head
vegetable,carrots,topped_washed,1/25/2019,0.49,kg
vegetable,cauliflower,all,1/25/2019,0.92,head
vegetable,celeriac,celeriac,1/25/2019,0.79,kg
vegetable,leeks,trimmed,1/25/2019,1.2,kg
vegetable,lettuce,butterhead_indoor,1/25/2019,0.4,head
vegetable,lettuce,little_gem,1/25/2019,0.6,twin
vegetable,onion,bulb_brown,1/25/2019,0.61,kg
vegetable,onion,bulb_red,1/25/2019,0.78,kg
vegetable,swede,swede,1/25/2019,0.23,kg
vegetable,turnip,turnip,1/25/2019,0.9,kg
vegetable,parsnips,all_varieties,1/25/2019,1,kg
vegetable,rhubarb,forced,1/25/2019,5.51,kg
vegetable,tomatoes,vine,1/25/2019,2.75,kg
vegetable,watercress,pillow_packs,1/25/2019,6.58,kg
cut_flowers,tulips,tulips,1/25/2019,0.21,stem
fruit,apples,bramleys_seedling,1/18/2019,0.89,kg
fruit,apples,coxs_orange_group,1/18/2019,0.77,kg
fruit,apples,egremont_russet,1/18/2019,1.16,kg
fruit,apples,braeburn,1/18/2019,0.79,kg
fruit,apples,gala,1/18/2019,0.89,kg
fruit,apples,other_late_season,1/18/2019,0.57,kg
fruit,pears,conference,1/18/2019,0.56,kg
fruit,pears,doyenne_du_comice,1/18/2019,0.74,kg
fruit,pears,other,1/18/2019,0.77,kg
vegetable,beetroot,beetroot,1/18/2019,0.46,kg
vegetable,brussels_sprouts,brussels_sprouts,1/18/2019,0.73,kg
vegetable,pak_choi,pak_choi,1/18/2019,2.06,kg
vegetable,curly_kale,curly_kale,1/18/2019,1.95,kg
vegetable,cabbage,red,1/18/2019,0.58,kg
vegetable,cabbage,savoy,1/18/2019,0.5,head
vegetable,spring_greens,prepacked,1/18/2019,0.71,kg
vegetable,cabbage,white,1/18/2019,0.45,kg
vegetable,cabbage,round_green_other,1/18/2019,0.5,head
vegetable,carrots,topped_washed,1/18/2019,0.49,kg
vegetable,cauliflower,all,1/18/2019,0.73,head
vegetable,celeriac,celeriac,1/18/2019,0.8,kg
vegetable,leeks,trimmed,1/18/2019,1.25,kg
vegetable,lettuce,butterhead_indoor,1/18/2019,0.4,head
vegetable,lettuce,little_gem,1/18/2019,0.63,twin
vegetable,onion,bulb_brown,1/18/2019,0.58,kg
vegetable,onion,bulb_red,1/18/2019,0.77,kg
vegetable,swede,swede,1/18/2019,0.23,kg
vegetable,turnip,turnip,1/18/2019,0.85,kg
vegetable,parsnips,all_varieties,1/18/2019,1.05,kg
vegetable,rhubarb,forced,1/18/2019,5.23,kg
vegetable,watercress,pillow_packs,1/18/2019,8.05,kg
cut_flowers,tulips,tulips,1/18/2019,0.21,stem
fruit,apples,bramleys_seedling,1/11/2019,0.79,kg
fruit,apples,coxs_orange_group,1/11/2019,0.67,kg
fruit,apples,egremont_russet,1/11/2019,0.98,kg
fruit,apples,braeburn,1/11/2019,0.72,kg
fruit,apples,gala,1/11/2019,0.82,kg
fruit,apples,other_late_season,1/11/2019,0.54,kg
fruit,pears,conference,1/11/2019,0.57,kg
fruit,pears,doyenne_du_comice,1/11/2019,0.72,kg
vegetable,beetroot,beetroot,1/11/2019,0.45,kg
vegetable,brussels_sprouts,brussels_sprouts,1/11/2019,0.69,kg
vegetable,pak_choi,pak_choi,1/11/2019,2.07,kg
vegetable,curly_kale,curly_kale,1/11/2019,1.96,kg
vegetable,cabbage,red,1/11/2019,0.57,kg
vegetable,cabbage,savoy,1/11/2019,0.48,head
vegetable,spring_greens,prepacked,1/11/2019,0.65,kg
vegetable,cabbage,white,1/11/2019,0.44,kg
vegetable,cabbage,round_green_other,1/11/2019,0.43,head
vegetable,calabrese,calabrese,1/11/2019,1.06,kg
vegetable,carrots,topped_washed,1/11/2019,0.49,kg
vegetable,cauliflower,all,1/11/2019,0.69,head
vegetable,celeriac,celeriac,1/11/2019,0.9,kg
vegetable,leeks,trimmed,1/11/2019,1.27,kg
vegetable,lettuce,butterhead_indoor,1/11/2019,0.4,head
vegetable,lettuce,little_gem,1/11/2019,0.62,twin
vegetable,onion,bulb_brown,1/11/2019,0.55,kg
vegetable,onion,bulb_red,1/11/2019,0.78,kg
vegetable,swede,swede,1/11/2019,0.23,kg
vegetable,turnip,turnip,1/11/2019,0.7,kg
vegetable,parsnips,all_varieties,1/11/2019,1.09,kg
vegetable,rhubarb,forced,1/11/2019,5.32,kg
vegetable,watercress,pillow_packs,1/11/2019,6.58,kg
cut_flowers,tulips,tulips,1/11/2019,0.24,stem
fruit,apples,bramleys_seedling,12/21/2018,0.75,kg
fruit,apples,coxs_orange_group,12/21/2018,0.81,kg
fruit,apples,egremont_russet,12/21/2018,0.95,kg
fruit,apples,braeburn,12/21/2018,0.7,kg
fruit,apples,gala,12/21/2018,0.79,kg
fruit,apples,other_late_season,12/21/2018,0.66,kg
fruit,pears,conference,12/21/2018,0.57,kg
fruit,pears,doyenne_du_comice,12/21/2018,0.74,kg
vegetable,beetroot,beetroot,12/21/2018,0.48,kg
vegetable,brussels_sprouts,brussels_sprouts,12/21/2018,0.75,kg
vegetable,pak_choi,pak_choi,12/21/2018,2.07,kg
vegetable,curly_kale,curly_kale,12/21/2018,1.88,kg
vegetable,cabbage,red,12/21/2018,0.53,kg
vegetable,cabbage,savoy,12/21/2018,0.45,head
vegetable,spring_greens,prepacked,12/21/2018,0.64,kg
vegetable,cabbage,summer_autumn_pointed,12/21/2018,0.45,kg
vegetable,cabbage,white,12/21/2018,0.43,kg
vegetable,cabbage,round_green_other,12/21/2018,0.45,head
vegetable,calabrese,calabrese,12/21/2018,0.95,kg
vegetable,carrots,topped_washed,12/21/2018,0.5,kg
vegetable,cauliflower,all,12/21/2018,0.61,head
vegetable,celeriac,celeriac,12/21/2018,0.68,kg
vegetable,leeks,trimmed,12/21/2018,1.29,kg
vegetable,lettuce,butterhead_indoor,12/21/2018,0.39,head
vegetable,lettuce,little_gem,12/21/2018,0.6,twin
vegetable,onion,bulb_brown,12/21/2018,0.5,kg
vegetable,onion,bulb_red,12/21/2018,0.73,kg
vegetable,swede,swede,12/21/2018,0.24,kg
vegetable,turnip,turnip,12/21/2018,0.91,kg
vegetable,parsnips,all_varieties,12/21/2018,1.1,kg
vegetable,tomatoes,vine,12/21/2018,1.35,kg
vegetable,watercress,pillow_packs,12/21/2018,7.35,kg
cut_flowers,alstromeria,indoor,12/21/2018,0.33,stem
cut_flowers,lillies,oriental,12/21/2018,0.5,stem
cut_flowers,narcissus,indoor,12/21/2018,0.07,stem
cut_flowers,tulips,tulips,12/21/2018,0.22,stem
pot_plants,cyclamen,13_cm,12/21/2018,1.53,unit
fruit,apples,bramleys_seedling,12/14/2018,0.67,kg
fruit,apples,coxs_orange_group,12/14/2018,0.67,kg
fruit,apples,egremont_russet,12/14/2018,0.86,kg
fruit,apples,braeburn,12/14/2018,0.7,kg
fruit,apples,gala,12/14/2018,0.77,kg
fruit,apples,other_late_season,12/14/2018,0.58,kg
fruit,pears,conference,12/14/2018,0.51,kg
fruit,pears,doyenne_du_comice,12/14/2018,0.67,kg
vegetable,beetroot,beetroot,12/14/2018,0.48,kg
vegetable,brussels_sprouts,brussels_sprouts,12/14/2018,0.74,kg
vegetable,pak_choi,pak_choi,12/14/2018,2.16,kg
vegetable,curly_kale,curly_kale,12/14/2018,1.92,kg
vegetable,cabbage,red,12/14/2018,0.52,kg
vegetable,cabbage,savoy,12/14/2018,0.47,head
vegetable,spring_greens,prepacked,12/14/2018,0.59,kg
vegetable,cabbage,summer_autumn_pointed,12/14/2018,0.48,kg
vegetable,cabbage,white,12/14/2018,0.43,kg
vegetable,cabbage,round_green_other,12/14/2018,0.44,head
vegetable,calabrese,calabrese,12/14/2018,0.93,kg
vegetable,capsicum,elongated,12/14/2018,0.66,kg
vegetable,capsicum,yelloworange,12/14/2018,1,kg
vegetable,carrots,topped_washed,12/14/2018,0.51,kg
vegetable,cauliflower,all,12/14/2018,0.54,head
vegetable,celery,all_washed,12/14/2018,0.56,kg
vegetable,celeriac,celeriac,12/14/2018,0.63,kg
vegetable,coriander,coriander,12/14/2018,0.84,kg
vegetable,leeks,trimmed,12/14/2018,1.3,kg
vegetable,lettuce,butterhead_indoor,12/14/2018,0.4,head
vegetable,lettuce,little_gem,12/14/2018,0.64,twin
vegetable,onion,bulb_brown,12/14/2018,0.5,kg
vegetable,onion,bulb_red,12/14/2018,0.68,kg
vegetable,swede,swede,12/14/2018,0.24,kg
vegetable,turnip,turnip,12/14/2018,0.94,kg
vegetable,parsnips,all_varieties,12/14/2018,1.12,kg
vegetable,spinach_leaf,loose_bunches,12/14/2018,1.02,kg
vegetable,watercress,pillow_packs,12/14/2018,7.54,kg
cut_flowers,alstromeria,indoor,12/14/2018,0.33,stem
cut_flowers,lillies,oriental,12/14/2018,0.69,stem
cut_flowers,narcissus,indoor,12/14/2018,0.09,stem
cut_flowers,narcissus,outdoor,12/14/2018,0.05,stem
cut_flowers,tulips,tulips,12/14/2018,0.22,stem
pot_plants,cyclamen,13_cm,12/14/2018,1.53,unit
pot_plants,poinsettia,13_cm,12/14/2018,2,unit
fruit,apples,bramleys_seedling,12/7/2018,0.69,kg
fruit,apples,coxs_orange_group,12/7/2018,0.65,kg
fruit,apples,egremont_russet,12/7/2018,0.94,kg
fruit,apples,braeburn,12/7/2018,0.76,kg
fruit,apples,gala,12/7/2018,0.75,kg
fruit,apples,other_late_season,12/7/2018,0.74,kg
fruit,pears,conference,12/7/2018,0.55,kg
fruit,pears,doyenne_du_comice,12/7/2018,0.69,kg
vegetable,beetroot,beetroot,12/7/2018,0.48,kg
vegetable,brussels_sprouts,brussels_sprouts,12/7/2018,0.72,kg
vegetable,pak_choi,pak_choi,12/7/2018,2.27,kg
vegetable,curly_kale,curly_kale,12/7/2018,2.43,kg
vegetable,cabbage,red,12/7/2018,0.5,kg
vegetable,cabbage,savoy,12/7/2018,0.47,head
vegetable,spring_greens,prepacked,12/7/2018,0.68,kg
vegetable,cabbage,summer_autumn_pointed,12/7/2018,0.45,kg
vegetable,cabbage,white,12/7/2018,0.43,kg
vegetable,cabbage,round_green_other,12/7/2018,0.44,head
vegetable,calabrese,calabrese,12/7/2018,0.95,kg
vegetable,capsicum,elongated,12/7/2018,0.66,kg
vegetable,capsicum,yelloworange,12/7/2018,1,kg
vegetable,carrots,topped_washed,12/7/2018,0.49,kg
vegetable,cauliflower,all,12/7/2018,0.47,head
vegetable,celery,all_washed,12/7/2018,0.72,kg
vegetable,celeriac,celeriac,12/7/2018,0.62,kg
vegetable,coriander,coriander,12/7/2018,1.08,kg
vegetable,leeks,trimmed,12/7/2018,1.28,kg
vegetable,lettuce,butterhead_indoor,12/7/2018,0.34,head
vegetable,lettuce,little_gem,12/7/2018,0.61,twin
vegetable,onion,bulb_brown,12/7/2018,0.51,kg
vegetable,onion,bulb_red,12/7/2018,0.74,kg
vegetable,swede,swede,12/7/2018,0.24,kg
vegetable,turnip,turnip,12/7/2018,0.96,kg
vegetable,parsnips,all_varieties,12/7/2018,1.15,kg
vegetable,spinach_leaf,loose_bunches,12/7/2018,0.97,kg
vegetable,tomatoes,round,12/7/2018,0.93,kg
vegetable,tomatoes,vine,12/7/2018,0.75,kg
vegetable,watercress,pillow_packs,12/7/2018,7.86,kg
cut_flowers,alstromeria,indoor,12/7/2018,0.27,stem
cut_flowers,lillies,oriental,12/7/2018,0.53,stem
cut_flowers,narcissus,indoor,12/7/2018,0.08,stem
cut_flowers,narcissus,outdoor,12/7/2018,0.06,stem
pot_plants,cyclamen,13_cm,12/7/2018,1,unit
pot_plants,poinsettia,13_cm,12/7/2018,2,unit
fruit,apples,bramleys_seedling,11/30/2018,0.67,kg
fruit,apples,coxs_orange_group,11/30/2018,0.65,kg
fruit,apples,egremont_russet,11/30/2018,0.94,kg
fruit,apples,braeburn,11/30/2018,0.76,kg
fruit,apples,gala,11/30/2018,0.71,kg
fruit,apples,other_late_season,11/30/2018,0.64,kg
fruit,pears,conference,11/30/2018,0.55,kg
fruit,pears,doyenne_du_comice,11/30/2018,0.71,kg
vegetable,beetroot,beetroot,11/30/2018,0.48,kg
vegetable,brussels_sprouts,brussels_sprouts,11/30/2018,0.74,kg
vegetable,pak_choi,pak_choi,11/30/2018,2.1,kg
vegetable,curly_kale,curly_kale,11/30/2018,2.45,kg
vegetable,cabbage,red,11/30/2018,0.51,kg
vegetable,cabbage,savoy,11/30/2018,0.45,head
vegetable,spring_greens,prepacked,11/30/2018,0.69,kg
vegetable,cabbage,summer_autumn_pointed,11/30/2018,0.48,kg
vegetable,cabbage,white,11/30/2018,0.46,kg
vegetable,cabbage,round_green_other,11/30/2018,0.44,head
vegetable,calabrese,calabrese,11/30/2018,1.04,kg
vegetable,capsicum,green,11/30/2018,0.65,kg
vegetable,capsicum,red,11/30/2018,0.64,kg
vegetable,capsicum,elongated,11/30/2018,0.75,kg
vegetable,capsicum,yelloworange,11/30/2018,0.64,kg
vegetable,carrots,topped_washed,11/30/2018,0.49,kg
vegetable,cauliflower,all,11/30/2018,0.55,head
vegetable,celery,all_washed,11/30/2018,0.72,kg
vegetable,celeriac,celeriac,11/30/2018,0.6,kg
vegetable,coriander,coriander,11/30/2018,1.06,kg
vegetable,leeks,trimmed,11/30/2018,1.34,kg
vegetable,lettuce,butterhead_indoor,11/30/2018,0.34,head
vegetable,lettuce,little_gem,11/30/2018,0.63,twin
vegetable,onion,bulb_brown,11/30/2018,0.48,kg
vegetable,onion,bulb_red,11/30/2018,0.68,kg
vegetable,swede,swede,11/30/2018,0.25,kg
vegetable,turnip,turnip,11/30/2018,0.97,kg
vegetable,parsnips,all_varieties,11/30/2018,1.22,kg
vegetable,spinach_leaf,loose_bunches,11/30/2018,1.49,kg
vegetable,tomatoes,vine,11/30/2018,0.91,kg
vegetable,tomatoes,cherry,11/30/2018,0.69,kg
vegetable,watercress,pillow_packs,11/30/2018,8.72,kg
cut_flowers,alstromeria,indoor,11/30/2018,0.23,stem
cut_flowers,chrysanthemum,indoor_spray,11/30/2018,0.17,stem
cut_flowers,lillies,oriental,11/30/2018,0.58,stem
cut_flowers,narcissus,outdoor,11/30/2018,0.06,stem
pot_plants,cyclamen,13_cm,11/30/2018,1.5,unit
pot_plants,poinsettia,13_cm,11/30/2018,2,unit
fruit,apples,bramleys_seedling,11/23/2018,0.77,kg
fruit,apples,coxs_orange_group,11/23/2018,0.69,kg
fruit,apples,egremont_russet,11/23/2018,0.94,kg
fruit,apples,braeburn,11/23/2018,0.74,kg
fruit,apples,gala,11/23/2018,0.7,kg
fruit,apples,other_mid_season,11/23/2018,0.32,kg
fruit,apples,other_late_season,11/23/2018,0.7,kg
fruit,pears,conference,11/23/2018,0.61,kg
fruit,pears,doyenne_du_comice,11/23/2018,0.75,kg
fruit,raspberries,raspberries,11/23/2018,16,kg
vegetable,beetroot,beetroot,11/23/2018,0.48,kg
vegetable,brussels_sprouts,brussels_sprouts,11/23/2018,0.72,kg
vegetable,pak_choi,pak_choi,11/23/2018,1.97,kg
vegetable,curly_kale,curly_kale,11/23/2018,2.57,kg
vegetable,cabbage,red,11/23/2018,0.49,kg
vegetable,cabbage,savoy,11/23/2018,0.47,head
vegetable,spring_greens,prepacked,11/23/2018,0.69,kg
vegetable,cabbage,summer_autumn_pointed,11/23/2018,0.51,kg
vegetable,cabbage,white,11/23/2018,0.47,kg
vegetable,cabbage,round_green_other,11/23/2018,0.43,head
vegetable,calabrese,calabrese,11/23/2018,1.09,kg
vegetable,capsicum,green,11/23/2018,0.67,kg
vegetable,capsicum,red,11/23/2018,0.65,kg
vegetable,capsicum,yelloworange,11/23/2018,0.8,kg
vegetable,carrots,topped_washed,11/23/2018,0.5,kg
vegetable,cauliflower,all,11/23/2018,0.59,head
vegetable,celery,all_washed,11/23/2018,0.84,kg
vegetable,celeriac,celeriac,11/23/2018,0.61,kg
vegetable,coriander,coriander,11/23/2018,1.2,kg
vegetable,cucumbers,cucumbers,11/23/2018,0.8,kg
vegetable,leeks,trimmed,11/23/2018,1.37,kg
vegetable,lettuce,butterhead_indoor,11/23/2018,0.32,head
vegetable,lettuce,cos,11/23/2018,0.63,head
vegetable,lettuce,little_gem,11/23/2018,0.59,twin
vegetable,mixed_babyleaf_salad,pillow_pack,11/23/2018,5,kg
vegetable,onion,bulb_brown,11/23/2018,0.44,kg
vegetable,onion,bulb_red,11/23/2018,0.66,kg
vegetable,swede,swede,11/23/2018,0.25,kg
vegetable,turnip,turnip,11/23/2018,0.95,kg
vegetable,parsnips,all_varieties,11/23/2018,1.24,kg
vegetable,spinach_leaf,loose_bunches,11/23/2018,1.72,kg
vegetable,tomatoes,round,11/23/2018,1.1,kg
vegetable,tomatoes,vine,11/23/2018,1.3,kg
vegetable,tomatoes,cherry,11/23/2018,0.98,kg
vegetable,tomatoes,plum,11/23/2018,0.6,kg
vegetable,watercress,pillow_packs,11/23/2018,8.69,kg
cut_flowers,alstromeria,indoor,11/23/2018,0.27,stem
cut_flowers,chrysanthemum,indoor_spray,11/23/2018,0.17,stem
cut_flowers,gladioli,all_varieties,11/23/2018,0.12,stem
cut_flowers,lillies,oriental,11/23/2018,0.71,stem
cut_flowers,narcissus,outdoor,11/23/2018,0.06,stem
pot_plants,cyclamen,13_cm,11/23/2018,2,unit
fruit,apples,bramleys_seedling,11/16/2018,0.73,kg
fruit,apples,coxs_orange_group,11/16/2018,0.66,kg
fruit,apples,egremont_russet,11/16/2018,0.89,kg
fruit,apples,braeburn,11/16/2018,0.74,kg
fruit,apples,gala,11/16/2018,0.7,kg
fruit,apples,other_late_season,11/16/2018,0.68,kg
fruit,pears,conference,11/16/2018,0.66,kg
fruit,pears,doyenne_du_comice,11/16/2018,0.75,kg
fruit,pears,other,11/16/2018,0.84,kg
fruit,raspberries,raspberries,11/16/2018,16,kg
vegetable,beetroot,beetroot,11/16/2018,0.46,kg
vegetable,brussels_sprouts,brussels_sprouts,11/16/2018,0.77,kg
vegetable,pak_choi,pak_choi,11/16/2018,2.14,kg
vegetable,curly_kale,curly_kale,11/16/2018,2.59,kg
vegetable,cabbage,red,11/16/2018,0.5,kg
vegetable,cabbage,savoy,11/16/2018,0.46,head
vegetable,spring_greens,prepacked,11/16/2018,0.69,kg
vegetable,cabbage,summer_autumn_pointed,11/16/2018,0.52,kg
vegetable,cabbage,white,11/16/2018,0.47,kg
vegetable,cabbage,round_green_other,11/16/2018,0.43,head
vegetable,calabrese,calabrese,11/16/2018,1.08,kg
vegetable,capsicum,green,11/16/2018,0.66,kg
vegetable,capsicum,red,11/16/2018,0.68,kg
vegetable,capsicum,yelloworange,11/16/2018,0.5,kg
vegetable,carrots,topped_washed,11/16/2018,0.52,kg
vegetable,cauliflower,all,11/16/2018,0.57,head
vegetable,celery,all_washed,11/16/2018,0.75,kg
vegetable,celeriac,celeriac,11/16/2018,0.62,kg
vegetable,coriander,coriander,11/16/2018,1.14,kg
vegetable,cucumbers,cucumbers,11/16/2018,0.8,kg
vegetable,leeks,trimmed,11/16/2018,1.36,kg
vegetable,lettuce,butterhead_indoor,11/16/2018,0.31,head
vegetable,lettuce,cos,11/16/2018,0.59,head
vegetable,lettuce,crisp_iceberg_type,11/16/2018,0.54,head
vegetable,lettuce,little_gem,11/16/2018,0.61,twin
vegetable,mixed_babyleaf_salad,pillow_pack,11/16/2018,4.8,kg
vegetable,onion,bulb_brown,11/16/2018,0.42,kg
vegetable,onion,bulb_red,11/16/2018,0.72,kg
vegetable,onion,saladspring,11/16/2018,0.26,kg
vegetable,swede,swede,11/16/2018,0.25,kg
vegetable,turnip,turnip,11/16/2018,1.02,kg
vegetable,parsnips,all_varieties,11/16/2018,1.33,kg
vegetable,spinach_leaf,loose_bunches,11/16/2018,1.22,kg
vegetable,tomatoes,round,11/16/2018,0.45,kg
vegetable,tomatoes,cherry,11/16/2018,1.13,kg
vegetable,tomatoes,plum,11/16/2018,0.75,kg
vegetable,watercress,pillow_packs,11/16/2018,8.73,kg
cut_flowers,alstromeria,indoor,11/16/2018,0.26,stem
cut_flowers,lillies,oriental,11/16/2018,0.76,stem
fruit,apples,bramleys_seedling,11/9/2018,0.74,kg
fruit,apples,coxs_orange_group,11/9/2018,0.68,kg
fruit,apples,egremont_russet,11/9/2018,0.79,kg
fruit,apples,braeburn,11/9/2018,0.62,kg
fruit,apples,gala,11/9/2018,0.76,kg
fruit,apples,other_late_season,11/9/2018,0.72,kg
fruit,pears,conference,11/9/2018,0.68,kg
fruit,pears,doyenne_du_comice,11/9/2018,0.73,kg
fruit,pears,other,11/9/2018,0.44,kg
fruit,strawberries,strawberries,11/9/2018,4.25,kg
vegetable,beetroot,beetroot,11/9/2018,0.47,kg
vegetable,brussels_sprouts,brussels_sprouts,11/9/2018,0.81,kg
vegetable,pak_choi,pak_choi,11/9/2018,2.01,kg
vegetable,curly_kale,curly_kale,11/9/2018,2.67,kg
vegetable,cabbage,red,11/9/2018,0.49,kg
vegetable,cabbage,savoy,11/9/2018,0.47,head
vegetable,spring_greens,prepacked,11/9/2018,0.68,kg
vegetable,cabbage,summer_autumn_pointed,11/9/2018,0.53,kg
vegetable,cabbage,white,11/9/2018,0.5,kg
vegetable,cabbage,round_green_other,11/9/2018,0.44,head
vegetable,calabrese,calabrese,11/9/2018,1.1,kg
vegetable,capsicum,green,11/9/2018,0.68,kg
vegetable,capsicum,red,11/9/2018,0.7,kg
vegetable,capsicum,yelloworange,11/9/2018,0.5,kg
vegetable,carrots,topped_washed,11/9/2018,0.5,kg
vegetable,cauliflower,all,11/9/2018,0.52,head
vegetable,celery,all_washed,11/9/2018,0.8,kg
vegetable,celeriac,celeriac,11/9/2018,0.61,kg
vegetable,coriander,coriander,11/9/2018,1.29,kg
vegetable,cucumbers,cucumbers,11/9/2018,0.8,kg
vegetable,leeks,trimmed,11/9/2018,1.43,kg
vegetable,lettuce,butterhead_indoor,11/9/2018,0.33,head
vegetable,lettuce,cos,11/9/2018,0.55,head
vegetable,lettuce,crisp_iceberg_type,11/9/2018,0.45,head
vegetable,lettuce,little_gem,11/9/2018,0.61,twin
vegetable,rocket,rocket,11/9/2018,4.57,kg
vegetable,mixed_babyleaf_salad,pillow_pack,11/9/2018,4.63,kg
vegetable,onion,bulb_brown,11/9/2018,0.46,kg
vegetable,onion,bulb_red,11/9/2018,0.72,kg
vegetable,onion,saladspring,11/9/2018,0.26,kg
vegetable,swede,swede,11/9/2018,0.25,kg
vegetable,turnip,turnip,11/9/2018,1.1,kg
vegetable,parsnips,all_varieties,11/9/2018,1.32,kg
vegetable,spinach_leaf,loose_bunches,11/9/2018,1.32,kg
vegetable,tomatoes,round,11/9/2018,0.65,kg
vegetable,tomatoes,vine,11/9/2018,0.72,kg
vegetable,watercress,pillow_packs,11/9/2018,8.83,kg
cut_flowers,alstromeria,indoor,11/9/2018,0.27,stem
cut_flowers,lillies,oriental,11/9/2018,0.75,stem
cut_flowers,narcissus,indoor,11/9/2018,0.05,stem
pot_plants,cyclamen,13_cm,11/9/2018,1.5,unit
fruit,apples,bramleys_seedling,11/2/2018,0.72,kg
fruit,apples,coxs_orange_group,11/2/2018,0.69,kg
fruit,apples,egremont_russet,11/2/2018,0.88,kg
fruit,apples,braeburn,11/2/2018,0.88,kg
fruit,apples,gala,11/2/2018,0.76,kg
fruit,apples,other_mid_season,11/2/2018,0.37,kg
fruit,apples,other_late_season,11/2/2018,0.72,kg
fruit,pears,conference,11/2/2018,0.69,kg
fruit,pears,doyenne_du_comice,11/2/2018,0.82,kg
fruit,pears,other,11/2/2018,0.85,kg
fruit,raspberries,raspberries,11/2/2018,4.68,kg
fruit,strawberries,strawberries,11/2/2018,1.88,kg
vegetable,beans,dwarf_french_or_kidney,11/2/2018,2.09,kg
vegetable,beetroot,beetroot,11/2/2018,0.45,kg
vegetable,brussels_sprouts,brussels_sprouts,11/2/2018,0.85,kg
vegetable,pak_choi,pak_choi,11/2/2018,1.84,kg
vegetable,curly_kale,curly_kale,11/2/2018,2.62,kg
vegetable,cabbage,red,11/2/2018,0.47,kg
vegetable,cabbage,savoy,11/2/2018,0.47,head
vegetable,spring_greens,prepacked,11/2/2018,0.69,kg
vegetable,cabbage,summer_autumn_pointed,11/2/2018,0.54,kg
vegetable,cabbage,white,11/2/2018,0.47,kg
vegetable,cabbage,round_green_other,11/2/2018,0.43,head
vegetable,calabrese,calabrese,11/2/2018,1.09,kg
vegetable,capsicum,green,11/2/2018,0.63,kg
vegetable,capsicum,red,11/2/2018,0.63,kg
vegetable,carrots,topped_washed,11/2/2018,0.51,kg
vegetable,cauliflower,all,11/2/2018,0.52,head
vegetable,celery,all_washed,11/2/2018,0.83,kg
vegetable,celeriac,celeriac,11/2/2018,0.64,kg
vegetable,coriander,coriander,11/2/2018,1.27,kg
vegetable,cucumbers,cucumbers,11/2/2018,0.77,kg
vegetable,leeks,trimmed,11/2/2018,1.44,kg
vegetable,lettuce,butterhead_indoor,11/2/2018,0.33,head
vegetable,lettuce,cos,11/2/2018,0.51,head
vegetable,lettuce,crisp_iceberg_type,11/2/2018,0.42,head
vegetable,lettuce,little_gem,11/2/2018,0.53,twin
vegetable,rocket,rocket,11/2/2018,4.56,kg
vegetable,mixed_babyleaf_salad,pillow_pack,11/2/2018,4.57,kg
vegetable,onion,bulb_brown,11/2/2018,0.45,kg
vegetable,onion,bulb_red,11/2/2018,0.7,kg
vegetable,onion,saladspring,11/2/2018,0.31,kg
vegetable,swede,swede,11/2/2018,0.25,kg
vegetable,turnip,turnip,11/2/2018,1.24,kg
vegetable,parsnips,all_varieties,11/2/2018,1.32,kg
vegetable,spinach_leaf,loose_bunches,11/2/2018,1.42,kg
vegetable,tomatoes,round,11/2/2018,0.69,kg
vegetable,watercress,pillow_packs,11/2/2018,8.87,kg
cut_flowers,alstromeria,indoor,11/2/2018,0.26,stem
cut_flowers,lillies,oriental,11/2/2018,0.73,stem
fruit,apples,bramleys_seedling,10/26/2018,0.74,kg
fruit,apples,coxs_orange_group,10/26/2018,0.7,kg
fruit,apples,egremont_russet,10/26/2018,0.86,kg
fruit,apples,braeburn,10/26/2018,0.87,kg
fruit,apples,gala,10/26/2018,0.77,kg
fruit,apples,other_mid_season,10/26/2018,0.37,kg
fruit,apples,other_late_season,10/26/2018,0.72,kg
fruit,blueberries,blueberries,10/26/2018,5.2,kg
fruit,pears,conference,10/26/2018,0.65,kg
fruit,pears,doyenne_du_comice,10/26/2018,0.86,kg
fruit,raspberries,raspberries,10/26/2018,4.02,kg
fruit,strawberries,strawberries,10/26/2018,2,kg
vegetable,beans,dwarf_french_or_kidney,10/26/2018,1.9,kg
vegetable,beetroot,beetroot,10/26/2018,0.46,kg
vegetable,brussels_sprouts,brussels_sprouts,10/26/2018,0.9,kg
vegetable,pak_choi,pak_choi,10/26/2018,2.06,kg
vegetable,curly_kale,curly_kale,10/26/2018,2.54,kg
vegetable,cabbage,red,10/26/2018,0.49,kg
vegetable,cabbage,savoy,10/26/2018,0.47,head
vegetable,spring_greens,prepacked,10/26/2018,0.69,kg
vegetable,cabbage,summer_autumn_pointed,10/26/2018,0.53,kg
vegetable,cabbage,white,10/26/2018,0.46,kg
vegetable,cabbage,round_green_other,10/26/2018,0.41,head
vegetable,calabrese,calabrese,10/26/2018,1.27,kg
vegetable,capsicum,green,10/26/2018,0.61,kg
vegetable,capsicum,red,10/26/2018,0.64,kg
vegetable,capsicum,yelloworange,10/26/2018,0.5,kg
vegetable,carrots,topped_washed,10/26/2018,0.49,kg
vegetable,cauliflower,all,10/26/2018,0.43,head
vegetable,celery,all_washed,10/26/2018,0.82,kg
vegetable,celeriac,celeriac,10/26/2018,0.68,kg
vegetable,coriander,coriander,10/26/2018,1.53,kg
vegetable,cucumbers,cucumbers,10/26/2018,0.75,kg
vegetable,leeks,trimmed,10/26/2018,1.46,kg
vegetable,lettuce,butterhead_indoor,10/26/2018,0.32,head
vegetable,lettuce,cos,10/26/2018,0.47,head
vegetable,lettuce,crisp_iceberg_type,10/26/2018,0.39,head
vegetable,lettuce,little_gem,10/26/2018,0.53,twin
vegetable,rocket,rocket,10/26/2018,4.57,kg
vegetable,mixed_babyleaf_salad,pillow_pack,10/26/2018,4.58,kg
vegetable,onion,bulb_brown,10/26/2018,0.44,kg
vegetable,onion,bulb_red,10/26/2018,0.65,kg
vegetable,onion,saladspring,10/26/2018,0.24,kg
vegetable,swede,swede,10/26/2018,0.25,kg
vegetable,turnip,turnip,10/26/2018,1.19,kg
vegetable,parsnips,all_varieties,10/26/2018,1.31,kg
vegetable,spinach_leaf,loose_bunches,10/26/2018,1.46,kg
vegetable,tomatoes,round,10/26/2018,0.71,kg
vegetable,tomatoes,cherry,10/26/2018,1.26,kg
vegetable,tomatoes,plum,10/26/2018,1.3,kg
vegetable,watercress,pillow_packs,10/26/2018,8,kg
cut_flowers,alstromeria,indoor,10/26/2018,0.25,stem
cut_flowers,lillies,oriental,10/26/2018,0.53,stem
cut_flowers,narcissus,outdoor,10/26/2018,0.1,stem
cut_flowers,tulips,tulips,10/26/2018,0.2,stem
pot_plants,cyclamen,13_cm,10/26/2018,1.5,unit
fruit,apples,bramleys_seedling,10/19/2018,0.67,kg
fruit,apples,coxs_orange_group,10/19/2018,0.68,kg
fruit,apples,egremont_russet,10/19/2018,0.8,kg
fruit,apples,braeburn,10/19/2018,0.68,kg
fruit,apples,gala,10/19/2018,0.71,kg
fruit,apples,other_mid_season,10/19/2018,0.99,kg
fruit,apples,other_late_season,10/19/2018,0.74,kg
fruit,pears,conference,10/19/2018,0.59,kg
fruit,pears,doyenne_du_comice,10/19/2018,0.83,kg
fruit,pears,other,10/19/2018,0.49,kg
fruit,raspberries,raspberries,10/19/2018,6.8,kg
fruit,strawberries,strawberries,10/19/2018,1.61,kg
vegetable,beans,broad,10/19/2018,1.35,kg
vegetable,beans,dwarf_french_or_kidney,10/19/2018,1.89,kg
vegetable,beans,runner_climbing,10/19/2018,1.65,kg
vegetable,beetroot,beetroot,10/19/2018,0.45,kg
vegetable,brussels_sprouts,brussels_sprouts,10/19/2018,1.04,kg
vegetable,pak_choi,pak_choi,10/19/2018,2.16,kg
vegetable,curly_kale,curly_kale,10/19/2018,2.38,kg
vegetable,cabbage,red,10/19/2018,0.49,kg
vegetable,cabbage,savoy,10/19/2018,0.46,head
vegetable,spring_greens,prepacked,10/19/2018,0.71,kg
vegetable,cabbage,summer_autumn_pointed,10/19/2018,0.54,kg
vegetable,cabbage,white,10/19/2018,0.45,kg
vegetable,cabbage,round_green_other,10/19/2018,0.41,head
vegetable,calabrese,calabrese,10/19/2018,1.34,kg
vegetable,capsicum,green,10/19/2018,0.55,kg
vegetable,capsicum,red,10/19/2018,0.64,kg
vegetable,capsicum,elongated,10/19/2018,1.8,kg
vegetable,capsicum,yelloworange,10/19/2018,0.8,kg
vegetable,carrots,topped_washed,10/19/2018,0.5,kg
vegetable,cauliflower,all,10/19/2018,0.44,head
vegetable,celery,all_washed,10/19/2018,0.8,kg
vegetable,celeriac,celeriac,10/19/2018,0.64,kg
vegetable,coriander,coriander,10/19/2018,1.72,kg
vegetable,courgettes,courgettes,10/19/2018,1.21,kg
vegetable,cucumbers,cucumbers,10/19/2018,0.89,kg
vegetable,leeks,trimmed,10/19/2018,1.46,kg
vegetable,lettuce,butterhead_indoor,10/19/2018,0.33,head
vegetable,lettuce,cos,10/19/2018,0.47,head
vegetable,lettuce,crisp_iceberg_type,10/19/2018,0.41,head
vegetable,lettuce,little_gem,10/19/2018,0.53,twin
vegetable,rocket,rocket,10/19/2018,4.72,kg
vegetable,mixed_babyleaf_salad,pillow_pack,10/19/2018,4.59,kg
vegetable,onion,bulb_brown,10/19/2018,0.43,kg
vegetable,onion,bulb_red,10/19/2018,0.67,kg
vegetable,onion,saladspring,10/19/2018,0.25,kg
vegetable,swede,swede,10/19/2018,0.26,kg
vegetable,turnip,turnip,10/19/2018,1.22,kg
vegetable,parsnips,all_varieties,10/19/2018,1.29,kg
vegetable,peas,shelling_all_varieties,10/19/2018,1.48,kg
vegetable,spinach_leaf,loose_bunches,10/19/2018,1.47,kg
vegetable,tomatoes,round,10/19/2018,0.95,kg
vegetable,watercress,pillow_packs,10/19/2018,9.65,kg
cut_flowers,alstromeria,indoor,10/19/2018,0.23,stem
cut_flowers,lillies,oriental,10/19/2018,0.72,stem
pot_plants,cyclamen,13_cm,10/19/2018,1.5,unit
fruit,apples,bramleys_seedling,10/12/2018,0.72,kg
fruit,apples,coxs_orange_group,10/12/2018,0.69,kg
fruit,apples,egremont_russet,10/12/2018,0.93,kg
fruit,apples,gala,10/12/2018,0.74,kg
fruit,apples,other_early_season,10/12/2018,0.44,kg
fruit,apples,other_mid_season,10/12/2018,0.99,kg
fruit,apples,other_late_season,10/12/2018,0.77,kg
fruit,pears,conference,10/12/2018,0.67,kg
fruit,pears,doyenne_du_comice,10/12/2018,0.75,kg
fruit,pears,other,10/12/2018,0.6,kg
fruit,raspberries,raspberries,10/12/2018,10.01,kg
fruit,strawberries,strawberries,10/12/2018,2.53,kg
vegetable,beans,broad,10/12/2018,1.38,kg
vegetable,beans,dwarf_french_or_kidney,10/12/2018,1.92,kg
vegetable,beans,runner_climbing,10/12/2018,1.84,kg
vegetable,beetroot,beetroot,10/12/2018,0.45,kg
vegetable,brussels_sprouts,brussels_sprouts,10/12/2018,1,kg
vegetable,pak_choi,pak_choi,10/12/2018,2.58,kg
vegetable,curly_kale,curly_kale,10/12/2018,2.35,kg
vegetable,cabbage,red,10/12/2018,0.5,kg
vegetable,cabbage,savoy,10/12/2018,0.46,head
vegetable,spring_greens,prepacked,10/12/2018,0.72,kg
vegetable,cabbage,summer_autumn_pointed,10/12/2018,0.54,kg
vegetable,cabbage,white,10/12/2018,0.47,kg
vegetable,cabbage,round_green_other,10/12/2018,0.45,head
vegetable,calabrese,calabrese,10/12/2018,1.34,kg
vegetable,capsicum,red,10/12/2018,0.55,kg
vegetable,capsicum,yelloworange,10/12/2018,0.55,kg
vegetable,carrots,topped_washed,10/12/2018,0.53,kg
vegetable,cauliflower,all,10/12/2018,0.67,head
vegetable,celery,all_washed,10/12/2018,0.79,kg
vegetable,celeriac,celeriac,10/12/2018,0.67,kg
vegetable,coriander,coriander,10/12/2018,1.81,kg
vegetable,courgettes,courgettes,10/12/2018,1.08,kg
vegetable,cucumbers,cucumbers,10/12/2018,0.97,kg
vegetable,leeks,trimmed,10/12/2018,1.45,kg
vegetable,lettuce,butterhead_indoor,10/12/2018,0.34,head
vegetable,lettuce,cos,10/12/2018,0.56,head
vegetable,lettuce,crisp_iceberg_type,10/12/2018,0.5,head
vegetable,lettuce,little_gem,10/12/2018,0.52,twin
vegetable,rocket,rocket,10/12/2018,4.89,kg
vegetable,mixed_babyleaf_salad,pillow_pack,10/12/2018,4.6,kg
vegetable,onion,bulb_brown,10/12/2018,0.45,kg
vegetable,onion,bulb_red,10/12/2018,0.66,kg
vegetable,onion,saladspring,10/12/2018,0.25,kg
vegetable,swede,swede,10/12/2018,0.26,kg
vegetable,turnip,turnip,10/12/2018,1.21,kg
vegetable,parsnips,all_varieties,10/12/2018,1.33,kg
vegetable,peas,shelling_all_varieties,10/12/2018,2.12,kg
vegetable,spinach_leaf,loose_bunches,10/12/2018,1.67,kg
vegetable,sweetcorn,sweetcorn,10/12/2018,0.36,head
vegetable,tomatoes,round,10/12/2018,1.22,kg
vegetable,tomatoes,vine,10/12/2018,2.75,kg
vegetable,tomatoes,cherry,10/12/2018,1.19,kg
vegetable,watercress,pillow_packs,10/12/2018,9.65,kg
cut_flowers,alstromeria,indoor,10/12/2018,0.23,stem
cut_flowers,chrysanthemum,indoor_spray,10/12/2018,0.25,stem
cut_flowers,lillies,oriental,10/12/2018,0.65,stem
pot_plants,cyclamen,13_cm,10/12/2018,1.5,unit
fruit,apples,bramleys_seedling,10/5/2018,0.79,kg
fruit,apples,coxs_orange_group,10/5/2018,0.78,kg
fruit,apples,egremont_russet,10/5/2018,0.94,kg
fruit,apples,gala,10/5/2018,0.87,kg
fruit,apples,other_early_season,10/5/2018,0.52,kg
fruit,apples,other_mid_season,10/5/2018,0.83,kg
fruit,apples,other_late_season,10/5/2018,0.88,kg
fruit,blueberries,blueberries,10/5/2018,11.32,kg
fruit,pears,conference,10/5/2018,0.64,kg
fruit,pears,doyenne_du_comice,10/5/2018,0.74,kg
fruit,raspberries,raspberries,10/5/2018,10.07,kg
fruit,strawberries,strawberries,10/5/2018,3.32,kg
vegetable,beans,broad,10/5/2018,1.53,kg
vegetable,beans,dwarf_french_or_kidney,10/5/2018,1.93,kg
vegetable,beans,runner_climbing,10/5/2018,1.96,kg
vegetable,beetroot,beetroot,10/5/2018,0.45,kg
vegetable,brussels_sprouts,brussels_sprouts,10/5/2018,1.06,kg
vegetable,pak_choi,pak_choi,10/5/2018,2.21,kg
vegetable,curly_kale,curly_kale,10/5/2018,2.48,kg
vegetable,cabbage,red,10/5/2018,0.47,kg
vegetable,cabbage,savoy,10/5/2018,0.46,head
vegetable,spring_greens,prepacked,10/5/2018,0.8,kg
vegetable,cabbage,summer_autumn_pointed,10/5/2018,0.51,kg
vegetable,cabbage,white,10/5/2018,0.45,kg
vegetable,cabbage,round_green_other,10/5/2018,0.45,head
vegetable,calabrese,calabrese,10/5/2018,1.18,kg
vegetable,capsicum,green,10/5/2018,0.8,kg
vegetable,carrots,topped_washed,10/5/2018,0.54,kg
vegetable,cauliflower,all,10/5/2018,0.82,head
vegetable,celery,all_washed,10/5/2018,0.82,kg
vegetable,celeriac,celeriac,10/5/2018,0.73,kg
vegetable,coriander,coriander,10/5/2018,2.14,kg
vegetable,courgettes,courgettes,10/5/2018,1.15,kg
vegetable,cucumbers,cucumbers,10/5/2018,1.04,kg
vegetable,leeks,trimmed,10/5/2018,1.47,kg
vegetable,lettuce,butterhead_indoor,10/5/2018,0.35,head
vegetable,lettuce,cos,10/5/2018,0.56,head
vegetable,lettuce,crisp_iceberg_type,10/5/2018,0.56,head
vegetable,lettuce,little_gem,10/5/2018,0.53,twin
vegetable,rocket,rocket,10/5/2018,4.97,kg
vegetable,mixed_babyleaf_salad,pillow_pack,10/5/2018,4.18,kg
vegetable,onion,bulb_brown,10/5/2018,0.48,kg
vegetable,onion,bulb_red,10/5/2018,0.66,kg
vegetable,onion,saladspring,10/5/2018,0.24,kg
vegetable,swede,swede,10/5/2018,0.25,kg
vegetable,turnip,turnip,10/5/2018,1.3,kg
vegetable,parsnips,all_varieties,10/5/2018,1.31,kg
vegetable,peas,shelling_all_varieties,10/5/2018,2.71,kg
vegetable,rhubarb,outdoor,10/5/2018,1.19,kg
vegetable,spinach_leaf,loose_bunches,10/5/2018,1.46,kg
vegetable,sweetcorn,sweetcorn,10/5/2018,0.33,head
vegetable,tomatoes,round,10/5/2018,1.57,kg
vegetable,tomatoes,cherry,10/5/2018,1.28,kg
vegetable,watercress,pillow_packs,10/5/2018,10.21,kg
cut_flowers,alstromeria,indoor,10/5/2018,0.23,stem
cut_flowers,chrysanthemum,indoor_spray,10/5/2018,0.25,stem
cut_flowers,lillies,oriental,10/5/2018,0.75,stem
pot_plants,cyclamen,13_cm,10/5/2018,1.5,unit
fruit,apples,bramleys_seedling,9/28/2018,0.78,kg
fruit,apples,coxs_orange_group,9/28/2018,0.8,kg
fruit,apples,egremont_russet,9/28/2018,0.83,kg
fruit,apples,gala,9/28/2018,0.78,kg
fruit,apples,other_early_season,9/28/2018,0.82,kg
fruit,apples,other_mid_season,9/28/2018,0.71,kg
fruit,apples,other_late_season,9/28/2018,0.81,kg
fruit,blueberries,blueberries,9/28/2018,8.52,kg
fruit,pears,conference,9/28/2018,0.65,kg
fruit,pears,doyenne_du_comice,9/28/2018,0.55,kg
fruit,pears,other,9/28/2018,0.5,kg
fruit,plums,victoria,9/28/2018,3,kg
fruit,plums,all_other,9/28/2018,1.2,kg
fruit,raspberries,raspberries,9/28/2018,7.47,kg
fruit,strawberries,strawberries,9/28/2018,3.24,kg
vegetable,beans,broad,9/28/2018,1.54,kg
vegetable,beans,dwarf_french_or_kidney,9/28/2018,1.96,kg
vegetable,beans,runner_climbing,9/28/2018,1.73,kg
vegetable,beetroot,beetroot,9/28/2018,0.47,kg
vegetable,brussels_sprouts,brussels_sprouts,9/28/2018,1.08,kg
vegetable,pak_choi,pak_choi,9/28/2018,2.36,kg
vegetable,curly_kale,curly_kale,9/28/2018,2.52,kg
vegetable,cabbage,red,9/28/2018,0.51,kg
vegetable,cabbage,savoy,9/28/2018,0.48,head
vegetable,spring_greens,prepacked,9/28/2018,0.8,kg
vegetable,cabbage,summer_autumn_pointed,9/28/2018,0.52,kg
vegetable,cabbage,white,9/28/2018,0.51,kg
vegetable,cabbage,round_green_other,9/28/2018,0.45,head
vegetable,calabrese,calabrese,9/28/2018,1.14,kg
vegetable,capsicum,green,9/28/2018,0.8,kg
vegetable,capsicum,red,9/28/2018,0.83,kg
vegetable,capsicum,yelloworange,9/28/2018,0.6,kg
vegetable,carrots,topped_washed,9/28/2018,0.54,kg
vegetable,cauliflower,all,9/28/2018,0.85,head
vegetable,celery,all_washed,9/28/2018,0.81,kg
vegetable,celeriac,celeriac,9/28/2018,0.76,kg
vegetable,coriander,coriander,9/28/2018,2.43,kg
vegetable,courgettes,courgettes,9/28/2018,1.26,kg
vegetable,cucumbers,cucumbers,9/28/2018,0.93,kg
vegetable,leeks,trimmed,9/28/2018,1.48,kg
vegetable,lettuce,butterhead_indoor,9/28/2018,0.4,head
vegetable,lettuce,cos,9/28/2018,0.53,head
vegetable,lettuce,crisp_iceberg_type,9/28/2018,0.62,head
vegetable,lettuce,little_gem,9/28/2018,0.53,twin
vegetable,rocket,rocket,9/28/2018,5.07,kg
vegetable,mixed_babyleaf_salad,pillow_pack,9/28/2018,4.69,kg
vegetable,onion,bulb_brown,9/28/2018,0.46,kg
vegetable,onion,bulb_red,9/28/2018,0.57,kg
vegetable,onion,saladspring,9/28/2018,0.25,kg
vegetable,swede,swede,9/28/2018,0.25,kg
vegetable,turnip,turnip,9/28/2018,1.23,kg
vegetable,parsnips,all_varieties,9/28/2018,1.36,kg
vegetable,peas,shelling_all_varieties,9/28/2018,2.12,kg
vegetable,rhubarb,outdoor,9/28/2018,1.29,kg
vegetable,spinach_leaf,loose_bunches,9/28/2018,1.49,kg
vegetable,sweetcorn,sweetcorn,9/28/2018,0.29,head
vegetable,tomatoes,round,9/28/2018,1.62,kg
vegetable,tomatoes,vine,9/28/2018,1.67,kg
vegetable,tomatoes,cherry,9/28/2018,1.47,kg
vegetable,watercress,pillow_packs,9/28/2018,9.16,kg
cut_flowers,alstromeria,indoor,9/28/2018,0.31,stem
cut_flowers,chrysanthemum,indoor_spray,9/28/2018,0.24,stem
cut_flowers,gladioli,all_varieties,9/28/2018,0.15,stem
cut_flowers,lillies,oriental,9/28/2018,0.55,stem
pot_plants,cyclamen,13_cm,9/28/2018,0.8,unit
fruit,apples,bramleys_seedling,9/21/2018,0.79,kg
fruit,apples,coxs_orange_group,9/21/2018,0.84,kg
fruit,apples,egremont_russet,9/21/2018,0.92,kg
fruit,apples,gala,9/21/2018,0.75,kg
fruit,apples,other_early_season,9/21/2018,0.53,kg
fruit,apples,other_mid_season,9/21/2018,0.7,kg
fruit,apples,other_late_season,9/21/2018,0.83,kg
fruit,blueberries,blueberries,9/21/2018,13.2,kg
fruit,pears,conference,9/21/2018,0.7,kg
fruit,plums,victoria,9/21/2018,1.1,kg
fruit,plums,all_other,9/21/2018,1.61,kg
fruit,raspberries,raspberries,9/21/2018,6.84,kg
fruit,strawberries,strawberries,9/21/2018,3.93,kg
vegetable,beans,broad,9/21/2018,1.51,kg
vegetable,beans,dwarf_french_or_kidney,9/21/2018,2.25,kg
vegetable,beans,runner_climbing,9/21/2018,1.97,kg
vegetable,beetroot,beetroot,9/21/2018,0.45,kg
vegetable,brussels_sprouts,brussels_sprouts,9/21/2018,0.99,kg
vegetable,pak_choi,pak_choi,9/21/2018,2.2,kg
vegetable,curly_kale,curly_kale,9/21/2018,2.28,kg
vegetable,cabbage,red,9/21/2018,0.49,kg
vegetable,cabbage,savoy,9/21/2018,0.46,head
vegetable,spring_greens,prepacked,9/21/2018,0.71,kg
vegetable,cabbage,summer_autumn_pointed,9/21/2018,0.51,kg
vegetable,cabbage,white,9/21/2018,0.48,kg
vegetable,cabbage,round_green_other,9/21/2018,0.45,head
vegetable,calabrese,calabrese,9/21/2018,1.16,kg
vegetable,carrots,topped_washed,9/21/2018,0.53,kg
vegetable,cauliflower,all,9/21/2018,0.82,head
vegetable,celery,all_washed,9/21/2018,0.77,kg
vegetable,celeriac,celeriac,9/21/2018,0.84,kg
vegetable,coriander,coriander,9/21/2018,2.43,kg
vegetable,courgettes,courgettes,9/21/2018,1.18,kg
vegetable,cucumbers,cucumbers,9/21/2018,0.94,kg
vegetable,leeks,trimmed,9/21/2018,1.54,kg
vegetable,lettuce,butterhead_indoor,9/21/2018,0.41,head
vegetable,lettuce,cos,9/21/2018,0.54,head
vegetable,lettuce,crisp_iceberg_type,9/21/2018,0.73,head
vegetable,lettuce,little_gem,9/21/2018,0.55,twin
vegetable,rocket,rocket,9/21/2018,5.06,kg
vegetable,mixed_babyleaf_salad,pillow_pack,9/21/2018,4.63,kg
vegetable,onion,bulb_brown,9/21/2018,0.43,kg
vegetable,onion,bulb_red,9/21/2018,0.51,kg
vegetable,onion,saladspring,9/21/2018,0.25,kg
vegetable,swede,swede,9/21/2018,0.27,kg
vegetable,turnip,turnip,9/21/2018,1.15,kg
vegetable,parsnips,all_varieties,9/21/2018,1.31,kg
vegetable,peas,shelling_all_varieties,9/21/2018,2.48,kg
vegetable,rhubarb,outdoor,9/21/2018,1.4,kg
vegetable,spinach_leaf,loose_bunches,9/21/2018,1.8,kg
vegetable,sweetcorn,sweetcorn,9/21/2018,0.3,head
vegetable,tomatoes,round,9/21/2018,1.67,kg
vegetable,tomatoes,vine,9/21/2018,1.89,kg
vegetable,tomatoes,cherry,9/21/2018,1.62,kg
vegetable,watercress,pillow_packs,9/21/2018,8.81,kg
cut_flowers,alstromeria,indoor,9/21/2018,0.24,stem
cut_flowers,chrysanthemum,indoor_spray,9/21/2018,0.24,stem
cut_flowers,gladioli,all_varieties,9/21/2018,0.11,stem
cut_flowers,lillies,oriental,9/21/2018,0.66,stem
pot_plants,cyclamen,13_cm,9/21/2018,1.5,unit
fruit,apples,bramleys_seedling,9/14/2018,0.78,kg
fruit,apples,coxs_orange_group,9/14/2018,1.05,kg
fruit,apples,egremont_russet,9/14/2018,1.03,kg
fruit,apples,braeburn,9/14/2018,1.05,kg
fruit,apples,gala,9/14/2018,0.81,kg
fruit,apples,other_early_season,9/14/2018,0.67,kg
fruit,apples,other_late_season,9/14/2018,0.88,kg
fruit,blueberries,blueberries,9/14/2018,7.88,kg
fruit,pears,conference,9/14/2018,0.77,kg
fruit,plums,victoria,9/14/2018,1.4,kg
fruit,plums,all_other,9/14/2018,2,kg
fruit,raspberries,raspberries,9/14/2018,9.11,kg
fruit,strawberries,strawberries,9/14/2018,4.03,kg
vegetable,beans,broad,9/14/2018,1.56,kg
vegetable,beans,dwarf_french_or_kidney,9/14/2018,2.52,kg
vegetable,beans,runner_climbing,9/14/2018,2.14,kg
vegetable,beetroot,beetroot,9/14/2018,0.48,kg
vegetable,brussels_sprouts,brussels_sprouts,9/14/2018,0.72,kg
vegetable,pak_choi,pak_choi,9/14/2018,2.11,kg
vegetable,curly_kale,curly_kale,9/14/2018,2.29,kg
vegetable,cabbage,red,9/14/2018,0.51,kg
vegetable,cabbage,savoy,9/14/2018,0.5,head
vegetable,spring_greens,prepacked,9/14/2018,0.77,kg
vegetable,cabbage,summer_autumn_pointed,9/14/2018,0.54,kg
vegetable,cabbage,white,9/14/2018,0.53,kg
vegetable,cabbage,round_green_other,9/14/2018,0.45,head
vegetable,calabrese,calabrese,9/14/2018,1.15,kg
vegetable,capsicum,green,9/14/2018,1,kg
vegetable,capsicum,red,9/14/2018,1.02,kg
vegetable,capsicum,yelloworange,9/14/2018,0.8,kg
vegetable,carrots,topped_washed,9/14/2018,0.51,kg
vegetable,cauliflower,all,9/14/2018,0.89,head
vegetable,celery,all_washed,9/14/2018,0.81,kg
vegetable,celeriac,celeriac,9/14/2018,0.77,kg
vegetable,coriander,coriander,9/14/2018,2.5,kg
vegetable,courgettes,courgettes,9/14/2018,1.2,kg
vegetable,cucumbers,cucumbers,9/14/2018,1.02,kg
vegetable,leeks,trimmed,9/14/2018,1.49,kg
vegetable,lettuce,butterhead_indoor,9/14/2018,0.41,head
vegetable,lettuce,cos,9/14/2018,0.52,head
vegetable,lettuce,crisp_iceberg_type,9/14/2018,0.83,head
vegetable,lettuce,little_gem,9/14/2018,0.55,twin
vegetable,rocket,rocket,9/14/2018,5,kg
vegetable,mixed_babyleaf_salad,pillow_pack,9/14/2018,4.99,kg
vegetable,onion,bulb_brown,9/14/2018,0.46,kg
vegetable,onion,bulb_red,9/14/2018,0.58,kg
vegetable,onion,saladspring,9/14/2018,0.26,kg
vegetable,swede,swede,9/14/2018,0.27,kg
vegetable,turnip,turnip,9/14/2018,1.05,kg
vegetable,parsnips,all_varieties,9/14/2018,1.33,kg
vegetable,peas,shelling_all_varieties,9/14/2018,2.43,kg
vegetable,rhubarb,outdoor,9/14/2018,1.41,kg
vegetable,spinach_leaf,loose_bunches,9/14/2018,1.78,kg
vegetable,sweetcorn,sweetcorn,9/14/2018,0.28,head
vegetable,tomatoes,round,9/14/2018,1.63,kg
vegetable,tomatoes,vine,9/14/2018,1.88,kg
vegetable,tomatoes,cherry,9/14/2018,1.9,kg
vegetable,watercress,pillow_packs,9/14/2018,9.64,kg
cut_flowers,alstromeria,indoor,9/14/2018,0.32,stem
cut_flowers,chrysanthemum,indoor_spray,9/14/2018,0.24,stem
cut_flowers,gladioli,all_varieties,9/14/2018,0.12,stem
cut_flowers,lillies,oriental,9/14/2018,0.65,stem
pot_plants,cyclamen,13_cm,9/14/2018,1.5,unit
fruit,apples,bramleys_seedling,9/7/2018,0.83,kg
fruit,apples,coxs_orange_group,9/7/2018,1.14,kg
fruit,apples,egremont_russet,9/7/2018,0.93,kg
fruit,apples,gala,9/7/2018,0.83,kg
fruit,apples,other_early_season,9/7/2018,0.8,kg
fruit,apples,other_late_season,9/7/2018,0.87,kg
fruit,blackberries,blackberries,9/7/2018,11.67,kg
fruit,blueberries,blueberries,9/7/2018,9.43,kg
fruit,pears,conference,9/7/2018,1.01,kg
fruit,pears,other,9/7/2018,0.61,kg
fruit,plums,victoria,9/7/2018,1.28,kg
fruit,plums,all_other,9/7/2018,1.46,kg
fruit,raspberries,raspberries,9/7/2018,9.29,kg
fruit,strawberries,strawberries,9/7/2018,3.48,kg
vegetable,beans,broad,9/7/2018,1.56,kg
vegetable,beans,dwarf_french_or_kidney,9/7/2018,2.1,kg
vegetable,beans,runner_climbing,9/7/2018,2.49,kg
vegetable,beetroot,beetroot,9/7/2018,0.49,kg
vegetable,brussels_sprouts,brussels_sprouts,9/7/2018,0.69,kg
vegetable,pak_choi,pak_choi,9/7/2018,2.25,kg
vegetable,curly_kale,curly_kale,9/7/2018,2.3,kg
vegetable,cabbage,red,9/7/2018,0.52,kg
vegetable,cabbage,savoy,9/7/2018,0.48,head
vegetable,spring_greens,prepacked,9/7/2018,0.75,kg
vegetable,cabbage,summer_autumn_pointed,9/7/2018,0.54,kg
vegetable,cabbage,white,9/7/2018,0.53,kg
vegetable,cabbage,round_green_other,9/7/2018,0.45,head
vegetable,calabrese,calabrese,9/7/2018,1.37,kg
vegetable,capsicum,red,9/7/2018,0.7,kg
vegetable,capsicum,yelloworange,9/7/2018,0.7,kg
vegetable,carrots,topped_washed,9/7/2018,0.5,kg
vegetable,cauliflower,all,9/7/2018,0.96,head
vegetable,celery,all_washed,9/7/2018,0.8,kg
vegetable,celeriac,celeriac,9/7/2018,0.77,kg
vegetable,coriander,coriander,9/7/2018,2.52,kg
vegetable,courgettes,courgettes,9/7/2018,1.29,kg
vegetable,cucumbers,cucumbers,9/7/2018,1.44,kg
vegetable,leeks,trimmed,9/7/2018,1.48,kg
vegetable,lettuce,butterhead_indoor,9/7/2018,0.42,head
vegetable,lettuce,cos,9/7/2018,0.55,head
vegetable,lettuce,crisp_iceberg_type,9/7/2018,0.82,head
vegetable,lettuce,little_gem,9/7/2018,0.53,twin
vegetable,rocket,rocket,9/7/2018,4.79,kg
vegetable,mixed_babyleaf_salad,pillow_pack,9/7/2018,4.85,kg
vegetable,onion,bulb_brown,9/7/2018,0.45,kg
vegetable,onion,bulb_red,9/7/2018,0.43,kg
vegetable,onion,saladspring,9/7/2018,0.26,kg
vegetable,swede,swede,9/7/2018,0.27,kg
vegetable,turnip,turnip,9/7/2018,1,kg
vegetable,parsnips,all_varieties,9/7/2018,1.43,kg
vegetable,peas,shelling_all_varieties,9/7/2018,2.53,kg
vegetable,rhubarb,forced,9/7/2018,3.52,kg
vegetable,rhubarb,outdoor,9/7/2018,1.42,kg
vegetable,spinach_leaf,loose_bunches,9/7/2018,1.91,kg
vegetable,sweetcorn,sweetcorn,9/7/2018,0.25,head
vegetable,tomatoes,round,9/7/2018,1.13,kg
vegetable,tomatoes,vine,9/7/2018,1.65,kg
vegetable,tomatoes,cherry,9/7/2018,1.2,kg
vegetable,watercress,pillow_packs,9/7/2018,9.65,kg
cut_flowers,alstromeria,indoor,9/7/2018,0.3,stem
cut_flowers,gladioli,all_varieties,9/7/2018,0.16,stem
cut_flowers,lillies,oriental,9/7/2018,0.83,stem
fruit,apples,bramleys_seedling,8/31/2018,0.9,kg
fruit,apples,coxs_orange_group,8/31/2018,1.12,kg
fruit,apples,other_early_season,8/31/2018,0.94,kg
fruit,blackberries,blackberries,8/31/2018,12.25,kg
fruit,blueberries,blueberries,8/31/2018,5.59,kg
fruit,pears,conference,8/31/2018,0.97,kg
fruit,pears,other,8/31/2018,0.62,kg
fruit,plums,victoria,8/31/2018,1.22,kg
fruit,plums,all_other,8/31/2018,1.11,kg
fruit,raspberries,raspberries,8/31/2018,7.25,kg
fruit,strawberries,strawberries,8/31/2018,2.32,kg
vegetable,beans,broad,8/31/2018,1.42,kg
vegetable,beans,dwarf_french_or_kidney,8/31/2018,1.87,kg
vegetable,beans,runner_climbing,8/31/2018,2.14,kg
vegetable,beetroot,beetroot,8/31/2018,0.48,kg
vegetable,pak_choi,pak_choi,8/31/2018,2.08,kg
vegetable,curly_kale,curly_kale,8/31/2018,2.55,kg
vegetable,cabbage,red,8/31/2018,0.53,kg
vegetable,cabbage,savoy,8/31/2018,0.48,head
vegetable,spring_greens,prepacked,8/31/2018,0.75,kg
vegetable,cabbage,summer_autumn_pointed,8/31/2018,0.54,kg
vegetable,cabbage,white,8/31/2018,0.52,kg
vegetable,cabbage,round_green_other,8/31/2018,0.43,head
vegetable,calabrese,calabrese,8/31/2018,1.42,kg
vegetable,capsicum,green,8/31/2018,0.84,kg
vegetable,capsicum,red,8/31/2018,0.72,kg
vegetable,capsicum,elongated,8/31/2018,1.1,kg
vegetable,capsicum,yelloworange,8/31/2018,0.7,kg
vegetable,carrots,topped_washed,8/31/2018,0.51,kg
vegetable,cauliflower,all,8/31/2018,0.88,head
vegetable,celery,all_washed,8/31/2018,0.76,kg
vegetable,celeriac,celeriac,8/31/2018,0.71,kg
vegetable,coriander,coriander,8/31/2018,1.5,kg
vegetable,courgettes,courgettes,8/31/2018,1.06,kg
vegetable,cucumbers,cucumbers,8/31/2018,1.57,kg
vegetable,leeks,trimmed,8/31/2018,1.39,kg
vegetable,lettuce,butterhead_indoor,8/31/2018,0.45,head
vegetable,lettuce,cos,8/31/2018,0.54,head
vegetable,lettuce,crisp_iceberg_type,8/31/2018,0.76,head
vegetable,lettuce,little_gem,8/31/2018,0.55,twin
vegetable,rocket,rocket,8/31/2018,5.26,kg
vegetable,mixed_babyleaf_salad,pillow_pack,8/31/2018,4.76,kg
vegetable,onion,bulb_brown,8/31/2018,0.42,kg
vegetable,onion,bulb_red,8/31/2018,0.49,kg
vegetable,onion,saladspring,8/31/2018,0.26,kg
vegetable,swede,swede,8/31/2018,0.26,kg
vegetable,turnip,turnip,8/31/2018,0.98,kg
vegetable,parsnips,all_varieties,8/31/2018,1.34,kg
vegetable,peas,shelling_all_varieties,8/31/2018,2.54,kg
vegetable,rhubarb,outdoor,8/31/2018,1.31,kg
vegetable,spinach_leaf,loose_bunches,8/31/2018,2,kg
vegetable,sweetcorn,sweetcorn,8/31/2018,0.23,head
vegetable,tomatoes,round,8/31/2018,1.05,kg
vegetable,tomatoes,vine,8/31/2018,1.24,kg
vegetable,tomatoes,cherry,8/31/2018,1.06,kg
vegetable,watercress,pillow_packs,8/31/2018,9.53,kg
cut_flowers,alstromeria,indoor,8/31/2018,0.28,stem
cut_flowers,gladioli,all_varieties,8/31/2018,0.11,stem
cut_flowers,lillies,oriental,8/31/2018,0.64,stem
pot_plants,cyclamen,13_cm,8/31/2018,1.5,unit
fruit,apples,bramleys_seedling,8/24/2018,1.08,kg
fruit,apples,other_early_season,8/24/2018,1.06,kg
fruit,blackberries,blackberries,8/24/2018,7.99,kg
fruit,currants,black,8/24/2018,8,kg
fruit,currants,red,8/24/2018,5.42,kg
fruit,blueberries,blueberries,8/24/2018,5.51,kg
fruit,cherries,all,8/24/2018,3.35,kg
fruit,pears,conference,8/24/2018,1.03,kg
fruit,plums,victoria,8/24/2018,1.58,kg
fruit,plums,all_other,8/24/2018,1.41,kg
fruit,raspberries,raspberries,8/24/2018,7.97,kg
fruit,strawberries,strawberries,8/24/2018,1.13,kg
vegetable,beans,broad,8/24/2018,1.24,kg
vegetable,beans,dwarf_french_or_kidney,8/24/2018,1.74,kg
vegetable,beans,runner_climbing,8/24/2018,1.99,kg
vegetable,beetroot,beetroot,8/24/2018,0.52,kg
vegetable,pak_choi,pak_choi,8/24/2018,1.97,kg
vegetable,curly_kale,curly_kale,8/24/2018,2.49,kg
vegetable,cabbage,red,8/24/2018,0.54,kg
vegetable,cabbage,savoy,8/24/2018,0.5,head
vegetable,spring_greens,prepacked,8/24/2018,0.75,kg
vegetable,cabbage,summer_autumn_pointed,8/24/2018,0.57,kg
vegetable,cabbage,white,8/24/2018,0.52,kg
vegetable,cabbage,round_green_other,8/24/2018,0.43,head
vegetable,calabrese,calabrese,8/24/2018,1.41,kg
vegetable,capsicum,green,8/24/2018,1.23,kg
vegetable,capsicum,red,8/24/2018,0.53,kg
vegetable,capsicum,yelloworange,8/24/2018,0.44,kg
vegetable,carrots,topped_washed,8/24/2018,0.54,kg
vegetable,cauliflower,all,8/24/2018,0.88,head
vegetable,celery,all_washed,8/24/2018,0.78,kg
vegetable,celeriac,celeriac,8/24/2018,0.82,kg
vegetable,coriander,coriander,8/24/2018,1.39,kg
vegetable,courgettes,courgettes,8/24/2018,0.95,kg
vegetable,cucumbers,cucumbers,8/24/2018,1.48,kg
vegetable,leeks,trimmed,8/24/2018,1.4,kg
vegetable,lettuce,butterhead_indoor,8/24/2018,0.45,head
vegetable,lettuce,cos,8/24/2018,0.59,head
vegetable,lettuce,crisp_iceberg_type,8/24/2018,0.73,head
vegetable,lettuce,little_gem,8/24/2018,0.54,twin
vegetable,rocket,rocket,8/24/2018,4.9,kg
vegetable,mixed_babyleaf_salad,pillow_pack,8/24/2018,4.48,kg
vegetable,onion,bulb_brown,8/24/2018,0.47,kg
vegetable,onion,bulb_red,8/24/2018,0.63,kg
vegetable,onion,saladspring,8/24/2018,0.25,kg
vegetable,swede,swede,8/24/2018,0.26,kg
vegetable,turnip,turnip,8/24/2018,1.13,kg
vegetable,parsnips,all_varieties,8/24/2018,1.45,kg
vegetable,peas,shelling_all_varieties,8/24/2018,1.98,kg
vegetable,rhubarb,outdoor,8/24/2018,1.26,kg
vegetable,spinach_leaf,loose_bunches,8/24/2018,2.08,kg
vegetable,sweetcorn,sweetcorn,8/24/2018,0.24,head
vegetable,tomatoes,round,8/24/2018,0.69,kg
vegetable,tomatoes,vine,8/24/2018,1.56,kg
vegetable,tomatoes,cherry,8/24/2018,0.62,kg
vegetable,tomatoes,plum,8/24/2018,0.72,kg
vegetable,watercress,pillow_packs,8/24/2018,8.49,kg
cut_flowers,alstromeria,indoor,8/24/2018,0.25,stem
cut_flowers,gladioli,all_varieties,8/24/2018,0.14,stem
cut_flowers,lillies,oriental,8/24/2018,0.64,stem
pot_plants,cyclamen,13_cm,8/24/2018,1.5,unit
fruit,apples,bramleys_seedling,8/17/2018,1.2,kg
fruit,apples,other_early_season,8/17/2018,1.16,kg
fruit,blackberries,blackberries,8/17/2018,5.48,kg
fruit,currants,black,8/17/2018,8,kg
fruit,currants,red,8/17/2018,5,kg
fruit,blueberries,blueberries,8/17/2018,6.12,kg
fruit,cherries,all,8/17/2018,3.91,kg
fruit,plums,victoria,8/17/2018,2.35,kg
fruit,plums,all_other,8/17/2018,1.31,kg
fruit,raspberries,raspberries,8/17/2018,8.94,kg
fruit,strawberries,strawberries,8/17/2018,1.29,kg
vegetable,beans,broad,8/17/2018,1.3,kg
vegetable,beans,dwarf_french_or_kidney,8/17/2018,1.89,kg
vegetable,beans,runner_climbing,8/17/2018,1.75,kg
vegetable,beetroot,beetroot,8/17/2018,0.55,kg
vegetable,pak_choi,pak_choi,8/17/2018,2.23,kg
vegetable,curly_kale,curly_kale,8/17/2018,2.57,kg
vegetable,cabbage,red,8/17/2018,0.52,kg
vegetable,cabbage,savoy,8/17/2018,0.51,head
vegetable,spring_greens,prepacked,8/17/2018,0.76,kg
vegetable,cabbage,summer_autumn_pointed,8/17/2018,0.56,kg
vegetable,cabbage,white,8/17/2018,0.51,kg
vegetable,cabbage,round_green_other,8/17/2018,0.47,head
vegetable,calabrese,calabrese,8/17/2018,1.35,kg
vegetable,capsicum,green,8/17/2018,1.25,kg
vegetable,capsicum,red,8/17/2018,0.9,kg
vegetable,capsicum,elongated,8/17/2018,1.5,kg
vegetable,capsicum,yelloworange,8/17/2018,0.6,kg
vegetable,carrots,topped_washed,8/17/2018,0.54,kg
vegetable,cauliflower,all,8/17/2018,0.56,head
vegetable,celery,all_washed,8/17/2018,0.78,kg
vegetable,celeriac,celeriac,8/17/2018,0.78,kg
vegetable,coriander,coriander,8/17/2018,1.66,kg
vegetable,courgettes,courgettes,8/17/2018,0.89,kg
vegetable,cucumbers,cucumbers,8/17/2018,1.24,kg
vegetable,leeks,trimmed,8/17/2018,1.45,kg
vegetable,lettuce,butterhead_indoor,8/17/2018,0.47,head
vegetable,lettuce,cos,8/17/2018,0.6,head
vegetable,lettuce,crisp_iceberg_type,8/17/2018,0.65,head
vegetable,lettuce,little_gem,8/17/2018,0.54,twin
vegetable,rocket,rocket,8/17/2018,4.8,kg
vegetable,mixed_babyleaf_salad,pillow_pack,8/17/2018,4.46,kg
vegetable,onion,bulb_brown,8/17/2018,0.43,kg
vegetable,onion,bulb_red,8/17/2018,0.64,kg
vegetable,onion,saladspring,8/17/2018,0.25,kg
vegetable,swede,swede,8/17/2018,0.26,kg
vegetable,turnip,turnip,8/17/2018,1.19,kg
vegetable,parsnips,all_varieties,8/17/2018,1.51,kg
vegetable,peas,shelling_all_varieties,8/17/2018,2.01,kg
vegetable,rhubarb,outdoor,8/17/2018,1.38,kg
vegetable,spinach_leaf,loose_bunches,8/17/2018,2.18,kg
vegetable,sweetcorn,sweetcorn,8/17/2018,0.23,head
vegetable,tomatoes,round,8/17/2018,0.7,kg
vegetable,tomatoes,vine,8/17/2018,0.83,kg
vegetable,tomatoes,cherry,8/17/2018,1.14,kg
vegetable,tomatoes,plum,8/17/2018,0.72,kg
vegetable,watercress,pillow_packs,8/17/2018,9.05,kg
cut_flowers,alstromeria,indoor,8/17/2018,0.27,stem
cut_flowers,gladioli,all_varieties,8/17/2018,0.14,stem
cut_flowers,lillies,oriental,8/17/2018,0.64,stem
fruit,apples,bramleys_seedling,8/10/2018,1.13,kg
fruit,apples,other_early_season,8/10/2018,1.15,kg
fruit,blackberries,blackberries,8/10/2018,3.49,kg
fruit,currants,red,8/10/2018,5,kg
fruit,blueberries,blueberries,8/10/2018,6.41,kg
fruit,cherries,all,8/10/2018,3.44,kg
fruit,plums,victoria,8/10/2018,1.98,kg
fruit,plums,all_other,8/10/2018,1.34,kg
fruit,raspberries,raspberries,8/10/2018,9.32,kg
fruit,strawberries,strawberries,8/10/2018,1.12,kg
vegetable,beans,broad,8/10/2018,1.32,kg
vegetable,beans,dwarf_french_or_kidney,8/10/2018,1.81,kg
vegetable,beans,runner_climbing,8/10/2018,1.69,kg
vegetable,beetroot,beetroot,8/10/2018,0.53,kg
vegetable,pak_choi,pak_choi,8/10/2018,2.29,kg
vegetable,curly_kale,curly_kale,8/10/2018,2.71,kg
vegetable,cabbage,red,8/10/2018,0.55,kg
vegetable,cabbage,savoy,8/10/2018,0.46,head
vegetable,spring_greens,prepacked,8/10/2018,0.91,kg
vegetable,cabbage,summer_autumn_pointed,8/10/2018,0.55,kg
vegetable,cabbage,white,8/10/2018,0.52,kg
vegetable,cabbage,round_green_other,8/10/2018,0.47,head
vegetable,calabrese,calabrese,8/10/2018,1.32,kg
vegetable,capsicum,red,8/10/2018,0.66,kg
vegetable,carrots,topped_washed,8/10/2018,0.57,kg
vegetable,cauliflower,all,8/10/2018,0.5,head
vegetable,celery,all_washed,8/10/2018,0.81,kg
vegetable,celeriac,celeriac,8/10/2018,0.92,kg
vegetable,coriander,coriander,8/10/2018,1.72,kg
vegetable,courgettes,courgettes,8/10/2018,0.84,kg
vegetable,cucumbers,cucumbers,8/10/2018,0.95,kg
vegetable,leeks,trimmed,8/10/2018,1.41,kg
vegetable,lettuce,butterhead_indoor,8/10/2018,0.45,head
vegetable,lettuce,cos,8/10/2018,0.65,head
vegetable,lettuce,crisp_iceberg_type,8/10/2018,0.65,head
vegetable,lettuce,little_gem,8/10/2018,0.51,twin
vegetable,rocket,rocket,8/10/2018,5.12,kg
vegetable,mixed_babyleaf_salad,pillow_pack,8/10/2018,4.76,kg
vegetable,onion,bulb_brown,8/10/2018,0.49,kg
vegetable,onion,bulb_red,8/10/2018,0.55,kg
vegetable,onion,saladspring,8/10/2018,0.24,kg
vegetable,swede,swede,8/10/2018,0.27,kg
vegetable,turnip,turnip,8/10/2018,1.16,kg
vegetable,parsnips,all_varieties,8/10/2018,1.5,kg
vegetable,peas,shelling_all_varieties,8/10/2018,1.66,kg
vegetable,rhubarb,outdoor,8/10/2018,1.36,kg
vegetable,spinach_leaf,loose_bunches,8/10/2018,2.14,kg
vegetable,sweetcorn,sweetcorn,8/10/2018,0.3,head
vegetable,tomatoes,round,8/10/2018,0.67,kg
vegetable,tomatoes,vine,8/10/2018,0.74,kg
vegetable,tomatoes,cherry,8/10/2018,1.03,kg
vegetable,watercress,pillow_packs,8/10/2018,7.89,kg
cut_flowers,alstromeria,indoor,8/10/2018,0.27,stem
cut_flowers,gladioli,all_varieties,8/10/2018,0.11,stem
cut_flowers,lillies,oriental,8/10/2018,0.61,stem
fruit,apples,bramleys_seedling,8/3/2018,1.57,kg
fruit,apples,other_early_season,8/3/2018,1.48,kg
fruit,blackberries,blackberries,8/3/2018,4.21,kg
fruit,currants,black,8/3/2018,5.82,kg
fruit,currants,red,8/3/2018,4.16,kg
fruit,blueberries,blueberries,8/3/2018,5.38,kg
fruit,cherries,all,8/3/2018,2.99,kg
fruit,plums,all_other,8/3/2018,1.54,kg
fruit,raspberries,raspberries,8/3/2018,7.65,kg
fruit,strawberries,strawberries,8/3/2018,1.53,kg
vegetable,beans,broad,8/3/2018,1.3,kg
vegetable,beans,dwarf_french_or_kidney,8/3/2018,1.73,kg
vegetable,beans,runner_climbing,8/3/2018,1.82,kg
vegetable,beetroot,beetroot,8/3/2018,0.53,kg
vegetable,pak_choi,pak_choi,8/3/2018,2.41,kg
vegetable,curly_kale,curly_kale,8/3/2018,2.77,kg
vegetable,cabbage,red,8/3/2018,0.55,kg
vegetable,cabbage,savoy,8/3/2018,0.58,head
vegetable,spring_greens,prepacked,8/3/2018,0.96,kg
vegetable,cabbage,summer_autumn_pointed,8/3/2018,0.56,kg
vegetable,cabbage,white,8/3/2018,0.53,kg
vegetable,cabbage,round_green_other,8/3/2018,0.5,head
vegetable,calabrese,calabrese,8/3/2018,1.03,kg
vegetable,capsicum,red,8/3/2018,0.7,kg
vegetable,capsicum,elongated,8/3/2018,1.2,kg
vegetable,capsicum,yelloworange,8/3/2018,0.79,kg
vegetable,carrots,topped_washed,8/3/2018,0.58,kg
vegetable,cauliflower,all,8/3/2018,0.52,head
vegetable,celery,all_washed,8/3/2018,0.86,kg
vegetable,celeriac,celeriac,8/3/2018,0.78,kg
vegetable,coriander,coriander,8/3/2018,1.73,kg
vegetable,courgettes,courgettes,8/3/2018,0.78,kg
vegetable,cucumbers,cucumbers,8/3/2018,0.81,kg
vegetable,leeks,trimmed,8/3/2018,1.39,kg
vegetable,lettuce,butterhead_indoor,8/3/2018,0.46,head
vegetable,lettuce,cos,8/3/2018,0.62,head
vegetable,lettuce,crisp_iceberg_type,8/3/2018,0.64,head
vegetable,lettuce,little_gem,8/3/2018,0.53,twin
vegetable,rocket,rocket,8/3/2018,5.17,kg
vegetable,mixed_babyleaf_salad,pillow_pack,8/3/2018,5.01,kg
vegetable,onion,bulb_brown,8/3/2018,0.47,kg
vegetable,onion,bulb_red,8/3/2018,0.55,kg
vegetable,onion,saladspring,8/3/2018,0.27,kg
vegetable,swede,swede,8/3/2018,0.29,kg
vegetable,turnip,turnip,8/3/2018,1.12,kg
vegetable,parsnips,all_varieties,8/3/2018,1.39,kg
vegetable,peas,shelling_all_varieties,8/3/2018,1.92,kg
vegetable,rhubarb,outdoor,8/3/2018,1.31,kg
vegetable,spinach_leaf,loose_bunches,8/3/2018,2.12,kg
vegetable,sweetcorn,sweetcorn,8/3/2018,0.32,head
vegetable,tomatoes,round,8/3/2018,0.64,kg
vegetable,tomatoes,vine,8/3/2018,0.89,kg
vegetable,tomatoes,cherry,8/3/2018,1.13,kg
vegetable,tomatoes,plum,8/3/2018,0.75,kg
vegetable,watercress,pillow_packs,8/3/2018,8.19,kg
cut_flowers,alstromeria,indoor,8/3/2018,0.28,stem
cut_flowers,gladioli,all_varieties,8/3/2018,0.14,stem
cut_flowers,lillies,oriental,8/3/2018,0.99,stem
pot_plants,geranium,13_cm,8/3/2018,1.2,unit
fruit,apples,bramleys_seedling,7/27/2018,1.61,kg
fruit,blackberries,blackberries,7/27/2018,3.87,kg
fruit,currants,black,7/27/2018,6.13,kg
fruit,currants,red,7/27/2018,4.43,kg
fruit,blueberries,blueberries,7/27/2018,5.7,kg
fruit,cherries,all,7/27/2018,3.6,kg
fruit,gooseberries,gooseberries,7/27/2018,1.93,kg
fruit,plums,all_other,7/27/2018,1.69,kg
fruit,raspberries,raspberries,7/27/2018,7.83,kg
fruit,strawberries,strawberries,7/27/2018,1.82,kg
vegetable,beans,broad,7/27/2018,1.23,kg
vegetable,beans,dwarf_french_or_kidney,7/27/2018,1.8,kg
vegetable,beans,runner_climbing,7/27/2018,2.07,kg
vegetable,beetroot,beetroot,7/27/2018,0.53,kg
vegetable,pak_choi,pak_choi,7/27/2018,2.3,kg
vegetable,curly_kale,curly_kale,7/27/2018,2.87,kg
vegetable,cabbage,red,7/27/2018,0.6,kg
vegetable,cabbage,savoy,7/27/2018,0.61,head
vegetable,spring_greens,prepacked,7/27/2018,0.95,kg
vegetable,cabbage,summer_autumn_pointed,7/27/2018,0.56,kg
vegetable,cabbage,white,7/27/2018,0.49,kg
vegetable,cabbage,round_green_other,7/27/2018,0.5,head
vegetable,calabrese,calabrese,7/27/2018,0.98,kg
vegetable,capsicum,green,7/27/2018,1.65,kg
vegetable,capsicum,red,7/27/2018,0.62,kg
vegetable,capsicum,elongated,7/27/2018,0.92,kg
vegetable,capsicum,yelloworange,7/27/2018,0.68,kg
vegetable,carrots,topped_washed,7/27/2018,0.58,kg
vegetable,cauliflower,all,7/27/2018,0.46,head
vegetable,celery,all_washed,7/27/2018,0.91,kg
vegetable,celeriac,celeriac,7/27/2018,0.78,kg
vegetable,coriander,coriander,7/27/2018,1.41,kg
vegetable,courgettes,courgettes,7/27/2018,0.73,kg
vegetable,cucumbers,cucumbers,7/27/2018,0.9,kg
vegetable,leeks,trimmed,7/27/2018,1.39,kg
vegetable,lettuce,butterhead_indoor,7/27/2018,0.43,head
vegetable,lettuce,cos,7/27/2018,0.59,head
vegetable,lettuce,crisp_iceberg_type,7/27/2018,0.62,head
vegetable,lettuce,little_gem,7/27/2018,0.57,twin
vegetable,rocket,rocket,7/27/2018,5.23,kg
vegetable,mixed_babyleaf_salad,pillow_pack,7/27/2018,4.9,kg
vegetable,onion,bulb_brown,7/27/2018,0.43,kg
vegetable,onion,bulb_red,7/27/2018,0.57,kg
vegetable,onion,saladspring,7/27/2018,0.28,kg
vegetable,swede,swede,7/27/2018,0.3,kg
vegetable,turnip,turnip,7/27/2018,1.15,kg
vegetable,parsnips,all_varieties,7/27/2018,1.41,kg
vegetable,peas,shelling_all_varieties,7/27/2018,1.92,kg
vegetable,rhubarb,outdoor,7/27/2018,1.31,kg
vegetable,spinach_leaf,loose_bunches,7/27/2018,1.74,kg
vegetable,sweetcorn,sweetcorn,7/27/2018,0.39,head
vegetable,tomatoes,round,7/27/2018,0.91,kg
vegetable,tomatoes,vine,7/27/2018,1.34,kg
vegetable,tomatoes,cherry,7/27/2018,1.24,kg
vegetable,tomatoes,plum,7/27/2018,0.88,kg
vegetable,watercress,pillow_packs,7/27/2018,7.73,kg
cut_flowers,alstromeria,indoor,7/27/2018,0.29,stem
cut_flowers,gladioli,all_varieties,7/27/2018,0.17,stem
cut_flowers,lillies,oriental,7/27/2018,0.65,stem
pot_plants,geranium,13_cm,7/27/2018,1.2,unit
fruit,apples,bramleys_seedling,7/20/2018,2.75,kg
fruit,blackberries,blackberries,7/20/2018,5.07,kg
fruit,currants,black,7/20/2018,7.72,kg
fruit,blueberries,blueberries,7/20/2018,4.93,kg
fruit,cherries,all,7/20/2018,3.5,kg
fruit,gooseberries,gooseberries,7/20/2018,2.68,kg
fruit,plums,all_other,7/20/2018,1.47,kg
fruit,raspberries,raspberries,7/20/2018,7.66,kg
fruit,strawberries,strawberries,7/20/2018,2.36,kg
vegetable,beans,broad,7/20/2018,1.39,kg
vegetable,beans,dwarf_french_or_kidney,7/20/2018,2.54,kg
vegetable,beans,runner_climbing,7/20/2018,2.69,kg
vegetable,beetroot,beetroot,7/20/2018,0.54,kg
vegetable,pak_choi,pak_choi,7/20/2018,1.58,kg
vegetable,curly_kale,curly_kale,7/20/2018,2.84,kg
vegetable,cabbage,red,7/20/2018,0.54,kg
vegetable,cabbage,savoy,7/20/2018,0.66,head
vegetable,spring_greens,prepacked,7/20/2018,0.96,kg
vegetable,cabbage,summer_autumn_pointed,7/20/2018,0.53,kg
vegetable,cabbage,white,7/20/2018,0.37,kg
vegetable,cabbage,round_green_other,7/20/2018,0.51,head
vegetable,calabrese,calabrese,7/20/2018,1.09,kg
vegetable,capsicum,green,7/20/2018,0.6,kg
vegetable,capsicum,red,7/20/2018,0.87,kg
vegetable,capsicum,elongated,7/20/2018,0.77,kg
vegetable,capsicum,yelloworange,7/20/2018,0.71,kg
vegetable,carrots,topped_washed,7/20/2018,0.58,kg
vegetable,cauliflower,all,7/20/2018,0.51,head
vegetable,celery,all_washed,7/20/2018,0.91,kg
vegetable,celeriac,celeriac,7/20/2018,0.57,kg
vegetable,coriander,coriander,7/20/2018,1.53,kg
vegetable,courgettes,courgettes,7/20/2018,0.87,kg
vegetable,cucumbers,cucumbers,7/20/2018,0.84,kg
vegetable,leeks,trimmed,7/20/2018,1.35,kg
vegetable,lettuce,butterhead_indoor,7/20/2018,0.39,head
vegetable,lettuce,cos,7/20/2018,0.55,head
vegetable,lettuce,crisp_iceberg_type,7/20/2018,0.61,head
vegetable,lettuce,little_gem,7/20/2018,0.64,twin
vegetable,rocket,rocket,7/20/2018,5.37,kg
vegetable,mixed_babyleaf_salad,pillow_pack,7/20/2018,5.22,kg
vegetable,onion,bulb_brown,7/20/2018,0.46,kg
vegetable,onion,bulb_red,7/20/2018,0.6,kg
vegetable,onion,saladspring,7/20/2018,0.26,kg
vegetable,swede,swede,7/20/2018,0.25,kg
vegetable,turnip,turnip,7/20/2018,1.12,kg
vegetable,parsnips,all_varieties,7/20/2018,1.29,kg
vegetable,peas,shelling_all_varieties,7/20/2018,1.95,kg
vegetable,rhubarb,outdoor,7/20/2018,1.38,kg
vegetable,spinach_leaf,loose_bunches,7/20/2018,1.3,kg
vegetable,tomatoes,round,7/20/2018,0.76,kg
vegetable,tomatoes,vine,7/20/2018,1.13,kg
vegetable,tomatoes,cherry,7/20/2018,1.39,kg
vegetable,watercress,pillow_packs,7/20/2018,8.78,kg
cut_flowers,alstromeria,indoor,7/20/2018,0.3,stem
cut_flowers,gladioli,all_varieties,7/20/2018,0.17,stem
cut_flowers,lillies,oriental,7/20/2018,0.71,stem
fruit,apples,bramleys_seedling,7/13/2018,2.17,kg
fruit,blackberries,blackberries,7/13/2018,9.87,kg
fruit,currants,black,7/13/2018,8,kg
fruit,blueberries,blueberries,7/13/2018,6.17,kg
fruit,cherries,all,7/13/2018,3.31,kg
fruit,gooseberries,gooseberries,7/13/2018,3.27,kg
fruit,plums,all_other,7/13/2018,1.59,kg
fruit,raspberries,raspberries,7/13/2018,8.37,kg
fruit,strawberries,strawberries,7/13/2018,3.3,kg
vegetable,beans,broad,7/13/2018,1.39,kg
vegetable,beans,dwarf_french_or_kidney,7/13/2018,2.83,kg
vegetable,beans,runner_climbing,7/13/2018,4.13,kg
vegetable,beetroot,beetroot,7/13/2018,0.52,kg
vegetable,pak_choi,pak_choi,7/13/2018,1.69,kg
vegetable,curly_kale,curly_kale,7/13/2018,2.84,kg
vegetable,cabbage,red,7/13/2018,0.46,kg
vegetable,cabbage,savoy,7/13/2018,0.63,head
vegetable,spring_greens,prepacked,7/13/2018,0.87,kg
vegetable,cabbage,summer_autumn_pointed,7/13/2018,0.47,kg
vegetable,cabbage,white,7/13/2018,0.34,kg
vegetable,cabbage,round_green_other,7/13/2018,0.45,head
vegetable,calabrese,calabrese,7/13/2018,1.21,kg
vegetable,capsicum,green,7/13/2018,0.86,kg
vegetable,capsicum,red,7/13/2018,0.86,kg
vegetable,capsicum,elongated,7/13/2018,0.8,kg
vegetable,capsicum,yelloworange,7/13/2018,0.85,kg
vegetable,carrots,topped_washed,7/13/2018,0.57,kg
vegetable,cauliflower,all,7/13/2018,0.5,head
vegetable,celery,all_washed,7/13/2018,0.91,kg
vegetable,celeriac,celeriac,7/13/2018,0.58,kg
vegetable,coriander,coriander,7/13/2018,1.66,kg
vegetable,courgettes,courgettes,7/13/2018,0.87,kg
vegetable,cucumbers,cucumbers,7/13/2018,0.81,kg
vegetable,leeks,trimmed,7/13/2018,1.37,kg
vegetable,lettuce,butterhead_indoor,7/13/2018,0.4,head
vegetable,lettuce,cos,7/13/2018,0.55,head
vegetable,lettuce,crisp_iceberg_type,7/13/2018,0.58,head
vegetable,lettuce,little_gem,7/13/2018,0.66,twin
vegetable,rocket,rocket,7/13/2018,5.21,kg
vegetable,mixed_babyleaf_salad,pillow_pack,7/13/2018,5.11,kg
vegetable,onion,bulb_brown,7/13/2018,0.53,kg
vegetable,onion,bulb_red,7/13/2018,0.52,kg
vegetable,onion,saladspring,7/13/2018,0.25,kg
vegetable,turnip,turnip,7/13/2018,0.94,kg
vegetable,parsnips,all_varieties,7/13/2018,1.13,kg
vegetable,peas,shelling_all_varieties,7/13/2018,2.17,kg
vegetable,rhubarb,outdoor,7/13/2018,1.45,kg
vegetable,spinach_leaf,loose_bunches,7/13/2018,1.23,kg
vegetable,tomatoes,round,7/13/2018,0.81,kg
vegetable,tomatoes,vine,7/13/2018,0.92,kg
vegetable,tomatoes,cherry,7/13/2018,1.1,kg
vegetable,watercress,pillow_packs,7/13/2018,6.84,kg
cut_flowers,alstromeria,indoor,7/13/2018,0.31,stem
cut_flowers,gladioli,all_varieties,7/13/2018,0.18,stem
cut_flowers,lillies,oriental,7/13/2018,0.7,stem
cut_flowers,stocks,stocks,7/13/2018,0.63,stem
fruit,apples,bramleys_seedling,7/6/2018,1.49,kg
fruit,blackberries,blackberries,7/6/2018,3.2,kg
fruit,currants,black,7/6/2018,8,kg
fruit,currants,red,7/6/2018,8,kg
fruit,blueberries,blueberries,7/6/2018,7.12,kg
fruit,cherries,all,7/6/2018,3.2,kg
fruit,gooseberries,gooseberries,7/6/2018,3.86,kg
fruit,raspberries,raspberries,7/6/2018,7.76,kg
fruit,strawberries,strawberries,7/6/2018,3.02,kg
vegetable,beans,broad,7/6/2018,1.41,kg
vegetable,beans,dwarf_french_or_kidney,7/6/2018,2.66,kg
vegetable,beans,runner_climbing,7/6/2018,6.78,kg
vegetable,beetroot,beetroot,7/6/2018,0.5,kg
vegetable,pak_choi,pak_choi,7/6/2018,1.58,kg
vegetable,curly_kale,curly_kale,7/6/2018,2.83,kg
vegetable,cabbage,red,7/6/2018,0.38,kg
vegetable,cabbage,savoy,7/6/2018,0.57,head
vegetable,spring_greens,prepacked,7/6/2018,1.01,kg
vegetable,cabbage,summer_autumn_pointed,7/6/2018,0.47,kg
vegetable,cabbage,white,7/6/2018,0.29,kg
vegetable,cabbage,round_green_other,7/6/2018,0.44,head
vegetable,calabrese,calabrese,7/6/2018,1.33,kg
vegetable,capsicum,green,7/6/2018,0.95,kg
vegetable,capsicum,red,7/6/2018,0.96,kg
vegetable,capsicum,elongated,7/6/2018,1.07,kg
vegetable,capsicum,yelloworange,7/6/2018,0.8,kg
vegetable,carrots,topped_washed,7/6/2018,0.56,kg
vegetable,cauliflower,all,7/6/2018,0.56,head
vegetable,celery,all_washed,7/6/2018,0.84,kg
vegetable,celeriac,celeriac,7/6/2018,0.58,kg
vegetable,coriander,coriander,7/6/2018,1.81,kg
vegetable,courgettes,courgettes,7/6/2018,0.96,kg
vegetable,cucumbers,cucumbers,7/6/2018,0.98,kg
vegetable,leeks,trimmed,7/6/2018,1.4,kg
vegetable,lettuce,butterhead_indoor,7/6/2018,0.39,head
vegetable,lettuce,cos,7/6/2018,0.52,head
vegetable,lettuce,crisp_iceberg_type,7/6/2018,0.69,head
vegetable,lettuce,little_gem,7/6/2018,0.72,twin
vegetable,rocket,rocket,7/6/2018,5.07,kg
vegetable,mixed_babyleaf_salad,pillow_pack,7/6/2018,4.89,kg
vegetable,onion,bulb_brown,7/6/2018,0.53,kg
vegetable,onion,bulb_red,7/6/2018,0.41,kg
vegetable,onion,saladspring,7/6/2018,0.25,kg
vegetable,turnip,turnip,7/6/2018,0.89,kg
vegetable,parsnips,all_varieties,7/6/2018,0.78,kg
vegetable,peas,shelling_all_varieties,7/6/2018,2.19,kg
vegetable,rhubarb,outdoor,7/6/2018,1.27,kg
vegetable,spinach_leaf,loose_bunches,7/6/2018,1.23,kg
vegetable,tomatoes,round,7/6/2018,0.91,kg
vegetable,tomatoes,vine,7/6/2018,0.84,kg
vegetable,tomatoes,cherry,7/6/2018,0.88,kg
vegetable,watercress,pillow_packs,7/6/2018,7.74,kg
cut_flowers,alstromeria,indoor,7/6/2018,0.23,stem
cut_flowers,sweet_williams,sweet_williams,7/6/2018,0.07,stem
cut_flowers,gladioli,all_varieties,7/6/2018,0.18,stem
cut_flowers,lillies,oriental,7/6/2018,0.67,stem
cut_flowers,peony,peony,7/6/2018,0.48,stem
pot_plants,geranium,13_cm,7/6/2018,0.88,unit
fruit,apples,bramleys_seedling,6/29/2018,1.14,kg
fruit,blueberries,blueberries,6/29/2018,9.73,kg
fruit,cherries,all,6/29/2018,3.73,kg
fruit,gooseberries,gooseberries,6/29/2018,2.73,kg
fruit,raspberries,raspberries,6/29/2018,6.09,kg
fruit,strawberries,strawberries,6/29/2018,2.93,kg
vegetable,beans,broad,6/29/2018,1.48,kg
vegetable,beans,dwarf_french_or_kidney,6/29/2018,2.67,kg
vegetable,beans,runner_climbing,6/29/2018,6.85,kg
vegetable,beetroot,beetroot,6/29/2018,0.48,kg
vegetable,pak_choi,pak_choi,6/29/2018,1.69,kg
vegetable,curly_kale,curly_kale,6/29/2018,2.78,kg
vegetable,cabbage,red,6/29/2018,0.38,kg
vegetable,cabbage,savoy,6/29/2018,0.54,head
vegetable,spring_greens,prepacked,6/29/2018,1.01,kg
vegetable,cabbage,summer_autumn_pointed,6/29/2018,0.55,kg
vegetable,cabbage,white,6/29/2018,0.33,kg
vegetable,cabbage,round_green_other,6/29/2018,0.49,head
vegetable,calabrese,calabrese,6/29/2018,1.39,kg
vegetable,capsicum,green,6/29/2018,0.81,kg
vegetable,capsicum,red,6/29/2018,1.07,kg
vegetable,capsicum,elongated,6/29/2018,1.15,kg
vegetable,capsicum,yelloworange,6/29/2018,1.1,kg
vegetable,carrots,topped_washed,6/29/2018,0.62,kg
vegetable,cauliflower,all,6/29/2018,0.88,head
vegetable,celery,all_washed,6/29/2018,0.78,kg
vegetable,celeriac,celeriac,6/29/2018,0.63,kg
vegetable,coriander,coriander,6/29/2018,1.56,kg
vegetable,courgettes,courgettes,6/29/2018,0.82,kg
vegetable,cucumbers,cucumbers,6/29/2018,0.9,kg
vegetable,leeks,trimmed,6/29/2018,1.34,kg
vegetable,lettuce,butterhead_indoor,6/29/2018,0.32,head
vegetable,lettuce,cos,6/29/2018,0.5,head
vegetable,lettuce,crisp_iceberg_type,6/29/2018,0.47,head
vegetable,lettuce,little_gem,6/29/2018,0.6,twin
vegetable,rocket,rocket,6/29/2018,4.69,kg
vegetable,mixed_babyleaf_salad,pillow_pack,6/29/2018,4.83,kg
vegetable,onion,bulb_brown,6/29/2018,0.43,kg
vegetable,onion,bulb_red,6/29/2018,0.53,kg
vegetable,onion,saladspring,6/29/2018,0.24,kg
vegetable,turnip,turnip,6/29/2018,0.69,kg
vegetable,parsnips,all_varieties,6/29/2018,0.86,kg
vegetable,peas,shelling_all_varieties,6/29/2018,2.26,kg
vegetable,rhubarb,outdoor,6/29/2018,1.32,kg
vegetable,spinach_leaf,loose_bunches,6/29/2018,1.22,kg
vegetable,tomatoes,round,6/29/2018,0.85,kg
vegetable,tomatoes,vine,6/29/2018,0.84,kg
vegetable,tomatoes,cherry,6/29/2018,0.81,kg
vegetable,tomatoes,plum,6/29/2018,0.6,kg
vegetable,watercress,pillow_packs,6/29/2018,7.15,kg
cut_flowers,alstromeria,indoor,6/29/2018,0.3,stem
cut_flowers,sweet_williams,sweet_williams,6/29/2018,0.07,stem
cut_flowers,gladioli,all_varieties,6/29/2018,0.22,stem
cut_flowers,lillies,oriental,6/29/2018,0.74,stem
cut_flowers,peony,peony,6/29/2018,0.3,stem
fruit,apples,bramleys_seedling,6/22/2018,1.08,kg
fruit,cherries,all,6/22/2018,4.85,kg
fruit,gooseberries,gooseberries,6/22/2018,3.43,kg
fruit,raspberries,raspberries,6/22/2018,4.96,kg
fruit,strawberries,strawberries,6/22/2018,2.07,kg
vegetable,asparagus,asparagus,6/22/2018,6.74,kg
vegetable,beans,broad,6/22/2018,1.62,kg
vegetable,beetroot,beetroot,6/22/2018,0.49,kg
vegetable,pak_choi,pak_choi,6/22/2018,1.91,kg
vegetable,curly_kale,curly_kale,6/22/2018,2.91,kg
vegetable,cabbage,red,6/22/2018,0.36,kg
vegetable,cabbage,savoy,6/22/2018,0.48,head
vegetable,spring_greens,prepacked,6/22/2018,0.98,kg
vegetable,cabbage,summer_autumn_pointed,6/22/2018,0.51,kg
vegetable,cabbage,white,6/22/2018,0.31,kg
vegetable,cabbage,round_green_other,6/22/2018,0.45,head
vegetable,calabrese,calabrese,6/22/2018,1.4,kg
vegetable,capsicum,red,6/22/2018,1.4,kg
vegetable,capsicum,yelloworange,6/22/2018,1.9,kg
vegetable,carrots,topped_washed,6/22/2018,0.67,kg
vegetable,cauliflower,all,6/22/2018,0.78,head
vegetable,celery,all_washed,6/22/2018,0.77,kg
vegetable,celeriac,celeriac,6/22/2018,0.62,kg
vegetable,coriander,coriander,6/22/2018,2.24,kg
vegetable,courgettes,courgettes,6/22/2018,0.85,kg
vegetable,cucumbers,cucumbers,6/22/2018,0.84,kg
vegetable,lettuce,butterhead_indoor,6/22/2018,0.32,head
vegetable,lettuce,cos,6/22/2018,0.49,head
vegetable,lettuce,crisp_iceberg_type,6/22/2018,0.36,head
vegetable,lettuce,little_gem,6/22/2018,0.54,twin
vegetable,rocket,rocket,6/22/2018,5.48,kg
vegetable,mixed_babyleaf_salad,pillow_pack,6/22/2018,4.46,kg
vegetable,onion,bulb_brown,6/22/2018,0.51,kg
vegetable,onion,bulb_red,6/22/2018,0.25,kg
vegetable,onion,saladspring,6/22/2018,0.26,kg
vegetable,turnip,turnip,6/22/2018,1.27,kg
vegetable,parsnips,all_varieties,6/22/2018,0.8,kg
vegetable,peas,shelling_all_varieties,6/22/2018,2.05,kg
vegetable,rhubarb,forced,6/22/2018,3.67,kg
vegetable,rhubarb,outdoor,6/22/2018,1.33,kg
vegetable,spinach_leaf,loose_bunches,6/22/2018,1.55,kg
vegetable,tomatoes,round,6/22/2018,0.72,kg
vegetable,tomatoes,vine,6/22/2018,0.82,kg
vegetable,tomatoes,cherry,6/22/2018,1.55,kg
vegetable,tomatoes,plum,6/22/2018,0.6,kg
vegetable,watercress,pillow_packs,6/22/2018,7.18,kg
cut_flowers,alstromeria,indoor,6/22/2018,0.3,stem
cut_flowers,sweet_williams,sweet_williams,6/22/2018,0.08,stem
cut_flowers,lillies,oriental,6/22/2018,0.7,stem
cut_flowers,peony,peony,6/22/2018,0.39,stem
pot_plants,geranium,9_cm,6/22/2018,0.63,unit
pot_plants,geranium,13_cm,6/22/2018,0.8,unit
fruit,apples,bramleys_seedling,6/15/2018,1.09,kg
fruit,gooseberries,gooseberries,6/15/2018,4.16,kg
fruit,raspberries,raspberries,6/15/2018,1.89,kg
fruit,strawberries,strawberries,6/15/2018,2.39,kg
vegetable,asparagus,asparagus,6/15/2018,6.22,kg
vegetable,beans,broad,6/15/2018,1.79,kg
vegetable,beetroot,beetroot,6/15/2018,0.47,kg
vegetable,pak_choi,pak_choi,6/15/2018,2.26,kg
vegetable,curly_kale,curly_kale,6/15/2018,2.8,kg
vegetable,cabbage,red,6/15/2018,0.33,kg
vegetable,spring_greens,prepacked,6/15/2018,1.06,kg
vegetable,cabbage,summer_autumn_pointed,6/15/2018,0.61,kg
vegetable,cabbage,white,6/15/2018,0.31,kg
vegetable,cabbage,round_green_other,6/15/2018,0.45,head
vegetable,calabrese,calabrese,6/15/2018,1.63,kg
vegetable,capsicum,green,6/15/2018,1.47,kg
vegetable,capsicum,red,6/15/2018,1.2,kg
vegetable,carrots,topped_washed,6/15/2018,0.65,kg
vegetable,cauliflower,all,6/15/2018,0.79,head
vegetable,celery,all_washed,6/15/2018,0.85,kg
vegetable,celeriac,celeriac,6/15/2018,0.64,kg
vegetable,coriander,coriander,6/15/2018,2.12,kg
vegetable,courgettes,courgettes,6/15/2018,1.1,kg
vegetable,cucumbers,cucumbers,6/15/2018,0.88,kg
vegetable,leeks,trimmed,6/15/2018,1.09,kg
vegetable,lettuce,butterhead_indoor,6/15/2018,0.32,head
vegetable,lettuce,cos,6/15/2018,0.58,head
vegetable,lettuce,crisp_iceberg_type,6/15/2018,0.42,head
vegetable,lettuce,little_gem,6/15/2018,0.56,twin
vegetable,rocket,rocket,6/15/2018,5.38,kg
vegetable,mixed_babyleaf_salad,pillow_pack,6/15/2018,4.91,kg
vegetable,onion,bulb_brown,6/15/2018,0.4,kg
vegetable,onion,bulb_red,6/15/2018,0.45,kg
vegetable,onion,saladspring,6/15/2018,0.23,kg
vegetable,turnip,turnip,6/15/2018,1.63,kg
vegetable,parsnips,all_varieties,6/15/2018,0.81,kg
vegetable,peas,shelling_all_varieties,6/15/2018,1.98,kg
vegetable,rhubarb,outdoor,6/15/2018,1.34,kg
vegetable,spinach_leaf,loose_bunches,6/15/2018,1.3,kg
vegetable,tomatoes,round,6/15/2018,0.83,kg
vegetable,tomatoes,vine,6/15/2018,0.99,kg
vegetable,tomatoes,cherry,6/15/2018,1.57,kg
vegetable,tomatoes,plum,6/15/2018,0.55,kg
vegetable,watercress,pillow_packs,6/15/2018,9.51,kg
cut_flowers,alstromeria,indoor,6/15/2018,0.26,stem
cut_flowers,sweet_williams,sweet_williams,6/15/2018,0.07,stem
cut_flowers,lillies,oriental,6/15/2018,0.8,stem
cut_flowers,peony,peony,6/15/2018,0.71,stem
cut_flowers,stocks,stocks,6/15/2018,0.75,stem
pot_plants,geranium,9_cm,6/15/2018,0.6,unit
pot_plants,geranium,13_cm,6/15/2018,0.75,unit
fruit,apples,bramleys_seedling,6/8/2018,1.04,kg
fruit,gooseberries,gooseberries,6/8/2018,5.99,kg
fruit,raspberries,raspberries,6/8/2018,2.56,kg
fruit,strawberries,strawberries,6/8/2018,2.15,kg
vegetable,asparagus,asparagus,6/8/2018,4.3,kg
vegetable,beans,broad,6/8/2018,1.99,kg
vegetable,beetroot,beetroot,6/8/2018,0.44,kg
vegetable,pak_choi,pak_choi,6/8/2018,2.13,kg
vegetable,curly_kale,curly_kale,6/8/2018,2.61,kg
vegetable,cabbage,red,6/8/2018,0.35,kg
vegetable,spring_greens,prepacked,6/8/2018,1.15,kg
vegetable,cabbage,summer_autumn_pointed,6/8/2018,0.68,kg
vegetable,cabbage,white,6/8/2018,0.31,kg
vegetable,cabbage,round_green_other,6/8/2018,0.47,head
vegetable,calabrese,calabrese,6/8/2018,1.83,kg
vegetable,carrots,topped_washed,6/8/2018,0.58,kg
vegetable,cauliflower,all,6/8/2018,0.83,head
vegetable,celery,all_washed,6/8/2018,0.88,kg
vegetable,celeriac,celeriac,6/8/2018,0.62,kg
vegetable,coriander,coriander,6/8/2018,2.12,kg
vegetable,courgettes,courgettes,6/8/2018,1.21,kg
vegetable,cucumbers,cucumbers,6/8/2018,0.9,kg
vegetable,leeks,trimmed,6/8/2018,1.1,kg
vegetable,lettuce,butterhead_indoor,6/8/2018,0.32,head
vegetable,lettuce,cos,6/8/2018,0.56,head
vegetable,lettuce,crisp_iceberg_type,6/8/2018,0.4,head
vegetable,lettuce,little_gem,6/8/2018,0.54,twin
vegetable,rocket,rocket,6/8/2018,5.43,kg
vegetable,mixed_babyleaf_salad,pillow_pack,6/8/2018,4.83,kg
vegetable,onion,bulb_brown,6/8/2018,0.41,kg
vegetable,onion,bulb_red,6/8/2018,0.48,kg
vegetable,onion,saladspring,6/8/2018,0.24,kg
vegetable,turnip,turnip,6/8/2018,1.96,kg
vegetable,parsnips,all_varieties,6/8/2018,0.69,kg
vegetable,peas,shelling_all_varieties,6/8/2018,2.27,kg
vegetable,rhubarb,outdoor,6/8/2018,1.44,kg
vegetable,spinach_leaf,loose_bunches,6/8/2018,1.13,kg
vegetable,tomatoes,round,6/8/2018,0.84,kg
vegetable,tomatoes,vine,6/8/2018,1.07,kg
vegetable,tomatoes,cherry,6/8/2018,1.52,kg
vegetable,tomatoes,plum,6/8/2018,0.57,kg
vegetable,watercress,pillow_packs,6/8/2018,9.54,kg
cut_flowers,alstromeria,indoor,6/8/2018,0.29,stem
cut_flowers,sweet_williams,sweet_williams,6/8/2018,0.07,stem
cut_flowers,lillies,oriental,6/8/2018,0.63,stem
cut_flowers,peony,peony,6/8/2018,0.42,stem
cut_flowers,stocks,stocks,6/8/2018,0.75,stem
pot_plants,geranium,13_cm,6/8/2018,0.92,unit
fruit,apples,bramleys_seedling,6/1/2018,1.13,kg
fruit,raspberries,raspberries,6/1/2018,8,kg
fruit,strawberries,strawberries,6/1/2018,2.43,kg
vegetable,asparagus,asparagus,6/1/2018,3.89,kg
vegetable,beans,broad,6/1/2018,1.87,kg
vegetable,beetroot,beetroot,6/1/2018,0.45,kg
vegetable,pak_choi,pak_choi,6/1/2018,2.16,kg
vegetable,curly_kale,curly_kale,6/1/2018,2.52,kg
vegetable,cabbage,red,6/1/2018,0.34,kg
vegetable,spring_greens,prepacked,6/1/2018,1.17,kg
vegetable,cabbage,summer_autumn_pointed,6/1/2018,0.59,kg
vegetable,cabbage,white,6/1/2018,0.32,kg
vegetable,cabbage,round_green_other,6/1/2018,0.55,head
vegetable,calabrese,calabrese,6/1/2018,1.7,kg
vegetable,carrots,topped_washed,6/1/2018,0.57,kg
vegetable,cauliflower,all,6/1/2018,0.66,head
vegetable,celery,all_washed,6/1/2018,0.88,kg
vegetable,celeriac,celeriac,6/1/2018,0.6,kg
vegetable,coriander,coriander,6/1/2018,1.89,kg
vegetable,cucumbers,cucumbers,6/1/2018,0.96,kg
vegetable,leeks,trimmed,6/1/2018,1.07,kg
vegetable,lettuce,butterhead_indoor,6/1/2018,0.33,head
vegetable,lettuce,cos,6/1/2018,0.56,head
vegetable,lettuce,crisp_iceberg_type,6/1/2018,0.4,head
vegetable,lettuce,little_gem,6/1/2018,0.55,twin
vegetable,rocket,rocket,6/1/2018,5.73,kg
vegetable,mixed_babyleaf_salad,pillow_pack,6/1/2018,5.15,kg
vegetable,onion,bulb_brown,6/1/2018,0.44,kg
vegetable,onion,bulb_red,6/1/2018,0.51,kg
vegetable,onion,saladspring,6/1/2018,0.24,kg
vegetable,swede,swede,6/1/2018,0.17,kg
vegetable,turnip,turnip,6/1/2018,2.1,kg
vegetable,parsnips,all_varieties,6/1/2018,0.7,kg
vegetable,rhubarb,forced,6/1/2018,3.49,kg
vegetable,rhubarb,outdoor,6/1/2018,1.46,kg
vegetable,spinach_leaf,loose_bunches,6/1/2018,1.23,kg
vegetable,tomatoes,round,6/1/2018,0.84,kg
vegetable,tomatoes,vine,6/1/2018,1.18,kg
vegetable,tomatoes,cherry,6/1/2018,1.7,kg
vegetable,watercress,pillow_packs,6/1/2018,9.51,kg
cut_flowers,alstromeria,indoor,6/1/2018,0.29,stem
cut_flowers,sweet_williams,sweet_williams,6/1/2018,0.07,stem
cut_flowers,lillies,oriental,6/1/2018,0.71,stem
cut_flowers,peony,peony,6/1/2018,0.44,stem
cut_flowers,stocks,stocks,6/1/2018,0.64,stem
pot_plants,geranium,13_cm,6/1/2018,0.99,unit
fruit,apples,bramleys_seedling,5/25/2018,1.05,kg
fruit,strawberries,strawberries,5/25/2018,2.57,kg
vegetable,asparagus,asparagus,5/25/2018,5.53,kg
vegetable,beetroot,beetroot,5/25/2018,0.49,kg
vegetable,pak_choi,pak_choi,5/25/2018,2.79,kg
vegetable,curly_kale,curly_kale,5/25/2018,2.34,kg
vegetable,cabbage,red,5/25/2018,0.34,kg
vegetable,cabbage,savoy,5/25/2018,0.4,head
vegetable,spring_greens,prepacked,5/25/2018,1.24,kg
vegetable,cabbage,summer_autumn_pointed,5/25/2018,0.57,kg
vegetable,cabbage,white,5/25/2018,0.33,kg
vegetable,cabbage,round_green_other,5/25/2018,0.47,head
vegetable,capsicum,red,5/25/2018,1.8,kg
vegetable,carrots,topped_washed,5/25/2018,0.58,kg
vegetable,cauliflower,all,5/25/2018,0.64,head
vegetable,celery,all_washed,5/25/2018,0.88,kg
vegetable,celeriac,celeriac,5/25/2018,0.64,kg
vegetable,coriander,coriander,5/25/2018,1.45,kg
vegetable,cucumbers,cucumbers,5/25/2018,0.95,kg
vegetable,leeks,trimmed,5/25/2018,1.05,kg
vegetable,lettuce,butterhead_indoor,5/25/2018,0.33,head
vegetable,lettuce,cos,5/25/2018,0.65,head
vegetable,lettuce,crisp_iceberg_type,5/25/2018,0.58,head
vegetable,lettuce,little_gem,5/25/2018,0.59,twin
vegetable,rocket,rocket,5/25/2018,5,kg
vegetable,mixed_babyleaf_salad,pillow_pack,5/25/2018,5,kg
vegetable,onion,bulb_brown,5/25/2018,0.53,kg
vegetable,onion,bulb_red,5/25/2018,0.53,kg
vegetable,onion,saladspring,5/25/2018,0.26,kg
vegetable,swede,swede,5/25/2018,0.16,kg
vegetable,turnip,turnip,5/25/2018,2,kg
vegetable,parsnips,all_varieties,5/25/2018,0.69,kg
vegetable,rhubarb,forced,5/25/2018,3.25,kg
vegetable,rhubarb,outdoor,5/25/2018,1.93,kg
vegetable,spinach_leaf,loose_bunches,5/25/2018,1.15,kg
vegetable,tomatoes,round,5/25/2018,0.98,kg
vegetable,tomatoes,vine,5/25/2018,1.37,kg
vegetable,tomatoes,cherry,5/25/2018,2.15,kg
vegetable,watercress,pillow_packs,5/25/2018,10.51,kg
cut_flowers,alstromeria,indoor,5/25/2018,0.26,stem
cut_flowers,peony,peony,5/25/2018,0.43,stem
cut_flowers,tulips,tulips,5/25/2018,0.14,stem
fruit,apples,bramleys_seedling,5/18/2018,1.08,kg
fruit,apples,gala,5/18/2018,0.83,kg
fruit,strawberries,strawberries,5/18/2018,2.26,kg
vegetable,asparagus,asparagus,5/18/2018,5.09,kg
vegetable,beetroot,beetroot,5/18/2018,0.48,kg
vegetable,pak_choi,pak_choi,5/18/2018,2.43,kg
vegetable,curly_kale,curly_kale,5/18/2018,2.31,kg
vegetable,cabbage,red,5/18/2018,0.34,kg
vegetable,cabbage,savoy,5/18/2018,0.35,head
vegetable,spring_greens,prepacked,5/18/2018,1.24,kg
vegetable,cabbage,summer_autumn_pointed,5/18/2018,0.63,kg
vegetable,cabbage,white,5/18/2018,0.33,kg
vegetable,cabbage,round_green_other,5/18/2018,0.33,head
vegetable,carrots,topped_washed,5/18/2018,0.52,kg
vegetable,cauliflower,all,5/18/2018,0.64,head
vegetable,celery,all_washed,5/18/2018,0.88,kg
vegetable,celeriac,celeriac,5/18/2018,0.69,kg
vegetable,coriander,coriander,5/18/2018,2.11,kg
vegetable,cucumbers,cucumbers,5/18/2018,1.02,kg
vegetable,leeks,trimmed,5/18/2018,1.01,kg
vegetable,lettuce,butterhead_indoor,5/18/2018,0.35,head
vegetable,lettuce,cos,5/18/2018,0.77,head
vegetable,lettuce,crisp_iceberg_type,5/18/2018,0.37,head
vegetable,lettuce,little_gem,5/18/2018,0.6,twin
vegetable,rocket,rocket,5/18/2018,5,kg
vegetable,mixed_babyleaf_salad,pillow_pack,5/18/2018,5,kg
vegetable,onion,bulb_brown,5/18/2018,0.41,kg
vegetable,onion,bulb_red,5/18/2018,0.51,kg
vegetable,onion,saladspring,5/18/2018,0.24,kg
vegetable,swede,swede,5/18/2018,0.16,kg
vegetable,parsnips,all_varieties,5/18/2018,0.75,kg
vegetable,rhubarb,forced,5/18/2018,3.22,kg
vegetable,rhubarb,outdoor,5/18/2018,1.9,kg
vegetable,spinach_leaf,loose_bunches,5/18/2018,1.02,kg
vegetable,tomatoes,round,5/18/2018,1.07,kg
vegetable,tomatoes,vine,5/18/2018,1.36,kg
vegetable,tomatoes,cherry,5/18/2018,2.17,kg
vegetable,watercress,pillow_packs,5/18/2018,10.41,kg
cut_flowers,alstromeria,indoor,5/18/2018,0.26,stem
cut_flowers,tulips,tulips,5/18/2018,0.17,stem
pot_plants,geranium,9_cm,5/18/2018,0.8,unit
pot_plants,geranium,13_cm,5/18/2018,1.12,unit
fruit,apples,bramleys_seedling,5/11/2018,0.97,kg
fruit,apples,gala,5/11/2018,0.94,kg
fruit,apples,other_late_season,5/11/2018,1.37,kg
fruit,strawberries,strawberries,5/11/2018,1.98,kg
vegetable,asparagus,asparagus,5/11/2018,5.37,kg
vegetable,beetroot,beetroot,5/11/2018,0.48,kg
vegetable,pak_choi,pak_choi,5/11/2018,2.53,kg
vegetable,curly_kale,curly_kale,5/11/2018,2.02,kg
vegetable,cabbage,red,5/11/2018,0.36,kg
vegetable,cabbage,savoy,5/11/2018,0.39,head
vegetable,spring_greens,prepacked,5/11/2018,1.23,kg
vegetable,cabbage,white,5/11/2018,0.32,kg
vegetable,cabbage,round_green_other,5/11/2018,0.35,head
vegetable,capsicum,red,5/11/2018,0.65,kg
vegetable,carrots,topped_washed,5/11/2018,0.49,kg
vegetable,cauliflower,all,5/11/2018,0.58,head
vegetable,celeriac,celeriac,5/11/2018,0.65,kg
vegetable,coriander,coriander,5/11/2018,0.95,kg
vegetable,cucumbers,cucumbers,5/11/2018,0.87,kg
vegetable,leeks,trimmed,5/11/2018,1.06,kg
vegetable,lettuce,butterhead_indoor,5/11/2018,0.35,head
vegetable,lettuce,cos,5/11/2018,0.56,head
vegetable,lettuce,little_gem,5/11/2018,0.68,twin
vegetable,rocket,rocket,5/11/2018,4.75,kg
vegetable,mixed_babyleaf_salad,pillow_pack,5/11/2018,4.75,kg
vegetable,onion,bulb_brown,5/11/2018,0.37,kg
vegetable,onion,bulb_red,5/11/2018,0.46,kg
vegetable,onion,saladspring,5/11/2018,0.28,kg
vegetable,swede,swede,5/11/2018,0.15,kg
vegetable,parsnips,all_varieties,5/11/2018,0.68,kg
vegetable,rhubarb,forced,5/11/2018,2.73,kg
vegetable,rhubarb,outdoor,5/11/2018,1.99,kg
vegetable,spinach_leaf,loose_bunches,5/11/2018,1.01,kg
vegetable,tomatoes,round,5/11/2018,1.22,kg
vegetable,tomatoes,vine,5/11/2018,1.73,kg
vegetable,tomatoes,cherry,5/11/2018,1.97,kg
vegetable,tomatoes,plum,5/11/2018,1.14,kg
vegetable,watercress,pillow_packs,5/11/2018,10.4,kg
cut_flowers,alstromeria,indoor,5/11/2018,0.27,stem
cut_flowers,tulips,tulips,5/11/2018,0.17,stem
pot_plants,geranium,9_cm,5/11/2018,0.8,unit
pot_plants,geranium,13_cm,5/11/2018,1,unit
fruit,apples,bramleys_seedling,5/4/2018,0.87,kg
fruit,apples,gala,5/4/2018,0.92,kg
fruit,apples,other_late_season,5/4/2018,1.57,kg
fruit,pears,conference,5/4/2018,0.94,kg
fruit,strawberries,strawberries,5/4/2018,2.05,kg
vegetable,asparagus,asparagus,5/4/2018,5.83,kg
vegetable,beetroot,beetroot,5/4/2018,0.48,kg
vegetable,pak_choi,pak_choi,5/4/2018,2.66,kg
vegetable,curly_kale,curly_kale,5/4/2018,2.19,kg
vegetable,cabbage,red,5/4/2018,0.35,kg
vegetable,cabbage,savoy,5/4/2018,0.39,head
vegetable,spring_greens,prepacked,5/4/2018,1.31,kg
vegetable,cabbage,white,5/4/2018,0.33,kg
vegetable,cabbage,round_green_other,5/4/2018,0.37,head
vegetable,capsicum,red,5/4/2018,0.65,kg
vegetable,carrots,topped_washed,5/4/2018,0.47,kg
vegetable,cauliflower,all,5/4/2018,0.58,head
vegetable,celeriac,celeriac,5/4/2018,0.65,kg
vegetable,coriander,coriander,5/4/2018,1.05,kg
vegetable,cucumbers,cucumbers,5/4/2018,0.82,kg
vegetable,leeks,trimmed,5/4/2018,1.05,kg
vegetable,lettuce,butterhead_indoor,5/4/2018,0.34,head
vegetable,lettuce,cos,5/4/2018,0.56,head
vegetable,lettuce,little_gem,5/4/2018,0.71,twin
vegetable,rocket,rocket,5/4/2018,4.75,kg
vegetable,mixed_babyleaf_salad,pillow_pack,5/4/2018,4.75,kg
vegetable,onion,bulb_brown,5/4/2018,0.34,kg
vegetable,onion,bulb_red,5/4/2018,0.48,kg
vegetable,onion,saladspring,5/4/2018,0.29,kg
vegetable,swede,swede,5/4/2018,0.15,kg
vegetable,parsnips,all_varieties,5/4/2018,0.7,kg
vegetable,rhubarb,forced,5/4/2018,3.18,kg
vegetable,rhubarb,outdoor,5/4/2018,1.43,kg
vegetable,spinach_leaf,loose_bunches,5/4/2018,1.05,kg
vegetable,tomatoes,round,5/4/2018,1.15,kg
vegetable,tomatoes,vine,5/4/2018,2.02,kg
vegetable,tomatoes,cherry,5/4/2018,2.08,kg
vegetable,watercress,pillow_packs,5/4/2018,10.53,kg
cut_flowers,alstromeria,indoor,5/4/2018,0.26,stem
cut_flowers,tulips,tulips,5/4/2018,0.18,stem
fruit,apples,bramleys_seedling,4/27/2018,0.89,kg
fruit,apples,gala,4/27/2018,0.88,kg
fruit,apples,other_late_season,4/27/2018,1.83,kg
fruit,pears,conference,4/27/2018,1.09,kg
fruit,strawberries,strawberries,4/27/2018,3.47,kg
vegetable,asparagus,asparagus,4/27/2018,7.81,kg
vegetable,beetroot,beetroot,4/27/2018,0.47,kg
vegetable,brussels_sprouts,brussels_sprouts,4/27/2018,0.75,kg
vegetable,pak_choi,pak_choi,4/27/2018,2.63,kg
vegetable,curly_kale,curly_kale,4/27/2018,2.2,kg
vegetable,cabbage,red,4/27/2018,0.36,kg
vegetable,cabbage,savoy,4/27/2018,0.39,head
vegetable,spring_greens,prepacked,4/27/2018,1.26,kg
vegetable,cabbage,white,4/27/2018,0.33,kg
vegetable,cabbage,round_green_other,4/27/2018,0.36,head
vegetable,capsicum,red,4/27/2018,0.65,kg
vegetable,carrots,topped_washed,4/27/2018,0.44,kg
vegetable,cauliflower,all,4/27/2018,0.53,head
vegetable,celeriac,celeriac,4/27/2018,0.71,kg
vegetable,cucumbers,cucumbers,4/27/2018,0.82,kg
vegetable,leeks,trimmed,4/27/2018,1.03,kg
vegetable,lettuce,butterhead_indoor,4/27/2018,0.33,head
vegetable,lettuce,little_gem,4/27/2018,0.68,twin
vegetable,onion,bulb_brown,4/27/2018,0.35,kg
vegetable,onion,bulb_red,4/27/2018,0.46,kg
vegetable,onion,saladspring,4/27/2018,0.25,kg
vegetable,swede,swede,4/27/2018,0.15,kg
vegetable,parsnips,all_varieties,4/27/2018,0.77,kg
vegetable,rhubarb,forced,4/27/2018,3.24,kg
vegetable,rhubarb,outdoor,4/27/2018,2,kg
vegetable,tomatoes,round,4/27/2018,1.31,kg
vegetable,tomatoes,cherry,4/27/2018,3.24,kg
vegetable,tomatoes,plum,4/27/2018,0.6,kg
vegetable,watercress,pillow_packs,4/27/2018,10.09,kg
cut_flowers,alstromeria,indoor,4/27/2018,0.26,stem
cut_flowers,narcissus,outdoor,4/27/2018,0.02,stem
cut_flowers,tulips,tulips,4/27/2018,0.16,stem
fruit,apples,bramleys_seedling,4/20/2018,0.89,kg
fruit,apples,gala,4/20/2018,0.84,kg
fruit,apples,other_late_season,4/20/2018,1.76,kg
fruit,pears,conference,4/20/2018,0.88,kg
vegetable,asparagus,asparagus,4/20/2018,8.48,kg
vegetable,beetroot,beetroot,4/20/2018,0.49,kg
vegetable,brussels_sprouts,brussels_sprouts,4/20/2018,0.86,kg
vegetable,pak_choi,pak_choi,4/20/2018,2.68,kg
vegetable,curly_kale,curly_kale,4/20/2018,2.29,kg
vegetable,cabbage,red,4/20/2018,0.38,kg
vegetable,cabbage,savoy,4/20/2018,0.41,head
vegetable,spring_greens,prepacked,4/20/2018,1.36,kg
vegetable,cabbage,white,4/20/2018,0.33,kg
vegetable,cabbage,round_green_other,4/20/2018,0.37,head
vegetable,capsicum,red,4/20/2018,0.65,kg
vegetable,carrots,topped_washed,4/20/2018,0.43,kg
vegetable,cauliflower,all,4/20/2018,0.51,head
vegetable,celeriac,celeriac,4/20/2018,0.73,kg
vegetable,cucumbers,cucumbers,4/20/2018,0.77,kg
vegetable,leeks,trimmed,4/20/2018,1.04,kg
vegetable,lettuce,butterhead_indoor,4/20/2018,0.33,head
vegetable,lettuce,little_gem,4/20/2018,0.66,twin
vegetable,onion,bulb_brown,4/20/2018,0.34,kg
vegetable,onion,bulb_red,4/20/2018,0.47,kg
vegetable,onion,saladspring,4/20/2018,0.3,kg
vegetable,swede,swede,4/20/2018,0.14,kg
vegetable,turnip,turnip,4/20/2018,0.6,kg
vegetable,parsnips,all_varieties,4/20/2018,0.77,kg
vegetable,rhubarb,forced,4/20/2018,3.28,kg
vegetable,rhubarb,outdoor,4/20/2018,2.18,kg
vegetable,tomatoes,round,4/20/2018,1.31,kg
vegetable,tomatoes,vine,4/20/2018,1.5,kg
vegetable,tomatoes,plum,4/20/2018,1.5,kg
vegetable,watercress,pillow_packs,4/20/2018,10.23,kg
cut_flowers,alstromeria,indoor,4/20/2018,0.27,stem
cut_flowers,narcissus,outdoor,4/20/2018,0.02,stem
cut_flowers,tulips,tulips,4/20/2018,0.15,stem
pot_plants,geranium,9_cm,4/20/2018,1,unit
fruit,apples,bramleys_seedling,4/13/2018,0.83,kg
fruit,apples,gala,4/13/2018,0.85,kg
fruit,apples,other_late_season,4/13/2018,1.81,kg
fruit,pears,conference,4/13/2018,0.82,kg
vegetable,asparagus,asparagus,4/13/2018,11.83,kg
vegetable,beetroot,beetroot,4/13/2018,0.48,kg
vegetable,brussels_sprouts,brussels_sprouts,4/13/2018,0.72,kg
vegetable,pak_choi,pak_choi,4/13/2018,2.59,kg
vegetable,curly_kale,curly_kale,4/13/2018,2.21,kg
vegetable,cabbage,red,4/13/2018,0.35,kg
vegetable,cabbage,savoy,4/13/2018,0.43,head
vegetable,spring_greens,prepacked,4/13/2018,1.36,kg
vegetable,cabbage,white,4/13/2018,0.33,kg
vegetable,cabbage,round_green_other,4/13/2018,0.38,head
vegetable,carrots,topped_washed,4/13/2018,0.42,kg
vegetable,cauliflower,all,4/13/2018,0.72,head
vegetable,celeriac,celeriac,4/13/2018,0.73,kg
vegetable,cucumbers,cucumbers,4/13/2018,0.74,kg
vegetable,leeks,trimmed,4/13/2018,1.09,kg
vegetable,lettuce,butterhead_indoor,4/13/2018,0.31,head
vegetable,lettuce,little_gem,4/13/2018,0.65,twin
vegetable,onion,bulb_brown,4/13/2018,0.33,kg
vegetable,onion,bulb_red,4/13/2018,0.44,kg
vegetable,swede,swede,4/13/2018,0.14,kg
vegetable,turnip,turnip,4/13/2018,0.6,kg
vegetable,parsnips,all_varieties,4/13/2018,0.77,kg
vegetable,rhubarb,forced,4/13/2018,5,kg
vegetable,rhubarb,outdoor,4/13/2018,2.34,kg
vegetable,tomatoes,round,4/13/2018,1.04,kg
vegetable,tomatoes,vine,4/13/2018,1.5,kg
vegetable,tomatoes,plum,4/13/2018,1.33,kg
vegetable,watercress,pillow_packs,4/13/2018,10.59,kg
cut_flowers,alstromeria,indoor,4/13/2018,0.24,stem
cut_flowers,narcissus,outdoor,4/13/2018,0.02,stem
cut_flowers,tulips,tulips,4/13/2018,0.17,stem
fruit,apples,bramleys_seedling,4/6/2018,0.85,kg
fruit,apples,braeburn,4/6/2018,0.81,kg
fruit,apples,gala,4/6/2018,0.9,kg
fruit,apples,other_late_season,4/6/2018,1.95,kg
fruit,pears,conference,4/6/2018,0.78,kg
vegetable,asparagus,asparagus,4/6/2018,16,kg
vegetable,beetroot,beetroot,4/6/2018,0.46,kg
vegetable,brussels_sprouts,brussels_sprouts,4/6/2018,0.63,kg
vegetable,pak_choi,pak_choi,4/6/2018,2.7,kg
vegetable,curly_kale,curly_kale,4/6/2018,2.4,kg
vegetable,cabbage,red,4/6/2018,0.37,kg
vegetable,cabbage,savoy,4/6/2018,0.41,head
vegetable,spring_greens,prepacked,4/6/2018,1.39,kg
vegetable,cabbage,white,4/6/2018,0.34,kg
vegetable,cabbage,round_green_other,4/6/2018,0.37,head
vegetable,carrots,topped_washed,4/6/2018,0.4,kg
vegetable,cauliflower,all,4/6/2018,0.84,head
vegetable,celeriac,celeriac,4/6/2018,0.77,kg
vegetable,cucumbers,cucumbers,4/6/2018,0.74,kg
vegetable,leeks,trimmed,4/6/2018,1.1,kg
vegetable,lettuce,butterhead_indoor,4/6/2018,0.3,head
vegetable,lettuce,little_gem,4/6/2018,0.63,twin
vegetable,onion,bulb_brown,4/6/2018,0.33,kg
vegetable,onion,bulb_red,4/6/2018,0.46,kg
vegetable,swede,swede,4/6/2018,0.14,kg
vegetable,turnip,turnip,4/6/2018,0.59,kg
vegetable,parsnips,all_varieties,4/6/2018,0.8,kg
vegetable,rhubarb,forced,4/6/2018,5.93,kg
vegetable,rhubarb,outdoor,4/6/2018,2.88,kg
vegetable,tomatoes,round,4/6/2018,1.07,kg
vegetable,watercress,pillow_packs,4/6/2018,10.9,kg
cut_flowers,alstromeria,indoor,4/6/2018,0.28,stem
cut_flowers,narcissus,indoor,4/6/2018,0.04,stem
cut_flowers,narcissus,outdoor,4/6/2018,0.03,stem
cut_flowers,tulips,tulips,4/6/2018,0.21,stem
fruit,apples,bramleys_seedling,3/30/2018,0.85,kg
fruit,apples,braeburn,3/30/2018,0.92,kg
fruit,apples,gala,3/30/2018,0.9,kg
fruit,apples,other_late_season,3/30/2018,1.96,kg
fruit,pears,conference,3/30/2018,0.74,kg
vegetable,asparagus,asparagus,3/30/2018,14.67,kg
vegetable,beetroot,beetroot,3/30/2018,0.44,kg
vegetable,brussels_sprouts,brussels_sprouts,3/30/2018,0.68,kg
vegetable,pak_choi,pak_choi,3/30/2018,2.64,kg
vegetable,curly_kale,curly_kale,3/30/2018,2.33,kg
vegetable,cabbage,red,3/30/2018,0.34,kg
vegetable,cabbage,savoy,3/30/2018,0.4,head
vegetable,spring_greens,prepacked,3/30/2018,1.55,kg
vegetable,cabbage,white,3/30/2018,0.35,kg
vegetable,cabbage,round_green_other,3/30/2018,0.36,head
vegetable,carrots,topped_washed,3/30/2018,0.37,kg
vegetable,cauliflower,all,3/30/2018,0.85,head
vegetable,celeriac,celeriac,3/30/2018,0.75,kg
vegetable,cucumbers,cucumbers,3/30/2018,0.92,kg
vegetable,leeks,trimmed,3/30/2018,1.09,kg
vegetable,lettuce,butterhead_indoor,3/30/2018,0.31,head
vegetable,lettuce,cos,3/30/2018,0.56,head
vegetable,lettuce,little_gem,3/30/2018,0.57,twin
vegetable,onion,bulb_brown,3/30/2018,0.34,kg
vegetable,onion,bulb_red,3/30/2018,0.45,kg
vegetable,swede,swede,3/30/2018,0.14,kg
vegetable,turnip,turnip,3/30/2018,0.61,kg
vegetable,parsnips,all_varieties,3/30/2018,0.79,kg
vegetable,rhubarb,forced,3/30/2018,6.77,kg
vegetable,rhubarb,outdoor,3/30/2018,3.04,kg
vegetable,watercress,pillow_packs,3/30/2018,10.53,kg
cut_flowers,alstromeria,indoor,3/30/2018,0.28,stem
cut_flowers,narcissus,indoor,3/30/2018,0.04,stem
cut_flowers,narcissus,outdoor,3/30/2018,0.03,stem
cut_flowers,tulips,tulips,3/30/2018,0.21,stem
fruit,apples,bramleys_seedling,3/23/2018,0.84,kg
fruit,apples,coxs_orange_group,3/23/2018,0.73,kg
fruit,apples,braeburn,3/23/2018,0.9,kg
fruit,apples,gala,3/23/2018,0.91,kg
fruit,apples,other_late_season,3/23/2018,1.62,kg
fruit,pears,conference,3/23/2018,0.81,kg
vegetable,beetroot,beetroot,3/23/2018,0.46,kg
vegetable,brussels_sprouts,brussels_sprouts,3/23/2018,0.68,kg
vegetable,pak_choi,pak_choi,3/23/2018,2.65,kg
vegetable,curly_kale,curly_kale,3/23/2018,2.54,kg
vegetable,cabbage,red,3/23/2018,0.37,kg
vegetable,cabbage,savoy,3/23/2018,0.43,head
vegetable,spring_greens,prepacked,3/23/2018,1.52,kg
vegetable,cabbage,white,3/23/2018,0.34,kg
vegetable,cabbage,round_green_other,3/23/2018,0.36,head
vegetable,carrots,topped_washed,3/23/2018,0.35,kg
vegetable,cauliflower,all,3/23/2018,0.83,head
vegetable,celeriac,celeriac,3/23/2018,0.68,kg
vegetable,cucumbers,cucumbers,3/23/2018,0.83,kg
vegetable,leeks,trimmed,3/23/2018,1.11,kg
vegetable,lettuce,butterhead_indoor,3/23/2018,0.33,head
vegetable,lettuce,little_gem,3/23/2018,0.6,twin
vegetable,onion,bulb_brown,3/23/2018,0.3,kg
vegetable,onion,bulb_red,3/23/2018,0.43,kg
vegetable,swede,swede,3/23/2018,0.14,kg
vegetable,turnip,turnip,3/23/2018,0.71,kg
vegetable,parsnips,all_varieties,3/23/2018,0.77,kg
vegetable,rhubarb,forced,3/23/2018,4.24,kg
vegetable,rhubarb,outdoor,3/23/2018,1.98,kg
vegetable,watercress,pillow_packs,3/23/2018,12.09,kg
cut_flowers,alstromeria,indoor,3/23/2018,0.32,stem
cut_flowers,narcissus,outdoor,3/23/2018,0.03,stem
cut_flowers,tulips,tulips,3/23/2018,0.17,stem
fruit,apples,bramleys_seedling,3/16/2018,0.81,kg
fruit,apples,braeburn,3/16/2018,0.81,kg
fruit,apples,gala,3/16/2018,0.93,kg
fruit,apples,other_late_season,3/16/2018,1.03,kg
fruit,pears,conference,3/16/2018,0.73,kg
vegetable,beetroot,beetroot,3/16/2018,0.45,kg
vegetable,brussels_sprouts,brussels_sprouts,3/16/2018,0.68,kg
vegetable,pak_choi,pak_choi,3/16/2018,2.88,kg
vegetable,curly_kale,curly_kale,3/16/2018,2.13,kg
vegetable,cabbage,red,3/16/2018,0.34,kg
vegetable,cabbage,savoy,3/16/2018,0.43,head
vegetable,spring_greens,prepacked,3/16/2018,1.18,kg
vegetable,cabbage,white,3/16/2018,0.34,kg
vegetable,cabbage,round_green_other,3/16/2018,0.38,head
vegetable,carrots,topped_washed,3/16/2018,0.35,kg
vegetable,cauliflower,all,3/16/2018,0.94,head
vegetable,celeriac,celeriac,3/16/2018,0.7,kg
vegetable,cucumbers,cucumbers,3/16/2018,0.53,kg
vegetable,leeks,trimmed,3/16/2018,1.12,kg
vegetable,lettuce,butterhead_indoor,3/16/2018,0.33,head
vegetable,lettuce,little_gem,3/16/2018,0.57,twin
vegetable,onion,bulb_brown,3/16/2018,0.34,kg
vegetable,onion,bulb_red,3/16/2018,0.46,kg
vegetable,swede,swede,3/16/2018,0.15,kg
vegetable,turnip,turnip,3/16/2018,0.77,kg
vegetable,parsnips,all_varieties,3/16/2018,0.8,kg
vegetable,rhubarb,forced,3/16/2018,3.81,kg
vegetable,watercress,pillow_packs,3/16/2018,11.15,kg
cut_flowers,alstromeria,indoor,3/16/2018,0.28,stem
cut_flowers,narcissus,indoor,3/16/2018,0.05,stem
cut_flowers,narcissus,outdoor,3/16/2018,0.04,stem
cut_flowers,tulips,tulips,3/16/2018,0.26,stem
fruit,apples,bramleys_seedling,3/9/2018,0.75,kg
fruit,apples,coxs_orange_group,3/9/2018,0.69,kg
fruit,apples,egremont_russet,3/9/2018,0.78,kg
fruit,apples,braeburn,3/9/2018,0.74,kg
fruit,apples,gala,3/9/2018,0.92,kg
fruit,apples,other_late_season,3/9/2018,1,kg
fruit,pears,conference,3/9/2018,0.69,kg
fruit,pears,doyenne_du_comice,3/9/2018,0.79,kg
vegetable,beetroot,beetroot,3/9/2018,0.49,kg
vegetable,brussels_sprouts,brussels_sprouts,3/9/2018,0.65,kg
vegetable,pak_choi,pak_choi,3/9/2018,3,kg
vegetable,curly_kale,curly_kale,3/9/2018,2.3,kg
vegetable,cabbage,red,3/9/2018,0.35,kg
vegetable,cabbage,savoy,3/9/2018,0.45,head
vegetable,spring_greens,prepacked,3/9/2018,1.12,kg
vegetable,cabbage,white,3/9/2018,0.32,kg
vegetable,cabbage,round_green_other,3/9/2018,0.37,head
vegetable,carrots,topped_washed,3/9/2018,0.33,kg
vegetable,cauliflower,all,3/9/2018,0.96,head
vegetable,celeriac,celeriac,3/9/2018,0.65,kg
vegetable,cucumbers,cucumbers,3/9/2018,1.02,kg
vegetable,leeks,trimmed,3/9/2018,1.09,kg
vegetable,lettuce,butterhead_indoor,3/9/2018,0.34,head
vegetable,lettuce,little_gem,3/9/2018,0.6,twin
vegetable,onion,bulb_brown,3/9/2018,0.35,kg
vegetable,onion,bulb_red,3/9/2018,0.44,kg
vegetable,swede,swede,3/9/2018,0.15,kg
vegetable,turnip,turnip,3/9/2018,0.76,kg
vegetable,parsnips,all_varieties,3/9/2018,0.74,kg
vegetable,rhubarb,forced,3/9/2018,4.15,kg
vegetable,watercress,pillow_packs,3/9/2018,12.68,kg
cut_flowers,alstromeria,indoor,3/9/2018,0.31,stem
cut_flowers,narcissus,indoor,3/9/2018,0.07,stem
cut_flowers,narcissus,outdoor,3/9/2018,0.04,stem
cut_flowers,tulips,tulips,3/9/2018,0.21,stem
fruit,apples,bramleys_seedling,3/2/2018,0.73,kg
fruit,apples,coxs_orange_group,3/2/2018,0.71,kg
fruit,apples,egremont_russet,3/2/2018,0.86,kg
fruit,apples,braeburn,3/2/2018,0.74,kg
fruit,apples,gala,3/2/2018,0.9,kg
fruit,apples,other_late_season,3/2/2018,0.75,kg
fruit,pears,conference,3/2/2018,0.67,kg
fruit,pears,doyenne_du_comice,3/2/2018,0.73,kg
vegetable,beetroot,beetroot,3/2/2018,0.48,kg
vegetable,brussels_sprouts,brussels_sprouts,3/2/2018,0.67,kg
vegetable,pak_choi,pak_choi,3/2/2018,2.79,kg
vegetable,curly_kale,curly_kale,3/2/2018,2.04,kg
vegetable,cabbage,red,3/2/2018,0.35,kg
vegetable,cabbage,savoy,3/2/2018,0.45,head
vegetable,spring_greens,prepacked,3/2/2018,1.12,kg
vegetable,cabbage,white,3/2/2018,0.32,kg
vegetable,cabbage,round_green_other,3/2/2018,0.41,head
vegetable,carrots,topped_washed,3/2/2018,0.33,kg
vegetable,cauliflower,all,3/2/2018,0.81,head
vegetable,celeriac,celeriac,3/2/2018,0.7,kg
vegetable,cucumbers,cucumbers,3/2/2018,1.17,kg
vegetable,leeks,trimmed,3/2/2018,1.04,kg
vegetable,lettuce,butterhead_indoor,3/2/2018,0.36,head
vegetable,lettuce,little_gem,3/2/2018,0.64,twin
vegetable,onion,bulb_brown,3/2/2018,0.36,kg
vegetable,onion,bulb_red,3/2/2018,0.46,kg
vegetable,swede,swede,3/2/2018,0.15,kg
vegetable,turnip,turnip,3/2/2018,0.74,kg
vegetable,parsnips,all_varieties,3/2/2018,0.76,kg
vegetable,rhubarb,forced,3/2/2018,3.91,kg
vegetable,watercress,pillow_packs,3/2/2018,10.93,kg
cut_flowers,alstromeria,indoor,3/2/2018,0.33,stem
cut_flowers,narcissus,indoor,3/2/2018,0.06,stem
cut_flowers,narcissus,outdoor,3/2/2018,0.03,stem
cut_flowers,tulips,tulips,3/2/2018,0.18,stem
fruit,apples,bramleys_seedling,2/23/2018,0.73,kg
fruit,apples,coxs_orange_group,2/23/2018,0.81,kg
fruit,apples,egremont_russet,2/23/2018,0.95,kg
fruit,apples,braeburn,2/23/2018,0.75,kg
fruit,apples,gala,2/23/2018,0.85,kg
fruit,apples,other_late_season,2/23/2018,1.08,kg
fruit,pears,conference,2/23/2018,0.74,kg
fruit,pears,doyenne_du_comice,2/23/2018,0.8,kg
fruit,pears,other,2/23/2018,0.5,kg
vegetable,beetroot,beetroot,2/23/2018,0.44,kg
vegetable,brussels_sprouts,brussels_sprouts,2/23/2018,0.7,kg
vegetable,pak_choi,pak_choi,2/23/2018,2.77,kg
vegetable,curly_kale,curly_kale,2/23/2018,1.98,kg
vegetable,cabbage,red,2/23/2018,0.37,kg
vegetable,cabbage,savoy,2/23/2018,0.43,head
vegetable,spring_greens,prepacked,2/23/2018,1.09,kg
vegetable,cabbage,white,2/23/2018,0.32,kg
vegetable,cabbage,round_green_other,2/23/2018,0.42,head
vegetable,carrots,topped_washed,2/23/2018,0.33,kg
vegetable,cauliflower,all,2/23/2018,0.88,head
vegetable,celeriac,celeriac,2/23/2018,0.68,kg
vegetable,leeks,trimmed,2/23/2018,0.85,kg
vegetable,lettuce,butterhead_indoor,2/23/2018,0.35,head
vegetable,lettuce,little_gem,2/23/2018,0.64,twin
vegetable,onion,bulb_brown,2/23/2018,0.34,kg
vegetable,onion,bulb_red,2/23/2018,0.45,kg
vegetable,swede,swede,2/23/2018,0.15,kg
vegetable,turnip,turnip,2/23/2018,0.73,kg
vegetable,parsnips,all_varieties,2/23/2018,0.78,kg
vegetable,rhubarb,forced,2/23/2018,3.66,kg
vegetable,watercress,pillow_packs,2/23/2018,10.58,kg
cut_flowers,alstromeria,indoor,2/23/2018,0.31,stem
cut_flowers,narcissus,indoor,2/23/2018,0.07,stem
cut_flowers,narcissus,outdoor,2/23/2018,0.04,stem
cut_flowers,tulips,tulips,2/23/2018,0.17,stem
pot_plants,cyclamen,13_cm,2/23/2018,1.5,unit
fruit,apples,bramleys_seedling,2/16/2018,0.72,kg
fruit,apples,coxs_orange_group,2/16/2018,0.85,kg
fruit,apples,egremont_russet,2/16/2018,0.97,kg
fruit,apples,braeburn,2/16/2018,0.78,kg
fruit,apples,gala,2/16/2018,0.82,kg
fruit,apples,other_late_season,2/16/2018,1.02,kg
fruit,pears,conference,2/16/2018,0.76,kg
fruit,pears,doyenne_du_comice,2/16/2018,0.83,kg
vegetable,beetroot,beetroot,2/16/2018,0.46,kg
vegetable,brussels_sprouts,brussels_sprouts,2/16/2018,0.73,kg
vegetable,pak_choi,pak_choi,2/16/2018,2.9,kg
vegetable,curly_kale,curly_kale,2/16/2018,2.08,kg
vegetable,cabbage,red,2/16/2018,0.37,kg
vegetable,cabbage,savoy,2/16/2018,0.43,head
vegetable,spring_greens,prepacked,2/16/2018,1.07,kg
vegetable,cabbage,white,2/16/2018,0.31,kg
vegetable,cabbage,round_green_other,2/16/2018,0.42,head
vegetable,carrots,topped_washed,2/16/2018,0.32,kg
vegetable,cauliflower,all,2/16/2018,0.86,head
vegetable,celeriac,celeriac,2/16/2018,0.6,kg
vegetable,leeks,trimmed,2/16/2018,0.86,kg
vegetable,lettuce,butterhead_indoor,2/16/2018,0.35,head
vegetable,lettuce,little_gem,2/16/2018,0.62,twin
vegetable,onion,bulb_brown,2/16/2018,0.3,kg
vegetable,onion,bulb_red,2/16/2018,0.44,kg
vegetable,swede,swede,2/16/2018,0.15,kg
vegetable,turnip,turnip,2/16/2018,0.78,kg
vegetable,parsnips,all_varieties,2/16/2018,0.77,kg
vegetable,rhubarb,forced,2/16/2018,2.91,kg
vegetable,watercress,pillow_packs,2/16/2018,9.93,kg
cut_flowers,alstromeria,indoor,2/16/2018,0.34,stem
cut_flowers,narcissus,indoor,2/16/2018,0.08,stem
cut_flowers,narcissus,outdoor,2/16/2018,0.04,stem
cut_flowers,tulips,tulips,2/16/2018,0.18,stem
pot_plants,cyclamen,13_cm,2/16/2018,1.5,unit
fruit,apples,bramleys_seedling,2/9/2018,0.78,kg
fruit,apples,coxs_orange_group,2/9/2018,0.8,kg
fruit,apples,egremont_russet,2/9/2018,1.02,kg
fruit,apples,braeburn,2/9/2018,0.79,kg
fruit,apples,gala,2/9/2018,0.82,kg
fruit,apples,other_late_season,2/9/2018,0.88,kg
fruit,pears,conference,2/9/2018,0.68,kg
fruit,pears,doyenne_du_comice,2/9/2018,0.81,kg
vegetable,beetroot,beetroot,2/9/2018,0.45,kg
vegetable,brussels_sprouts,brussels_sprouts,2/9/2018,0.69,kg
vegetable,pak_choi,pak_choi,2/9/2018,2.82,kg
vegetable,curly_kale,curly_kale,2/9/2018,1.8,kg
vegetable,cabbage,red,2/9/2018,0.38,kg
vegetable,cabbage,savoy,2/9/2018,0.42,head
vegetable,spring_greens,prepacked,2/9/2018,1.03,kg
vegetable,cabbage,white,2/9/2018,0.32,kg
vegetable,cabbage,round_green_other,2/9/2018,0.42,head
vegetable,carrots,topped_washed,2/9/2018,0.32,kg
vegetable,cauliflower,all,2/9/2018,0.86,head
vegetable,celeriac,celeriac,2/9/2018,0.71,kg
vegetable,leeks,trimmed,2/9/2018,0.84,kg
vegetable,lettuce,butterhead_indoor,2/9/2018,0.34,head
vegetable,lettuce,crisp_iceberg_type,2/9/2018,0.35,head
vegetable,lettuce,little_gem,2/9/2018,0.61,twin
vegetable,onion,bulb_brown,2/9/2018,0.37,kg
vegetable,onion,bulb_red,2/9/2018,0.5,kg
vegetable,swede,swede,2/9/2018,0.15,kg
vegetable,turnip,turnip,2/9/2018,0.7,kg
vegetable,parsnips,all_varieties,2/9/2018,0.82,kg
vegetable,rhubarb,forced,2/9/2018,3.54,kg
vegetable,watercress,pillow_packs,2/9/2018,10.42,kg
cut_flowers,alstromeria,indoor,2/9/2018,0.33,stem
cut_flowers,narcissus,indoor,2/9/2018,0.09,stem
cut_flowers,narcissus,outdoor,2/9/2018,0.04,stem
cut_flowers,tulips,tulips,2/9/2018,0.18,stem
pot_plants,cyclamen,13_cm,2/9/2018,1.5,unit
fruit,apples,bramleys_seedling,2/2/2018,0.79,kg
fruit,apples,coxs_orange_group,2/2/2018,0.77,kg
fruit,apples,egremont_russet,2/2/2018,0.83,kg
fruit,apples,braeburn,2/2/2018,0.75,kg
fruit,apples,gala,2/2/2018,0.74,kg
fruit,apples,other_late_season,2/2/2018,1.08,kg
fruit,pears,conference,2/2/2018,0.68,kg
fruit,pears,doyenne_du_comice,2/2/2018,0.98,kg
vegetable,beetroot,beetroot,2/2/2018,0.46,kg
vegetable,brussels_sprouts,brussels_sprouts,2/2/2018,0.68,kg
vegetable,pak_choi,pak_choi,2/2/2018,2.39,kg
vegetable,curly_kale,curly_kale,2/2/2018,2,kg
vegetable,cabbage,red,2/2/2018,0.35,kg
vegetable,cabbage,savoy,2/2/2018,0.41,head
vegetable,spring_greens,prepacked,2/2/2018,0.99,kg
vegetable,cabbage,white,2/2/2018,0.33,kg
vegetable,cabbage,round_green_other,2/2/2018,0.39,head
vegetable,carrots,topped_washed,2/2/2018,0.32,kg
vegetable,cauliflower,all,2/2/2018,0.67,head
vegetable,celeriac,celeriac,2/2/2018,0.7,kg
vegetable,leeks,trimmed,2/2/2018,0.93,kg
vegetable,lettuce,butterhead_indoor,2/2/2018,0.34,head
vegetable,lettuce,little_gem,2/2/2018,0.66,twin
vegetable,onion,bulb_brown,2/2/2018,0.32,kg
vegetable,onion,bulb_red,2/2/2018,0.48,kg
vegetable,swede,swede,2/2/2018,0.15,kg
vegetable,turnip,turnip,2/2/2018,0.73,kg
vegetable,parsnips,all_varieties,2/2/2018,0.83,kg
vegetable,rhubarb,forced,2/2/2018,3.65,kg
vegetable,watercress,pillow_packs,2/2/2018,11.29,kg
cut_flowers,alstromeria,indoor,2/2/2018,0.33,stem
cut_flowers,narcissus,indoor,2/2/2018,0.08,stem
cut_flowers,narcissus,outdoor,2/2/2018,0.03,stem
cut_flowers,tulips,tulips,2/2/2018,0.17,stem
pot_plants,cyclamen,13_cm,2/2/2018,1.5,unit
fruit,apples,bramleys_seedling,1/26/2018,0.78,kg
fruit,apples,coxs_orange_group,1/26/2018,0.76,kg
fruit,apples,egremont_russet,1/26/2018,0.88,kg
fruit,apples,braeburn,1/26/2018,0.7,kg
fruit,apples,gala,1/26/2018,0.78,kg
fruit,apples,other_late_season,1/26/2018,0.96,kg
fruit,pears,conference,1/26/2018,0.64,kg
fruit,pears,doyenne_du_comice,1/26/2018,0.9,kg
vegetable,beetroot,beetroot,1/26/2018,0.47,kg
vegetable,brussels_sprouts,brussels_sprouts,1/26/2018,0.68,kg
vegetable,pak_choi,pak_choi,1/26/2018,2.58,kg
vegetable,curly_kale,curly_kale,1/26/2018,2.1,kg
vegetable,cabbage,red,1/26/2018,0.35,kg
vegetable,cabbage,savoy,1/26/2018,0.4,head
vegetable,spring_greens,prepacked,1/26/2018,0.88,kg
vegetable,cabbage,white,1/26/2018,0.33,kg
vegetable,cabbage,round_green_other,1/26/2018,0.4,head
vegetable,carrots,topped_washed,1/26/2018,0.33,kg
vegetable,cauliflower,all,1/26/2018,0.72,head
vegetable,celeriac,celeriac,1/26/2018,0.65,kg
vegetable,leeks,trimmed,1/26/2018,0.95,kg
vegetable,lettuce,butterhead_indoor,1/26/2018,0.34,head
vegetable,lettuce,little_gem,1/26/2018,0.66,twin
vegetable,onion,bulb_brown,1/26/2018,0.29,kg
vegetable,onion,bulb_red,1/26/2018,0.46,kg
vegetable,swede,swede,1/26/2018,0.16,kg
vegetable,turnip,turnip,1/26/2018,0.87,kg
vegetable,parsnips,all_varieties,1/26/2018,0.84,kg
vegetable,rhubarb,forced,1/26/2018,3.51,kg
vegetable,watercress,pillow_packs,1/26/2018,11.9,kg
cut_flowers,alstromeria,indoor,1/26/2018,0.33,stem
cut_flowers,narcissus,indoor,1/26/2018,0.08,stem
cut_flowers,narcissus,outdoor,1/26/2018,0.03,stem
cut_flowers,tulips,tulips,1/26/2018,0.19,stem
pot_plants,cyclamen,13_cm,1/26/2018,1.5,unit
fruit,apples,bramleys_seedling,1/19/2018,0.83,kg
fruit,apples,coxs_orange_group,1/19/2018,0.78,kg
fruit,apples,egremont_russet,1/19/2018,1,kg
fruit,apples,braeburn,1/19/2018,0.77,kg
fruit,apples,gala,1/19/2018,0.8,kg
fruit,apples,other_late_season,1/19/2018,0.88,kg
fruit,pears,conference,1/19/2018,0.7,kg
fruit,pears,doyenne_du_comice,1/19/2018,0.88,kg
vegetable,beetroot,beetroot,1/19/2018,0.47,kg
vegetable,brussels_sprouts,brussels_sprouts,1/19/2018,0.68,kg
vegetable,pak_choi,pak_choi,1/19/2018,2.51,kg
vegetable,curly_kale,curly_kale,1/19/2018,1.99,kg
vegetable,cabbage,red,1/19/2018,0.38,kg
vegetable,cabbage,savoy,1/19/2018,0.38,head
vegetable,spring_greens,prepacked,1/19/2018,0.87,kg
vegetable,cabbage,white,1/19/2018,0.35,kg
vegetable,cabbage,round_green_other,1/19/2018,0.39,head
vegetable,carrots,topped_washed,1/19/2018,0.32,kg
vegetable,cauliflower,all,1/19/2018,0.8,head
vegetable,celeriac,celeriac,1/19/2018,0.75,kg
vegetable,leeks,trimmed,1/19/2018,0.96,kg
vegetable,lettuce,butterhead_indoor,1/19/2018,0.34,head
vegetable,lettuce,little_gem,1/19/2018,0.64,twin
vegetable,onion,bulb_brown,1/19/2018,0.36,kg
vegetable,onion,bulb_red,1/19/2018,0.45,kg
vegetable,swede,swede,1/19/2018,0.16,kg
vegetable,turnip,turnip,1/19/2018,0.75,kg
vegetable,parsnips,all_varieties,1/19/2018,0.82,kg
vegetable,rhubarb,forced,1/19/2018,3.99,kg
vegetable,watercress,pillow_packs,1/19/2018,11.08,kg
cut_flowers,alstromeria,indoor,1/19/2018,0.31,stem
cut_flowers,lillies,oriental,1/19/2018,0.83,stem
cut_flowers,narcissus,indoor,1/19/2018,0.06,stem
cut_flowers,narcissus,outdoor,1/19/2018,0.04,stem
cut_flowers,tulips,tulips,1/19/2018,0.18,stem
pot_plants,cyclamen,13_cm,1/19/2018,1.5,unit
fruit,apples,bramleys_seedling,1/12/2018,0.79,kg
fruit,apples,coxs_orange_group,1/12/2018,0.82,kg
fruit,apples,egremont_russet,1/12/2018,1,kg
fruit,apples,braeburn,1/12/2018,0.78,kg
fruit,apples,gala,1/12/2018,0.79,kg
fruit,apples,other_late_season,1/12/2018,0.81,kg
fruit,pears,conference,1/12/2018,0.6,kg
fruit,pears,doyenne_du_comice,1/12/2018,0.61,kg
fruit,pears,other,1/12/2018,0.22,kg
vegetable,beetroot,beetroot,1/12/2018,0.46,kg
vegetable,brussels_sprouts,brussels_sprouts,1/12/2018,0.66,kg
vegetable,pak_choi,pak_choi,1/12/2018,2.36,kg
vegetable,curly_kale,curly_kale,1/12/2018,2.01,kg
vegetable,cabbage,red,1/12/2018,0.38,kg
vegetable,cabbage,savoy,1/12/2018,0.38,head
vegetable,spring_greens,prepacked,1/12/2018,0.93,kg
vegetable,cabbage,summer_autumn_pointed,1/12/2018,0.8,kg
vegetable,cabbage,white,1/12/2018,0.32,kg
vegetable,cabbage,round_green_other,1/12/2018,0.38,head
vegetable,carrots,topped_washed,1/12/2018,0.33,kg
vegetable,cauliflower,all,1/12/2018,0.76,head
vegetable,celeriac,celeriac,1/12/2018,0.86,kg
vegetable,leeks,trimmed,1/12/2018,0.92,kg
vegetable,lettuce,butterhead_indoor,1/12/2018,0.34,head
vegetable,lettuce,little_gem,1/12/2018,0.6,twin
vegetable,onion,bulb_brown,1/12/2018,0.35,kg
vegetable,onion,bulb_red,1/12/2018,0.47,kg
vegetable,swede,swede,1/12/2018,0.15,kg
vegetable,turnip,turnip,1/12/2018,0.77,kg
vegetable,parsnips,all_varieties,1/12/2018,0.82,kg
vegetable,watercress,pillow_packs,1/12/2018,11.09,kg
cut_flowers,alstromeria,indoor,1/12/2018,0.29,stem
cut_flowers,lillies,oriental,1/12/2018,0.83,stem
cut_flowers,narcissus,indoor,1/12/2018,0.06,stem
cut_flowers,narcissus,outdoor,1/12/2018,0.05,stem
cut_flowers,tulips,tulips,1/12/2018,0.19,stem
fruit,apples,bramleys_seedling,12/22/2017,0.75,kg
fruit,apples,coxs_orange_group,12/22/2017,0.78,kg
fruit,apples,egremont_russet,12/22/2017,0.86,kg
fruit,apples,braeburn,12/22/2017,0.71,kg
fruit,apples,gala,12/22/2017,0.78,kg
fruit,apples,other_late_season,12/22/2017,0.88,kg
fruit,pears,conference,12/22/2017,0.64,kg
fruit,pears,doyenne_du_comice,12/22/2017,0.75,kg
fruit,pears,other,12/22/2017,0.58,kg
vegetable,beetroot,beetroot,12/22/2017,0.46,kg
vegetable,brussels_sprouts,brussels_sprouts,12/22/2017,0.69,kg
vegetable,pak_choi,pak_choi,12/22/2017,2.48,kg
vegetable,curly_kale,curly_kale,12/22/2017,2.1,kg
vegetable,cabbage,red,12/22/2017,0.38,kg
vegetable,cabbage,savoy,12/22/2017,0.42,head
vegetable,spring_greens,prepacked,12/22/2017,0.93,kg
vegetable,cabbage,summer_autumn_pointed,12/22/2017,0.48,kg
vegetable,cabbage,white,12/22/2017,0.34,kg
vegetable,cabbage,round_green_other,12/22/2017,0.37,head
vegetable,carrots,topped_washed,12/22/2017,0.31,kg
vegetable,cauliflower,all,12/22/2017,0.87,head
vegetable,celery,all_washed,12/22/2017,0.68,kg
vegetable,celeriac,celeriac,12/22/2017,0.86,kg
vegetable,leeks,trimmed,12/22/2017,0.92,kg
vegetable,lettuce,butterhead_indoor,12/22/2017,0.33,head
vegetable,lettuce,little_gem,12/22/2017,0.56,twin
vegetable,onion,bulb_brown,12/22/2017,0.37,kg
vegetable,onion,bulb_red,12/22/2017,0.47,kg
vegetable,swede,swede,12/22/2017,0.16,kg
vegetable,turnip,turnip,12/22/2017,0.8,kg
vegetable,parsnips,all_varieties,12/22/2017,0.83,kg
vegetable,watercress,pillow_packs,12/22/2017,10.82,kg
cut_flowers,alstromeria,indoor,12/22/2017,0.27,stem
cut_flowers,chrysanthemum,indoor_spray,12/22/2017,0.2,stem
cut_flowers,lillies,oriental,12/22/2017,0.77,stem
cut_flowers,narcissus,indoor,12/22/2017,0.08,stem
cut_flowers,tulips,tulips,12/22/2017,0.24,stem
pot_plants,cyclamen,13_cm,12/22/2017,1.5,unit
pot_plants,poinsettia,13_cm,12/22/2017,2.13,unit
fruit,apples,bramleys_seedling,12/15/2017,0.72,kg
fruit,apples,coxs_orange_group,12/15/2017,0.77,kg
fruit,apples,egremont_russet,12/15/2017,0.87,kg
fruit,apples,braeburn,12/15/2017,0.7,kg
fruit,apples,gala,12/15/2017,0.8,kg
fruit,apples,other_late_season,12/15/2017,0.92,kg
fruit,pears,conference,12/15/2017,0.63,kg
fruit,pears,doyenne_du_comice,12/15/2017,0.78,kg
vegetable,beetroot,beetroot,12/15/2017,0.47,kg
vegetable,brussels_sprouts,brussels_sprouts,12/15/2017,0.7,kg
vegetable,pak_choi,pak_choi,12/15/2017,2.41,kg
vegetable,curly_kale,curly_kale,12/15/2017,1.92,kg
vegetable,cabbage,red,12/15/2017,0.37,kg
vegetable,cabbage,savoy,12/15/2017,0.42,head
vegetable,spring_greens,prepacked,12/15/2017,0.91,kg
vegetable,cabbage,summer_autumn_pointed,12/15/2017,0.53,kg
vegetable,cabbage,white,12/15/2017,0.35,kg
vegetable,cabbage,round_green_other,12/15/2017,0.38,head
vegetable,carrots,topped_washed,12/15/2017,0.32,kg
vegetable,cauliflower,all,12/15/2017,0.75,head
vegetable,celery,all_washed,12/15/2017,0.72,kg
vegetable,celeriac,celeriac,12/15/2017,0.84,kg
vegetable,coriander,coriander,12/15/2017,5,kg
vegetable,leeks,trimmed,12/15/2017,0.92,kg
vegetable,lettuce,butterhead_indoor,12/15/2017,0.33,head
vegetable,lettuce,little_gem,12/15/2017,0.53,twin
vegetable,onion,bulb_brown,12/15/2017,0.35,kg
vegetable,onion,bulb_red,12/15/2017,0.51,kg
vegetable,swede,swede,12/15/2017,0.16,kg
vegetable,turnip,turnip,12/15/2017,0.78,kg
vegetable,parsnips,all_varieties,12/15/2017,0.84,kg
vegetable,spinach_leaf,loose_bunches,12/15/2017,1.05,kg
vegetable,watercress,pillow_packs,12/15/2017,11.01,kg
cut_flowers,alstromeria,indoor,12/15/2017,0.28,stem
cut_flowers,lillies,oriental,12/15/2017,0.71,stem
cut_flowers,narcissus,indoor,12/15/2017,0.07,stem
cut_flowers,tulips,tulips,12/15/2017,0.24,stem
pot_plants,cyclamen,13_cm,12/15/2017,1.5,unit
pot_plants,poinsettia,13_cm,12/15/2017,1.88,unit
fruit,apples,bramleys_seedling,12/8/2017,0.77,kg
fruit,apples,coxs_orange_group,12/8/2017,0.71,kg
fruit,apples,egremont_russet,12/8/2017,0.84,kg
fruit,apples,braeburn,12/8/2017,0.71,kg
fruit,apples,gala,12/8/2017,0.81,kg
fruit,apples,other_late_season,12/8/2017,0.94,kg
fruit,pears,conference,12/8/2017,0.66,kg
fruit,pears,doyenne_du_comice,12/8/2017,0.75,kg
vegetable,beetroot,beetroot,12/8/2017,0.48,kg
vegetable,brussels_sprouts,brussels_sprouts,12/8/2017,0.68,kg
vegetable,pak_choi,pak_choi,12/8/2017,2.42,kg
vegetable,curly_kale,curly_kale,12/8/2017,1.91,kg
vegetable,cabbage,red,12/8/2017,0.37,kg
vegetable,cabbage,savoy,12/8/2017,0.42,head
vegetable,spring_greens,prepacked,12/8/2017,0.97,kg
vegetable,cabbage,summer_autumn_pointed,12/8/2017,0.53,kg
vegetable,cabbage,white,12/8/2017,0.34,kg
vegetable,cabbage,round_green_other,12/8/2017,0.38,head
vegetable,calabrese,calabrese,12/8/2017,1.32,kg
vegetable,capsicum,green,12/8/2017,0.6,kg
vegetable,capsicum,red,12/8/2017,0.6,kg
vegetable,carrots,topped_washed,12/8/2017,0.32,kg
vegetable,cauliflower,all,12/8/2017,0.66,head
vegetable,celery,all_washed,12/8/2017,0.65,kg
vegetable,celeriac,celeriac,12/8/2017,0.83,kg
vegetable,coriander,coriander,12/8/2017,3.34,kg
vegetable,leeks,trimmed,12/8/2017,0.95,kg
vegetable,lettuce,butterhead_indoor,12/8/2017,0.33,head
vegetable,lettuce,little_gem,12/8/2017,0.53,twin
vegetable,onion,bulb_brown,12/8/2017,0.34,kg
vegetable,onion,bulb_red,12/8/2017,0.46,kg
vegetable,swede,swede,12/8/2017,0.16,kg
vegetable,turnip,turnip,12/8/2017,0.8,kg
vegetable,parsnips,all_varieties,12/8/2017,0.83,kg
vegetable,spinach_leaf,loose_bunches,12/8/2017,1.05,kg
vegetable,tomatoes,cherry,12/8/2017,1.1,kg
vegetable,watercress,pillow_packs,12/8/2017,11.44,kg
cut_flowers,alstromeria,indoor,12/8/2017,0.28,stem
cut_flowers,lillies,oriental,12/8/2017,0.77,stem
cut_flowers,narcissus,indoor,12/8/2017,0.07,stem
cut_flowers,stocks,stocks,12/8/2017,0.4,stem
pot_plants,cyclamen,13_cm,12/8/2017,1.5,unit
pot_plants,poinsettia,13_cm,12/8/2017,2,unit
fruit,apples,bramleys_seedling,12/1/2017,0.78,kg
fruit,apples,coxs_orange_group,12/1/2017,0.75,kg
fruit,apples,egremont_russet,12/1/2017,0.86,kg
fruit,apples,braeburn,12/1/2017,0.72,kg
fruit,apples,gala,12/1/2017,0.8,kg
fruit,apples,other_late_season,12/1/2017,0.8,kg
fruit,pears,conference,12/1/2017,0.66,kg
fruit,pears,doyenne_du_comice,12/1/2017,0.68,kg
vegetable,beetroot,beetroot,12/1/2017,0.49,kg
vegetable,brussels_sprouts,brussels_sprouts,12/1/2017,0.68,kg
vegetable,pak_choi,pak_choi,12/1/2017,2.37,kg
vegetable,curly_kale,curly_kale,12/1/2017,1.77,kg
vegetable,cabbage,red,12/1/2017,0.39,kg
vegetable,cabbage,savoy,12/1/2017,0.4,head
vegetable,spring_greens,prepacked,12/1/2017,1.27,kg
vegetable,cabbage,summer_autumn_pointed,12/1/2017,0.53,kg
vegetable,cabbage,white,12/1/2017,0.34,kg
vegetable,cabbage,round_green_other,12/1/2017,0.4,head
vegetable,calabrese,calabrese,12/1/2017,1.32,kg
vegetable,capsicum,green,12/1/2017,0.6,kg
vegetable,capsicum,red,12/1/2017,0.6,kg
vegetable,carrots,topped_washed,12/1/2017,0.32,kg
vegetable,cauliflower,all,12/1/2017,0.57,head
vegetable,celery,all_washed,12/1/2017,0.61,kg
vegetable,celeriac,celeriac,12/1/2017,0.86,kg
vegetable,coriander,coriander,12/1/2017,3.34,kg
vegetable,leeks,trimmed,12/1/2017,0.94,kg
vegetable,lettuce,butterhead_indoor,12/1/2017,0.33,head
vegetable,lettuce,little_gem,12/1/2017,0.53,twin
vegetable,onion,bulb_brown,12/1/2017,0.36,kg
vegetable,onion,bulb_red,12/1/2017,0.52,kg
vegetable,onion,saladspring,12/1/2017,0.15,kg
vegetable,swede,swede,12/1/2017,0.16,kg
vegetable,turnip,turnip,12/1/2017,0.79,kg
vegetable,parsnips,all_varieties,12/1/2017,0.84,kg
vegetable,spinach_leaf,loose_bunches,12/1/2017,1.05,kg
vegetable,tomatoes,round,12/1/2017,0.69,kg
vegetable,tomatoes,vine,12/1/2017,1,kg
vegetable,tomatoes,cherry,12/1/2017,1,kg
vegetable,tomatoes,plum,12/1/2017,1.12,kg
vegetable,watercress,pillow_packs,12/1/2017,11.1,kg
cut_flowers,alstromeria,indoor,12/1/2017,0.29,stem
cut_flowers,chrysanthemum,indoor_spray,12/1/2017,0.21,stem
cut_flowers,lillies,oriental,12/1/2017,0.84,stem
cut_flowers,narcissus,indoor,12/1/2017,0.05,stem
cut_flowers,stocks,stocks,12/1/2017,0.4,stem
pot_plants,cyclamen,13_cm,12/1/2017,1.5,unit
fruit,apples,bramleys_seedling,11/24/2017,0.74,kg
fruit,apples,coxs_orange_group,11/24/2017,0.71,kg
fruit,apples,egremont_russet,11/24/2017,0.84,kg
fruit,apples,braeburn,11/24/2017,0.7,kg
fruit,apples,gala,11/24/2017,0.77,kg
fruit,apples,other_mid_season,11/24/2017,0.78,kg
fruit,apples,other_late_season,11/24/2017,0.64,kg
fruit,pears,conference,11/24/2017,0.71,kg
fruit,pears,doyenne_du_comice,11/24/2017,0.78,kg
fruit,pears,other,11/24/2017,0.23,kg
vegetable,beetroot,beetroot,11/24/2017,0.5,kg
vegetable,brussels_sprouts,brussels_sprouts,11/24/2017,0.68,kg
vegetable,pak_choi,pak_choi,11/24/2017,2.4,kg
vegetable,curly_kale,curly_kale,11/24/2017,1.79,kg
vegetable,cabbage,red,11/24/2017,0.38,kg
vegetable,cabbage,savoy,11/24/2017,0.4,head
vegetable,spring_greens,prepacked,11/24/2017,1.06,kg
vegetable,cabbage,summer_autumn_pointed,11/24/2017,0.54,kg
vegetable,cabbage,white,11/24/2017,0.36,kg
vegetable,cabbage,round_green_other,11/24/2017,0.41,head
vegetable,calabrese,calabrese,11/24/2017,1.13,kg
vegetable,capsicum,green,11/24/2017,0.57,kg
vegetable,capsicum,red,11/24/2017,0.6,kg
vegetable,capsicum,yelloworange,11/24/2017,0.6,kg
vegetable,carrots,topped_washed,11/24/2017,0.32,kg
vegetable,cauliflower,all,11/24/2017,0.54,head
vegetable,celery,all_washed,11/24/2017,0.61,kg
vegetable,celeriac,celeriac,11/24/2017,0.9,kg
vegetable,coriander,coriander,11/24/2017,3.17,kg
vegetable,leeks,trimmed,11/24/2017,0.93,kg
vegetable,lettuce,butterhead_indoor,11/24/2017,0.33,head
vegetable,lettuce,little_gem,11/24/2017,0.53,twin
vegetable,onion,bulb_brown,11/24/2017,0.35,kg
vegetable,onion,bulb_red,11/24/2017,0.52,kg
vegetable,swede,swede,11/24/2017,0.16,kg
vegetable,turnip,turnip,11/24/2017,0.79,kg
vegetable,parsnips,all_varieties,11/24/2017,0.82,kg
vegetable,spinach_leaf,loose_bunches,11/24/2017,1.05,kg
vegetable,tomatoes,round,11/24/2017,0.77,kg
vegetable,tomatoes,vine,11/24/2017,0.89,kg
vegetable,tomatoes,cherry,11/24/2017,0.75,kg
vegetable,tomatoes,plum,11/24/2017,0.8,kg
vegetable,watercress,pillow_packs,11/24/2017,10.75,kg
cut_flowers,alstromeria,indoor,11/24/2017,0.28,stem
cut_flowers,chrysanthemum,indoor_spray,11/24/2017,0.2,stem
cut_flowers,lillies,oriental,11/24/2017,0.82,stem
cut_flowers,narcissus,indoor,11/24/2017,0.06,stem
cut_flowers,stocks,stocks,11/24/2017,0.4,stem
pot_plants,cyclamen,13_cm,11/24/2017,1.5,unit
fruit,apples,bramleys_seedling,11/17/2017,0.73,kg
fruit,apples,coxs_orange_group,11/17/2017,0.75,kg
fruit,apples,egremont_russet,11/17/2017,0.82,kg
fruit,apples,braeburn,11/17/2017,0.69,kg
fruit,apples,gala,11/17/2017,0.72,kg
fruit,apples,other_mid_season,11/17/2017,0.75,kg
fruit,pears,conference,11/17/2017,0.65,kg
fruit,pears,doyenne_du_comice,11/17/2017,0.69,kg
fruit,pears,other,11/17/2017,0.39,kg
fruit,strawberries,strawberries,11/17/2017,1.3,kg
vegetable,beetroot,beetroot,11/17/2017,0.5,kg
vegetable,brussels_sprouts,brussels_sprouts,11/17/2017,0.67,kg
vegetable,pak_choi,pak_choi,11/17/2017,2.32,kg
vegetable,curly_kale,curly_kale,11/17/2017,1.72,kg
vegetable,cabbage,red,11/17/2017,0.36,kg
vegetable,cabbage,savoy,11/17/2017,0.4,head
vegetable,spring_greens,prepacked,11/17/2017,1.02,kg
vegetable,cabbage,summer_autumn_pointed,11/17/2017,0.54,kg
vegetable,cabbage,white,11/17/2017,0.34,kg
vegetable,cabbage,round_green_other,11/17/2017,0.41,head
vegetable,calabrese,calabrese,11/17/2017,1.25,kg
vegetable,capsicum,green,11/17/2017,0.55,kg
vegetable,carrots,topped_washed,11/17/2017,0.33,kg
vegetable,cauliflower,all,11/17/2017,0.55,head
vegetable,celery,all_washed,11/17/2017,0.61,kg
vegetable,celeriac,celeriac,11/17/2017,0.89,kg
vegetable,coriander,coriander,11/17/2017,2.89,kg
vegetable,courgettes,courgettes,11/17/2017,1.21,kg
vegetable,cucumbers,cucumbers,11/17/2017,0.66,kg
vegetable,leeks,trimmed,11/17/2017,0.9,kg
vegetable,lettuce,butterhead_indoor,11/17/2017,0.34,head
vegetable,lettuce,cos,11/17/2017,0.46,head
vegetable,lettuce,crisp_iceberg_type,11/17/2017,0.5,head
vegetable,lettuce,little_gem,11/17/2017,0.53,twin
vegetable,mixed_babyleaf_salad,pillow_pack,11/17/2017,4.3,kg
vegetable,onion,bulb_brown,11/17/2017,0.33,kg
vegetable,onion,bulb_red,11/17/2017,0.5,kg
vegetable,swede,swede,11/17/2017,0.16,kg
vegetable,turnip,turnip,11/17/2017,0.78,kg
vegetable,parsnips,all_varieties,11/17/2017,0.81,kg
vegetable,spinach_leaf,loose_bunches,11/17/2017,1.05,kg
vegetable,tomatoes,round,11/17/2017,0.81,kg
vegetable,tomatoes,vine,11/17/2017,1.37,kg
vegetable,tomatoes,cherry,11/17/2017,0.6,kg
vegetable,tomatoes,plum,11/17/2017,0.6,kg
vegetable,watercress,pillow_packs,11/17/2017,10.75,kg
cut_flowers,alstromeria,indoor,11/17/2017,0.27,stem
cut_flowers,chrysanthemum,indoor_spray,11/17/2017,0.2,stem
cut_flowers,lillies,oriental,11/17/2017,0.81,stem
cut_flowers,narcissus,indoor,11/17/2017,0.07,stem
pot_plants,cyclamen,13_cm,11/17/2017,0.57,unit
fruit,apples,bramleys_seedling,11/10/2017,0.78,kg
fruit,apples,coxs_orange_group,11/10/2017,0.72,kg
fruit,apples,egremont_russet,11/10/2017,0.78,kg
fruit,apples,braeburn,11/10/2017,0.61,kg
fruit,apples,gala,11/10/2017,0.68,kg
fruit,apples,other_mid_season,11/10/2017,0.81,kg
fruit,apples,other_late_season,11/10/2017,0.75,kg
fruit,pears,conference,11/10/2017,0.68,kg
fruit,pears,doyenne_du_comice,11/10/2017,0.75,kg
fruit,pears,other,11/10/2017,0.44,kg
vegetable,beetroot,beetroot,11/10/2017,0.5,kg
vegetable,brussels_sprouts,brussels_sprouts,11/10/2017,0.67,kg
vegetable,pak_choi,pak_choi,11/10/2017,1.63,kg
vegetable,curly_kale,curly_kale,11/10/2017,1.68,kg
vegetable,cabbage,red,11/10/2017,0.37,kg
vegetable,cabbage,savoy,11/10/2017,0.39,head
vegetable,spring_greens,prepacked,11/10/2017,1.12,kg
vegetable,cabbage,summer_autumn_pointed,11/10/2017,0.49,kg
vegetable,cabbage,white,11/10/2017,0.37,kg
vegetable,cabbage,round_green_other,11/10/2017,0.4,head
vegetable,calabrese,calabrese,11/10/2017,1.06,kg
vegetable,capsicum,green,11/10/2017,0.58,kg
vegetable,capsicum,red,11/10/2017,0.8,kg
vegetable,carrots,topped_washed,11/10/2017,0.32,kg
vegetable,cauliflower,all,11/10/2017,0.54,head
vegetable,celery,all_washed,11/10/2017,0.55,kg
vegetable,celeriac,celeriac,11/10/2017,0.83,kg
vegetable,coriander,coriander,11/10/2017,2.6,kg
vegetable,courgettes,courgettes,11/10/2017,1.1,kg
vegetable,cucumbers,cucumbers,11/10/2017,0.59,kg
vegetable,leeks,trimmed,11/10/2017,0.93,kg
vegetable,lettuce,butterhead_indoor,11/10/2017,0.34,head
vegetable,lettuce,cos,11/10/2017,0.52,head
vegetable,lettuce,crisp_iceberg_type,11/10/2017,0.35,head
vegetable,lettuce,little_gem,11/10/2017,0.51,twin
vegetable,mixed_babyleaf_salad,pillow_pack,11/10/2017,4.28,kg
vegetable,onion,bulb_brown,11/10/2017,0.34,kg
vegetable,onion,bulb_red,11/10/2017,0.52,kg
vegetable,onion,saladspring,11/10/2017,0.28,kg
vegetable,swede,swede,11/10/2017,0.16,kg
vegetable,turnip,turnip,11/10/2017,0.85,kg
vegetable,parsnips,all_varieties,11/10/2017,0.81,kg
vegetable,spinach_leaf,loose_bunches,11/10/2017,0.95,kg
vegetable,tomatoes,round,11/10/2017,0.95,kg
vegetable,tomatoes,vine,11/10/2017,1.6,kg
vegetable,tomatoes,cherry,11/10/2017,1.16,kg
vegetable,watercress,pillow_packs,11/10/2017,10.14,kg
cut_flowers,alstromeria,indoor,11/10/2017,0.26,stem
cut_flowers,chrysanthemum,indoor_spray,11/10/2017,0.2,stem
cut_flowers,lillies,oriental,11/10/2017,0.76,stem
cut_flowers,narcissus,indoor,11/10/2017,0.06,stem
cut_flowers,narcissus,outdoor,11/10/2017,0.06,stem
pot_plants,cyclamen,13_cm,11/10/2017,0.55,unit
fruit,apples,bramleys_seedling,11/3/2017,0.73,kg
fruit,apples,coxs_orange_group,11/3/2017,0.75,kg
fruit,apples,egremont_russet,11/3/2017,0.82,kg
fruit,apples,braeburn,11/3/2017,0.64,kg
fruit,apples,gala,11/3/2017,0.79,kg
fruit,apples,other_mid_season,11/3/2017,0.76,kg
fruit,apples,other_late_season,11/3/2017,0.75,kg
fruit,pears,conference,11/3/2017,0.7,kg
fruit,pears,doyenne_du_comice,11/3/2017,0.78,kg
fruit,pears,other,11/3/2017,0.54,kg
fruit,raspberries,raspberries,11/3/2017,11,kg
fruit,strawberries,strawberries,11/3/2017,2.45,kg
vegetable,beetroot,beetroot,11/3/2017,0.47,kg
vegetable,brussels_sprouts,brussels_sprouts,11/3/2017,0.68,kg
vegetable,pak_choi,pak_choi,11/3/2017,2.59,kg
vegetable,curly_kale,curly_kale,11/3/2017,1.5,kg
vegetable,cabbage,red,11/3/2017,0.42,kg
vegetable,cabbage,savoy,11/3/2017,0.4,head
vegetable,spring_greens,prepacked,11/3/2017,1.19,kg
vegetable,cabbage,summer_autumn_pointed,11/3/2017,0.49,kg
vegetable,cabbage,white,11/3/2017,0.34,kg
vegetable,cabbage,round_green_other,11/3/2017,0.39,head
vegetable,calabrese,calabrese,11/3/2017,1.07,kg
vegetable,capsicum,green,11/3/2017,0.62,kg
vegetable,capsicum,red,11/3/2017,0.8,kg
vegetable,carrots,topped_washed,11/3/2017,0.32,kg
vegetable,cauliflower,all,11/3/2017,0.53,head
vegetable,celery,all_washed,11/3/2017,0.57,kg
vegetable,celeriac,celeriac,11/3/2017,0.88,kg
vegetable,coriander,coriander,11/3/2017,2.21,kg
vegetable,courgettes,courgettes,11/3/2017,1.27,kg
vegetable,leeks,trimmed,11/3/2017,0.9,kg
vegetable,lettuce,butterhead_indoor,11/3/2017,0.33,head
vegetable,lettuce,cos,11/3/2017,0.53,head
vegetable,lettuce,crisp_iceberg_type,11/3/2017,0.38,head
vegetable,lettuce,little_gem,11/3/2017,0.55,twin
vegetable,rocket,rocket,11/3/2017,4.28,kg
vegetable,mixed_babyleaf_salad,pillow_pack,11/3/2017,2.95,kg
vegetable,onion,bulb_brown,11/3/2017,0.34,kg
vegetable,onion,bulb_red,11/3/2017,0.49,kg
vegetable,onion,saladspring,11/3/2017,0.28,kg
vegetable,swede,swede,11/3/2017,0.18,kg
vegetable,turnip,turnip,11/3/2017,0.85,kg
vegetable,parsnips,all_varieties,11/3/2017,1.23,kg
vegetable,spinach_leaf,loose_bunches,11/3/2017,0.76,kg
vegetable,sweetcorn,sweetcorn,11/3/2017,0.18,head
vegetable,tomatoes,round,11/3/2017,0.97,kg
vegetable,tomatoes,vine,11/3/2017,1.54,kg
vegetable,watercress,pillow_packs,11/3/2017,8.04,kg
cut_flowers,alstromeria,indoor,11/3/2017,0.27,stem
cut_flowers,chrysanthemum,indoor_spray,11/3/2017,0.22,stem
cut_flowers,lillies,oriental,11/3/2017,0.7,stem
cut_flowers,narcissus,indoor,11/3/2017,0.06,stem
pot_plants,cyclamen,13_cm,11/3/2017,0.75,unit
